image_id,relative_path,filename,class_label,sha256,width,height,mode,file_size,split
PHYTO_RAW_0001,Dataset of groundnut plant leaf images for classification and detection/Raw_Data/early_leaf_spot/IMG_0325.JPG,IMG_0325.JPG,early_leaf_spot,0398db345d9b11c9cdf0de8408a71860d8093ca9524c3950814c0517c5c564ba,1200,800,RGB,300411,train
PHYTO_RAW_0002,Dataset of groundnut plant leaf images for classification and detection/Raw_Data/early_leaf_spot/IMG_0326.JPG,IMG_0326.JPG,early_leaf_spot,a54b31edbfd6972dead15888fa237b66518dadb0c1c1a36c647d273b502d6856,1200,800,RGB,292726,test
PHYTO_RAW_0003,Dataset of groundnut plant leaf images for classification and detection/Raw_Data/early_leaf_spot/IMG_0327.JPG,IMG_0327.JPG,early_leaf_spot,dd6a9f3eda7ad89d99da0e6be2261ca407b4b67e92fdcceed766d938ef024af1,1200,800,RGB,364346,train
PHYTO_RAW_0004,Dataset of groundnut plant leaf images for classification and detection/Raw_Data/early_leaf_spot/IMG_0328.JPG,IMG_0328.JPG,early_leaf_spot,926407a9ac9b8198d9818ba345caec7bda052b95e4a032083be666c212adeb6e,1200,800,RGB,284360,train
PHYTO_RAW_0005,Dataset of groundnut plant leaf images for classification and detection/Raw_Data/early_leaf_spot/IMG_0329.JPG,IMG_0329.JPG,early_leaf_spot,ff205009aac97fbe8791d0feaccafbf35cd137cc1d94fff806e9c28c7879cf9e,1200,800,RGB,284583,validation
PHYTO_RAW_0006,Dataset of groundnut plant leaf images for classification and detection/Raw_Data/early_leaf_spot/IMG_0330.JPG,IMG_0330.JPG,early_leaf_spot,875310c8369734d5bb251c3538d658dd3f67dcc7f3dd5e4f65ac6c7f453249f4,1200,800,RGB,300082,train
PHYTO_RAW_0007,Dataset of groundnut plant leaf images for classification and detection/Raw_Data/early_leaf_spot/IMG_0331.JPG,IMG_0331.JPG,early_leaf_spot,15cbde3558712a2ac685f7c1f97019411a10c0dd0995328c487652686d3fb8ad,1200,800,RGB,300912,train
PHYTO_RAW_0008,Dataset of groundnut plant leaf images for classification and detection/Raw_Data/early_leaf_spot/IMG_0332.JPG,IMG_0332.JPG,early_leaf_spot,8edba9feded471518e8baa7e62f49ca0b28eb4b0100e21e80aabc150ef5f68c0,1200,800,RGB,256227,train
PHYTO_RAW_0009,Dataset of groundnut plant leaf images for classification and detection/Raw_Data/early_leaf_spot/IMG_0333.JPG,IMG_0333.JPG,early_leaf_spot,e3588f5af6360c45121d2c6e927cd8162b29a3f742d927c5c1f9fc54f0a1f1e1,1200,800,RGB,253125,train
PHYTO_RAW_0010,Dataset of groundnut plant leaf images for classification and detection/Raw_Data/early_leaf_spot/IMG_0367.JPG,IMG_0367.JPG,early_leaf_spot,b4d1333d4f03e587b7a726d005a0dc350b5004776f8d8c135a50c3132a60bfd1,1200,800,RGB,290103,train
PHYTO_RAW_0011,Dataset of groundnut plant leaf images for classification and detection/Raw_Data/early_leaf_spot/IMG_0368.JPG,IMG_0368.JPG,early_leaf_spot,2c9ed9b1f8697fb43e85f86714df9c728ad2ef70783d766d422efa8879b1a0d5,1200,800,RGB,511489,train
PHYTO_RAW_0012,Dataset of groundnut plant leaf images for classification and detection/Raw_Data/early_leaf_spot/IMG_0369.JPG,IMG_0369.JPG,early_leaf_spot,4cbea7fd7ead136b07a51f057da278b809643ee64d8919db6b6bae89b5d87daa,1200,800,RGB,345869,train
PHYTO_RAW_0013,Dataset of groundnut plant leaf images for classification and detection/Raw_Data/early_leaf_spot/IMG_0370.JPG,IMG_0370.JPG,early_leaf_spot,61aa3c5351e9185faa1a652699230a5b21002a6d4916d00f747f56f3b58046b7,1200,800,RGB,283510,train
PHYTO_RAW_0014,Dataset of groundnut plant leaf images for classification and detection/Raw_Data/early_leaf_spot/IMG_0371.JPG,IMG_0371.JPG,early_leaf_spot,7ce6b477fc04710613654be68ff02da2470c9aba12f91c64c73034147cee7f40,1200,800,RGB,270764,test
PHYTO_RAW_0015,Dataset of groundnut plant leaf images for classification and detection/Raw_Data/early_leaf_spot/IMG_0372.JPG,IMG_0372.JPG,early_leaf_spot,9a2846a2a122c57bd9d374688ee6b8a34cbadaf877787388c95b6f233ce9388e,1200,800,RGB,277031,test
PHYTO_RAW_0016,Dataset of groundnut plant leaf images for classification and detection/Raw_Data/early_leaf_spot/IMG_0695.JPG,IMG_0695.JPG,early_leaf_spot,71f289117826b6cb6a9c74b18fccbf39d96c562985c86deb2830f43e9b2420c1,1200,800,RGB,375204,train
PHYTO_RAW_0017,Dataset of groundnut plant leaf images for classification and detection/Raw_Data/early_leaf_spot/IMG_0696.JPG,IMG_0696.JPG,early_leaf_spot,1d42ccd444d3870b465b6509deff3eab8a158cdc8c4008fe0cc497e85c73975f,1200,800,RGB,254697,train
PHYTO_RAW_0018,Dataset of groundnut plant leaf images for classification and detection/Raw_Data/early_leaf_spot/IMG_0697.JPG,IMG_0697.JPG,early_leaf_spot,9087f77d1add5439cf36908b5c187b5fc9f9cc44f6bb4b03583e7b0f6feb0e53,1200,800,RGB,262338,train
PHYTO_RAW_0019,Dataset of groundnut plant leaf images for classification and detection/Raw_Data/early_leaf_spot/IMG_0698.JPG,IMG_0698.JPG,early_leaf_spot,9c928dce4312fb846e71c0291ade63edac95e4cfd2e45ef6cd77c3e7f22a05d0,1200,800,RGB,276648,train
PHYTO_RAW_0020,Dataset of groundnut plant leaf images for classification and detection/Raw_Data/early_leaf_spot/IMG_0699.JPG,IMG_0699.JPG,early_leaf_spot,17722b1b105b35b8462ee6fc2565ea1743c9830db8d616bf76b754c33f16ea5d,1200,800,RGB,241878,train
PHYTO_RAW_0021,Dataset of groundnut plant leaf images for classification and detection/Raw_Data/early_leaf_spot/IMG_0700.JPG,IMG_0700.JPG,early_leaf_spot,01c99ad5761a893d71bb0287933d80fa4c611a5ff95661e00b71276f8faedb19,1200,800,RGB,295655,test
PHYTO_RAW_0022,Dataset of groundnut plant leaf images for classification and detection/Raw_Data/early_leaf_spot/IMG_0701.JPG,IMG_0701.JPG,early_leaf_spot,a40570622c0bcc1a076b3d149fb8eacce0d6023d2da091bbac8bb1d8435dfc9b,1200,800,RGB,243238,test
PHYTO_RAW_0023,Dataset of groundnut plant leaf images for classification and detection/Raw_Data/early_leaf_spot/IMG_0702.JPG,IMG_0702.JPG,early_leaf_spot,36ef587075ab276ab4843584d0b79861c3b77175eeeaac562cf6f2990a7c69ce,1200,800,RGB,273461,train
PHYTO_RAW_0024,Dataset of groundnut plant leaf images for classification and detection/Raw_Data/early_leaf_spot/IMG_0703.JPG,IMG_0703.JPG,early_leaf_spot,d7011efeca35f72ba7a461078457637b37f7508b10e0b8c57f796ae11e8c35c5,1200,800,RGB,261767,train
PHYTO_RAW_0025,Dataset of groundnut plant leaf images for classification and detection/Raw_Data/early_leaf_spot/IMG_0704.JPG,IMG_0704.JPG,early_leaf_spot,ed7ae21cda6413a4da5daac2e0bcda6ddf889bfb5d9235f0ad3378729ce08375,1200,800,RGB,281376,train
PHYTO_RAW_0026,Dataset of groundnut plant leaf images for classification and detection/Raw_Data/early_leaf_spot/IMG_0705.JPG,IMG_0705.JPG,early_leaf_spot,4d40ef91d0bda871a758da20f8ea19a95e548f3e39b5fe22ccc8d6c463a98ae7,1200,800,RGB,385818,train
PHYTO_RAW_0027,Dataset of groundnut plant leaf images for classification and detection/Raw_Data/early_leaf_spot/IMG_0706.JPG,IMG_0706.JPG,early_leaf_spot,6ded39074529c16a244c8e736699c8d66aebc96d035edbcbe2509eedfeba4d88,1200,800,RGB,378765,train
PHYTO_RAW_0028,Dataset of groundnut plant leaf images for classification and detection/Raw_Data/early_leaf_spot/IMG_0707.JPG,IMG_0707.JPG,early_leaf_spot,cfba5b8003b1057a47b1d913d495fdb050e9920ebec57c92d4988ae83a402eca,1200,800,RGB,275843,test
PHYTO_RAW_0029,Dataset of groundnut plant leaf images for classification and detection/Raw_Data/early_leaf_spot/IMG_0709.JPG,IMG_0709.JPG,early_leaf_spot,cf25affdb2c10615ea56f571238e9603cd360ddcb51932950c00599fe65f0c2c,1200,800,RGB,293387,train
PHYTO_RAW_0030,Dataset of groundnut plant leaf images for classification and detection/Raw_Data/early_leaf_spot/IMG_0710.JPG,IMG_0710.JPG,early_leaf_spot,5f76771f849727a791370d07585524e67c36fb7c8d72dbbfcf69ba09985901db,1200,800,RGB,357413,train
PHYTO_RAW_0031,Dataset of groundnut plant leaf images for classification and detection/Raw_Data/early_leaf_spot/IMG_0712.JPG,IMG_0712.JPG,early_leaf_spot,0a9a256faa5c5e327e236ffb08fac3a3bddc6bc3b8992feb2d811c83e74bb12f,1200,800,RGB,266257,train
PHYTO_RAW_0032,Dataset of groundnut plant leaf images for classification and detection/Raw_Data/early_leaf_spot/IMG_0713.JPG,IMG_0713.JPG,early_leaf_spot,731e3e8681a0150a9136a065df93564124665c5ad9ccb750d35c766f8e38955e,1200,800,RGB,287755,train
PHYTO_RAW_0033,Dataset of groundnut plant leaf images for classification and detection/Raw_Data/early_leaf_spot/IMG_0714.JPG,IMG_0714.JPG,early_leaf_spot,cb2812abbfda724a53d086d0136a1322cf55c101a74d961341a8c63d4a258188,1200,800,RGB,321440,test
PHYTO_RAW_0034,Dataset of groundnut plant leaf images for classification and detection/Raw_Data/early_leaf_spot/IMG_0715.JPG,IMG_0715.JPG,early_leaf_spot,1b1ecf82627181c81934de82b529d1c87519d09702166dee5737caf9a4c97590,1200,800,RGB,243934,train
PHYTO_RAW_0035,Dataset of groundnut plant leaf images for classification and detection/Raw_Data/early_leaf_spot/IMG_0716.JPG,IMG_0716.JPG,early_leaf_spot,476e2cbf5a9467ed066abfa7a85747bc4ecb84a3d6586bf502a5347447a5b8c9,1200,800,RGB,264982,test
PHYTO_RAW_0036,Dataset of groundnut plant leaf images for classification and detection/Raw_Data/early_leaf_spot/IMG_0717.JPG,IMG_0717.JPG,early_leaf_spot,a0d5523c2047f5f67089e478a9e7abca313722658ff5fe9437de0f686181978d,1200,800,RGB,273968,validation
PHYTO_RAW_0037,Dataset of groundnut plant leaf images for classification and detection/Raw_Data/early_leaf_spot/IMG_0718.JPG,IMG_0718.JPG,early_leaf_spot,ead7e6bb3888154d3ca23a9ad5adb02794e5858721bbede766e6d8e979654559,1200,800,RGB,265272,train
PHYTO_RAW_0038,Dataset of groundnut plant leaf images for classification and detection/Raw_Data/early_leaf_spot/IMG_0719.JPG,IMG_0719.JPG,early_leaf_spot,5f7481234f3c96abc0c82e0f9e507b502d906b0a0d1cdd28d411d8239bff6420,1200,800,RGB,260413,train
PHYTO_RAW_0039,Dataset of groundnut plant leaf images for classification and detection/Raw_Data/early_leaf_spot/IMG_0720.JPG,IMG_0720.JPG,early_leaf_spot,8251f53a5e163dc4a7bd78a6e5f2355818b8c8671c95e0e7262073d1854efa7b,1200,800,RGB,228939,train
PHYTO_RAW_0040,Dataset of groundnut plant leaf images for classification and detection/Raw_Data/early_leaf_spot/IMG_0721.JPG,IMG_0721.JPG,early_leaf_spot,cbd6494a0cc1944839e7d319c67e33881e2fca720aca024c2118841f19b85361,1200,800,RGB,273060,train
PHYTO_RAW_0041,Dataset of groundnut plant leaf images for classification and detection/Raw_Data/early_leaf_spot/IMG_0809.JPG,IMG_0809.JPG,early_leaf_spot,a0d2b0801e765385d9e6e121e50a8f81cb2f5299b4a62f6a2e1a796096524736,1200,800,RGB,264731,test
PHYTO_RAW_0042,Dataset of groundnut plant leaf images for classification and detection/Raw_Data/early_leaf_spot/IMG_0810.JPG,IMG_0810.JPG,early_leaf_spot,3b6e586f2548d5843cccb2fbed35b6ea9464accb02edb7aa0d70fcc2b5391a68,1200,800,RGB,227553,train
PHYTO_RAW_0043,Dataset of groundnut plant leaf images for classification and detection/Raw_Data/early_leaf_spot/IMG_0811.JPG,IMG_0811.JPG,early_leaf_spot,20b9903fef6d34e4f3e89c56c4878a6554e73db56f3431f30576b8947f5f8a85,1200,800,RGB,323425,train
PHYTO_RAW_0044,Dataset of groundnut plant leaf images for classification and detection/Raw_Data/early_leaf_spot/IMG_0812.JPG,IMG_0812.JPG,early_leaf_spot,9664b6bbcd16c73bd6233682822d736a75e0504c18fe0d5447c41f530690d65b,1200,800,RGB,276725,train
PHYTO_RAW_0045,Dataset of groundnut plant leaf images for classification and detection/Raw_Data/early_leaf_spot/IMG_0813.JPG,IMG_0813.JPG,early_leaf_spot,b1606d2220281f3afae7d775451135f756318a49e6ac46a49af6bff9f050a249,1200,800,RGB,272063,train
PHYTO_RAW_0046,Dataset of groundnut plant leaf images for classification and detection/Raw_Data/early_leaf_spot/IMG_0814.JPG,IMG_0814.JPG,early_leaf_spot,39937363c66ddb0026902749e1bf242f73985e220b2d45e8e3a3fd1079689561,1200,800,RGB,278554,train
PHYTO_RAW_0047,Dataset of groundnut plant leaf images for classification and detection/Raw_Data/early_leaf_spot/IMG_0815.JPG,IMG_0815.JPG,early_leaf_spot,c2e6fbe02bf9e0a7dad53419cdc32e7407262f97147705b2e561a272e3f5f3e9,1200,800,RGB,199669,train
PHYTO_RAW_0048,Dataset of groundnut plant leaf images for classification and detection/Raw_Data/early_leaf_spot/IMG_0873.JPG,IMG_0873.JPG,early_leaf_spot,6871b84fa47a3c6771151a1914d5cfb4fdd4d69446fd8c5c17ae32abfadb15ac,1200,800,RGB,200057,validation
PHYTO_RAW_0049,Dataset of groundnut plant leaf images for classification and detection/Raw_Data/early_leaf_spot/IMG_0874.JPG,IMG_0874.JPG,early_leaf_spot,6022e83f2fa69aa8ce624f26a2ed3c050ae098a2c777437511db5dd7d322d367,1200,800,RGB,213684,train
PHYTO_RAW_0050,Dataset of groundnut plant leaf images for classification and detection/Raw_Data/early_leaf_spot/IMG_0875.JPG,IMG_0875.JPG,early_leaf_spot,3594ce100d22c73b08b03a1fb8329d38940e65a0e6d78047bcced4ac060e84da,1200,800,RGB,276139,train
PHYTO_RAW_0051,Dataset of groundnut plant leaf images for classification and detection/Raw_Data/early_leaf_spot/IMG_0876.JPG,IMG_0876.JPG,early_leaf_spot,d5a8f1cee2a7283d8457a96b57834844926098ee62c86fde336495276dbdbd65,1200,800,RGB,260770,train
PHYTO_RAW_0052,Dataset of groundnut plant leaf images for classification and detection/Raw_Data/early_leaf_spot/IMG_0877.JPG,IMG_0877.JPG,early_leaf_spot,75163cd1730c10cf86a1af7d12ea70876d1d8a5da79385daee8b1328464392fe,1200,800,RGB,248650,train
PHYTO_RAW_0053,Dataset of groundnut plant leaf images for classification and detection/Raw_Data/early_leaf_spot/IMG_0878.JPG,IMG_0878.JPG,early_leaf_spot,982949f44009498061a5a803a4cb6d3d2b9e26980fb7a57de1eecc25b4adbc27,1200,800,RGB,262556,test
PHYTO_RAW_0054,Dataset of groundnut plant leaf images for classification and detection/Raw_Data/early_leaf_spot/IMG_0879.JPG,IMG_0879.JPG,early_leaf_spot,e40b99e4bc48c00588c30d154915175f9efa73e5489b4e68ca0e8d753006b151,1200,800,RGB,279592,train
PHYTO_RAW_0055,Dataset of groundnut plant leaf images for classification and detection/Raw_Data/early_leaf_spot/IMG_0880.JPG,IMG_0880.JPG,early_leaf_spot,cae3a0ad083163f873d4a2c03b05d02f34b237c53ddd0bd15592b0c9435c0ab9,1200,800,RGB,274602,train
PHYTO_RAW_0056,Dataset of groundnut plant leaf images for classification and detection/Raw_Data/early_leaf_spot/IMG_0881.JPG,IMG_0881.JPG,early_leaf_spot,98589672bf42b6505a7d6e3ab4afe73cf6dcf190279d6c758ea161dfd95805a4,1200,800,RGB,311383,train
PHYTO_RAW_0057,Dataset of groundnut plant leaf images for classification and detection/Raw_Data/early_leaf_spot/IMG_0882.JPG,IMG_0882.JPG,early_leaf_spot,d2be06aa52e88489e0aa24f03b899e5c91ec80387ec5d5527bd155993fdf34f7,1200,800,RGB,220649,train
PHYTO_RAW_0058,Dataset of groundnut plant leaf images for classification and detection/Raw_Data/early_leaf_spot/IMG_0883.JPG,IMG_0883.JPG,early_leaf_spot,80922e645b571d6daa269da900cdf47dc5b4cbb251a25db92e6b52fff990e27c,1200,800,RGB,224884,train
PHYTO_RAW_0059,Dataset of groundnut plant leaf images for classification and detection/Raw_Data/early_leaf_spot/IMG_0884.JPG,IMG_0884.JPG,early_leaf_spot,0b9f37441772ed6e5df42ed4ff276912123e2e7618141463ab66bd006d06808e,1200,800,RGB,207915,test
PHYTO_RAW_0060,Dataset of groundnut plant leaf images for classification and detection/Raw_Data/early_leaf_spot/IMG_0885.JPG,IMG_0885.JPG,early_leaf_spot,5008eb187a86a1200593449fc6806be5648f71affa7d969bb491a15b07cffd76,1200,800,RGB,180150,train
PHYTO_RAW_0061,Dataset of groundnut plant leaf images for classification and detection/Raw_Data/early_leaf_spot/IMG_0886.JPG,IMG_0886.JPG,early_leaf_spot,9110f088fdd7f91901dce03417e95d4ade4e26ac0b6e112b01937cadb314947f,1200,800,RGB,232265,train
PHYTO_RAW_0062,Dataset of groundnut plant leaf images for classification and detection/Raw_Data/early_leaf_spot/IMG_0887.JPG,IMG_0887.JPG,early_leaf_spot,2d257de44616b806d2dc2129b92caa5013df2f7896b61d3a4e5af8a6b89b0ba2,1200,800,RGB,326830,train
PHYTO_RAW_0063,Dataset of groundnut plant leaf images for classification and detection/Raw_Data/early_leaf_spot/IMG_0888.JPG,IMG_0888.JPG,early_leaf_spot,b0a183248cb87a91d5c588696205a896eab0786988d387e9c750b43cbfe47d7f,1200,800,RGB,292304,test
PHYTO_RAW_0064,Dataset of groundnut plant leaf images for classification and detection/Raw_Data/early_leaf_spot/IMG_0889.JPG,IMG_0889.JPG,early_leaf_spot,55887b6d6e01b502b8a7d2d59e55720429664cb957348ac6ef0b7577e58b5790,1200,800,RGB,252715,train
PHYTO_RAW_0065,Dataset of groundnut plant leaf images for classification and detection/Raw_Data/early_leaf_spot/IMG_0890.JPG,IMG_0890.JPG,early_leaf_spot,0fc63ae6126cec1cd77260b9d3bb25a29552b2f78812222d5a60ae8571373a07,1200,800,RGB,269426,test
PHYTO_RAW_0066,Dataset of groundnut plant leaf images for classification and detection/Raw_Data/early_leaf_spot/IMG_0891.JPG,IMG_0891.JPG,early_leaf_spot,cb65ac615b8cc9287dfb09ff6a5d6cc5123157ed3f7426f4ff9bb992c9a30ab3,1200,800,RGB,551623,train
PHYTO_RAW_0067,Dataset of groundnut plant leaf images for classification and detection/Raw_Data/early_leaf_spot/IMG_0892.JPG,IMG_0892.JPG,early_leaf_spot,d9766a4593b21c775ffe04f246203fc0ecdb869468a26596a9b5eebd9c8228aa,1200,800,RGB,357570,train
PHYTO_RAW_0068,Dataset of groundnut plant leaf images for classification and detection/Raw_Data/early_leaf_spot/IMG_0893.JPG,IMG_0893.JPG,early_leaf_spot,d0dfe2fa35acf3270cdd91a388319fd0e77de34800a1e824244d669860cdce24,1200,800,RGB,314933,train
PHYTO_RAW_0069,Dataset of groundnut plant leaf images for classification and detection/Raw_Data/early_leaf_spot/IMG_0894.JPG,IMG_0894.JPG,early_leaf_spot,0bb33c0c6ac1f918a6862800b504fef057b614713d8b7b3b8cb63e9a0b71be49,1200,800,RGB,306292,train
PHYTO_RAW_0070,Dataset of groundnut plant leaf images for classification and detection/Raw_Data/early_leaf_spot/IMG_0895.JPG,IMG_0895.JPG,early_leaf_spot,f2686ff9069cdf20e618a2b73b5d8d07bacf7caa75dc181eccc67e46550e02c4,1200,800,RGB,319392,train
PHYTO_RAW_0071,Dataset of groundnut plant leaf images for classification and detection/Raw_Data/early_leaf_spot/IMG_0896.JPG,IMG_0896.JPG,early_leaf_spot,64f2af434e3d4111adc766269cc64b52fbc25577aca2362eae813bfa1748366a,1200,800,RGB,259230,train
PHYTO_RAW_0072,Dataset of groundnut plant leaf images for classification and detection/Raw_Data/early_leaf_spot/IMG_0897.JPG,IMG_0897.JPG,early_leaf_spot,ba46725f6cb35a6f15c2fed48fdf0c09625ca92f20f790d143d520cafcb49c63,1200,800,RGB,248544,test
PHYTO_RAW_0073,Dataset of groundnut plant leaf images for classification and detection/Raw_Data/early_leaf_spot/IMG_0898.JPG,IMG_0898.JPG,early_leaf_spot,e86f1547c670c618fe16faa4318fdc066be823eb83f9af73853ab72372cd84d4,1200,800,RGB,265000,train
PHYTO_RAW_0074,Dataset of groundnut plant leaf images for classification and detection/Raw_Data/early_leaf_spot/IMG_0899.JPG,IMG_0899.JPG,early_leaf_spot,6b7944f434a22b929591c82363690c7e87d7954c630ee87b063ff623d23d2372,1200,800,RGB,289715,train
PHYTO_RAW_0075,Dataset of groundnut plant leaf images for classification and detection/Raw_Data/early_leaf_spot/IMG_0900.JPG,IMG_0900.JPG,early_leaf_spot,42483f449c84203eaba99d17e571a9c53fd2db6d8f7de25c1cf0676f35d8ce0c,1200,800,RGB,238017,train
PHYTO_RAW_0076,Dataset of groundnut plant leaf images for classification and detection/Raw_Data/early_leaf_spot/IMG_0901.JPG,IMG_0901.JPG,early_leaf_spot,ed458f373318a43c54843697073787a3b3f2b6026552ff58eeb21520258d5884,1200,800,RGB,256724,train
PHYTO_RAW_0077,Dataset of groundnut plant leaf images for classification and detection/Raw_Data/early_leaf_spot/IMG_0902.JPG,IMG_0902.JPG,early_leaf_spot,3969ad4abc3bf7eed7a0b9cd8cbdbe512898b1163459c61e67800d298bdca514,1200,800,RGB,244073,train
PHYTO_RAW_0078,Dataset of groundnut plant leaf images for classification and detection/Raw_Data/early_leaf_spot/IMG_0903.JPG,IMG_0903.JPG,early_leaf_spot,fda69a0727c6060c604f3e490093737ac21254905c1f2be37335dbcf0c61c38a,1200,800,RGB,318435,train
PHYTO_RAW_0079,Dataset of groundnut plant leaf images for classification and detection/Raw_Data/early_leaf_spot/IMG_0904.JPG,IMG_0904.JPG,early_leaf_spot,951fdf6039402d50af2c579825ddcf08e2afaead015593dfce19eba38bb26640,1200,800,RGB,413638,train
PHYTO_RAW_0080,Dataset of groundnut plant leaf images for classification and detection/Raw_Data/early_leaf_spot/IMG_0905.JPG,IMG_0905.JPG,early_leaf_spot,9339bf0a9e971e2c1e23fcefd9ce2167350b2035cf3c0f544095d3ae0021e611,1200,800,RGB,397016,train
PHYTO_RAW_0081,Dataset of groundnut plant leaf images for classification and detection/Raw_Data/early_leaf_spot/IMG_0906.JPG,IMG_0906.JPG,early_leaf_spot,aebe829d4526cd8fafdb988ad64621f27b3d2f48dfb9fed5bbdb3821b53b3d9b,1200,800,RGB,414970,test
PHYTO_RAW_0082,Dataset of groundnut plant leaf images for classification and detection/Raw_Data/early_leaf_spot/IMG_1084.JPG,IMG_1084.JPG,early_leaf_spot,e4b972192ed371c097eb26150feaaac23e6c7608315f84ffecb5bf0df595a604,1200,800,RGB,271315,train
PHYTO_RAW_0083,Dataset of groundnut plant leaf images for classification and detection/Raw_Data/early_leaf_spot/IMG_1085.JPG,IMG_1085.JPG,early_leaf_spot,a78a1a65fdf43e3ab7fd275ca7d1957b0943381de20ce34b2104a6b0a02cb04b,1200,800,RGB,237705,train
PHYTO_RAW_0084,Dataset of groundnut plant leaf images for classification and detection/Raw_Data/early_leaf_spot/IMG_1086.JPG,IMG_1086.JPG,early_leaf_spot,dc7447a6f69e4fd0d782ed7382597cf007235734aa9a3e95df205fce4b9267c0,1200,800,RGB,205809,train
PHYTO_RAW_0085,Dataset of groundnut plant leaf images for classification and detection/Raw_Data/early_leaf_spot/IMG_1087.JPG,IMG_1087.JPG,early_leaf_spot,f25ce95e9e89bd4f3e93fe969308e5bd9765a1858a46289f9f88d60a8af4171b,1200,800,RGB,255499,train
PHYTO_RAW_0086,Dataset of groundnut plant leaf images for classification and detection/Raw_Data/early_leaf_spot/IMG_1088.JPG,IMG_1088.JPG,early_leaf_spot,be354de4654ecfc584e7e99c8892b45bb8a268ddd35aeeaad9eabc922bcbb3c6,1200,800,RGB,211374,validation
PHYTO_RAW_0087,Dataset of groundnut plant leaf images for classification and detection/Raw_Data/early_leaf_spot/IMG_1089.JPG,IMG_1089.JPG,early_leaf_spot,3d76388c987e60995a9656ee71c023bc1d79f7d79c08434836972bcade8e3b6d,1200,800,RGB,262607,train
PHYTO_RAW_0088,Dataset of groundnut plant leaf images for classification and detection/Raw_Data/early_leaf_spot/IMG_1090.JPG,IMG_1090.JPG,early_leaf_spot,9ae0f0fd5fa2089650906fe4c2e168a0833ede25426763f6cb8923f37acced7b,1200,800,RGB,275300,test
PHYTO_RAW_0089,Dataset of groundnut plant leaf images for classification and detection/Raw_Data/early_leaf_spot/IMG_1091.JPG,IMG_1091.JPG,early_leaf_spot,d9aa2a34a1114b03f1c800ed7157d4aa8b6c06819680d44efa10603d8cf8ddd6,1200,800,RGB,292700,train
PHYTO_RAW_0090,Dataset of groundnut plant leaf images for classification and detection/Raw_Data/early_leaf_spot/IMG_1092.JPG,IMG_1092.JPG,early_leaf_spot,5bfa98cd59e23e5ed301688e147a25ca38308cc94de38ea6003f38e717078c09,1200,800,RGB,596704,train
PHYTO_RAW_0091,Dataset of groundnut plant leaf images for classification and detection/Raw_Data/early_leaf_spot/IMG_1214.JPG,IMG_1214.JPG,early_leaf_spot,d3844c113bde8828230dd95004e46095471230e647c6c783323ffac61aa265c6,1200,800,RGB,220054,train
PHYTO_RAW_0092,Dataset of groundnut plant leaf images for classification and detection/Raw_Data/early_leaf_spot/IMG_1215.JPG,IMG_1215.JPG,early_leaf_spot,83b8be95049620b9f6efcd1ef804a6105110bab469508ae1ca86490d0a4ec84e,1200,800,RGB,239787,test
PHYTO_RAW_0093,Dataset of groundnut plant leaf images for classification and detection/Raw_Data/early_leaf_spot/IMG_1396.JPG,IMG_1396.JPG,early_leaf_spot,30c6660f12948436ebc423b190d699acee738daf79b951e89abb5d9649e9058e,1200,800,RGB,214997,train
PHYTO_RAW_0094,Dataset of groundnut plant leaf images for classification and detection/Raw_Data/early_leaf_spot/IMG_1397.JPG,IMG_1397.JPG,early_leaf_spot,db601d55920bc1dec3ae1c32415a59a7b1d25a384c34797e9d146760818b1f56,1200,800,RGB,248121,train
PHYTO_RAW_0095,Dataset of groundnut plant leaf images for classification and detection/Raw_Data/early_leaf_spot/IMG_1398.JPG,IMG_1398.JPG,early_leaf_spot,66fb1e9d989159602e19bac3b09c7163c2b3a153bcc9c6b3c048433fca4810a6,1200,800,RGB,246957,train
PHYTO_RAW_0096,Dataset of groundnut plant leaf images for classification and detection/Raw_Data/early_leaf_spot/IMG_1399.JPG,IMG_1399.JPG,early_leaf_spot,9c56138937a083d2bfe89697cbe61c3309ea5070577a5dcd13e9ba3cd5aeebdb,1200,800,RGB,235518,validation
PHYTO_RAW_0097,Dataset of groundnut plant leaf images for classification and detection/Raw_Data/early_leaf_spot/IMG_1400.JPG,IMG_1400.JPG,early_leaf_spot,8992071a9f1ba26b5d381f97559f224e57c64aac9ee5bd6a50fcba97e145e2d4,1200,800,RGB,238939,train
PHYTO_RAW_0098,Dataset of groundnut plant leaf images for classification and detection/Raw_Data/early_leaf_spot/IMG_1401.JPG,IMG_1401.JPG,early_leaf_spot,35686aba21793a52ebbcf336f3d486d04877f7d24eb0519067bd7aa645eaf4a2,1200,800,RGB,196266,train
PHYTO_RAW_0099,Dataset of groundnut plant leaf images for classification and detection/Raw_Data/early_leaf_spot/IMG_1402.JPG,IMG_1402.JPG,early_leaf_spot,1e2a38ee2ce0647e51b87826167e3716f1c03a31ef327a294c10b055ac3840df,1200,800,RGB,257280,validation
PHYTO_RAW_0100,Dataset of groundnut plant leaf images for classification and detection/Raw_Data/early_leaf_spot/IMG_1403.JPG,IMG_1403.JPG,early_leaf_spot,654b70ce2f061011e779960bab98aebef5bcc05440badf5fd56b7ec22258b207,1200,800,RGB,293088,test
PHYTO_RAW_0101,Dataset of groundnut plant leaf images for classification and detection/Raw_Data/early_leaf_spot/IMG_1404.JPG,IMG_1404.JPG,early_leaf_spot,2424750716775048f1431c0dd728a5c24cad3a51266e04026f9dc6e1dd53a8b5,1200,800,RGB,254136,train
PHYTO_RAW_0102,Dataset of groundnut plant leaf images for classification and detection/Raw_Data/early_leaf_spot/IMG_1405.JPG,IMG_1405.JPG,early_leaf_spot,3f7a62b7369926d0b67487c24eb3b45b876e5b33e9ded833303d096ec3aa76e1,1200,800,RGB,216121,train
PHYTO_RAW_0103,Dataset of groundnut plant leaf images for classification and detection/Raw_Data/early_leaf_spot/IMG_1406.JPG,IMG_1406.JPG,early_leaf_spot,c26b276b2f7b1276035d0f099ec48c1f7575552410e9915b4c6c05c569944b80,1200,800,RGB,196152,test
PHYTO_RAW_0104,Dataset of groundnut plant leaf images for classification and detection/Raw_Data/early_leaf_spot/IMG_1407.JPG,IMG_1407.JPG,early_leaf_spot,4b590abb6e6830af4e554ca703fbd83b82f07e114dc0c206765805ba875106aa,1200,800,RGB,180864,train
PHYTO_RAW_0105,Dataset of groundnut plant leaf images for classification and detection/Raw_Data/early_leaf_spot/IMG_1408.JPG,IMG_1408.JPG,early_leaf_spot,4cd0cd245250734d44539058994fa69722cf0d1588df0b0919aab83f65d8624b,1200,800,RGB,183253,train
PHYTO_RAW_0106,Dataset of groundnut plant leaf images for classification and detection/Raw_Data/early_leaf_spot/IMG_1409.JPG,IMG_1409.JPG,early_leaf_spot,0a3fc5ad559e469023509f5093a77032251baa8ed2ad1e48a8b74617b82e1015,1200,800,RGB,228725,test
PHYTO_RAW_0107,Dataset of groundnut plant leaf images for classification and detection/Raw_Data/early_leaf_spot/IMG_1410.JPG,IMG_1410.JPG,early_leaf_spot,2edacba06ba193c1fdd56e2d554c782322af35462a16a382471b557fd03a977a,1200,800,RGB,248116,test
PHYTO_RAW_0108,Dataset of groundnut plant leaf images for classification and detection/Raw_Data/early_leaf_spot/IMG_1411.JPG,IMG_1411.JPG,early_leaf_spot,bc4179a4b45fe73542daec43bd37e8dc98adce9eb20dd31b68c3ee19576a8941,1200,800,RGB,233595,train
PHYTO_RAW_0109,Dataset of groundnut plant leaf images for classification and detection/Raw_Data/early_leaf_spot/IMG_1412.JPG,IMG_1412.JPG,early_leaf_spot,d6ad2cac6451147619354a342ae433e8e3412f99fa7a23474d41528774c05d6a,1200,800,RGB,207745,train
PHYTO_RAW_0110,Dataset of groundnut plant leaf images for classification and detection/Raw_Data/early_leaf_spot/IMG_1413.JPG,IMG_1413.JPG,early_leaf_spot,877d80ade2eb57a769b7a4f8c6477e1edbc24d2ccf3d46d5ca64331974a35297,1200,800,RGB,272272,train
PHYTO_RAW_0111,Dataset of groundnut plant leaf images for classification and detection/Raw_Data/early_leaf_spot/IMG_1414.JPG,IMG_1414.JPG,early_leaf_spot,d8e2f75d5c8239189031d6226c381b96554f0b4610b2d9ddff3493042cf43bba,1200,800,RGB,258887,train
PHYTO_RAW_0112,Dataset of groundnut plant leaf images for classification and detection/Raw_Data/early_leaf_spot/IMG_1415.JPG,IMG_1415.JPG,early_leaf_spot,312493de02fae73c983221e2f3da3b3adba29bda05e223dd50e3242c58fc1e48,1200,800,RGB,243424,train
PHYTO_RAW_0113,Dataset of groundnut plant leaf images for classification and detection/Raw_Data/early_leaf_spot/IMG_1416.JPG,IMG_1416.JPG,early_leaf_spot,226955f3575f8d533f9b89ca3a78d51bb4426c9e25ba31ebf21bd02418443b90,1200,800,RGB,288500,validation
PHYTO_RAW_0114,Dataset of groundnut plant leaf images for classification and detection/Raw_Data/early_leaf_spot/IMG_1417.JPG,IMG_1417.JPG,early_leaf_spot,5392b800bae30a731ab617efcc23c23f043b14f3681453529e6f323aa6c4e47c,1200,800,RGB,655404,train
PHYTO_RAW_0115,Dataset of groundnut plant leaf images for classification and detection/Raw_Data/early_leaf_spot/IMG_1423.JPG,IMG_1423.JPG,early_leaf_spot,7c6db703b74cd08426cd2d1c753834c0afbf7a28ee7c7fa28267c7c22489ae50,1200,800,RGB,229940,train
PHYTO_RAW_0116,Dataset of groundnut plant leaf images for classification and detection/Raw_Data/early_leaf_spot/IMG_1424.JPG,IMG_1424.JPG,early_leaf_spot,2f1d22e47397861e73d09451aa8f84164db59bb7d4924416b43452f7e92c2fea,1200,800,RGB,233152,train
PHYTO_RAW_0117,Dataset of groundnut plant leaf images for classification and detection/Raw_Data/early_leaf_spot/IMG_1425.JPG,IMG_1425.JPG,early_leaf_spot,55fccf00ea9815d374e289115b18d83a250a69fc02e36c1e3c734f2bbc17a9c8,1200,800,RGB,261795,train
PHYTO_RAW_0118,Dataset of groundnut plant leaf images for classification and detection/Raw_Data/early_leaf_spot/IMG_1712.JPG,IMG_1712.JPG,early_leaf_spot,60fe69d0c3da2d05e8ed0941773536dac58fd36ace1a6cb5fba7678d361f761a,1200,800,RGB,248499,train
PHYTO_RAW_0119,Dataset of groundnut plant leaf images for classification and detection/Raw_Data/early_leaf_spot/IMG_1713.JPG,IMG_1713.JPG,early_leaf_spot,71dd71a0c6b76a130f37a108f04e1eee707031ff9df9351850b8b7de52b863ef,1200,800,RGB,246645,train
PHYTO_RAW_0120,Dataset of groundnut plant leaf images for classification and detection/Raw_Data/early_leaf_spot/IMG_1714.JPG,IMG_1714.JPG,early_leaf_spot,26f94cfff0767f8aea93340dd8fd3f249b583685e7cf7dda6738914f86134ae5,1200,800,RGB,245902,train
PHYTO_RAW_0121,Dataset of groundnut plant leaf images for classification and detection/Raw_Data/early_leaf_spot/IMG_1715.JPG,IMG_1715.JPG,early_leaf_spot,16c96c24d3a594e847debf745005af99b97af0cea9e0c8fd3ab0582f6f1a8496,1200,800,RGB,260175,train
PHYTO_RAW_0122,Dataset of groundnut plant leaf images for classification and detection/Raw_Data/early_leaf_spot/IMG_1716.JPG,IMG_1716.JPG,early_leaf_spot,a4c8f7bdda05a8997b5ca676cf9f28cd7aebfeefaa961170d548cf0b13461768,1200,800,RGB,299746,test
PHYTO_RAW_0123,Dataset of groundnut plant leaf images for classification and detection/Raw_Data/early_leaf_spot/IMG_1717.JPG,IMG_1717.JPG,early_leaf_spot,34755fe342c16f459ec1386513abf77cc680a651a0dcee6abc91a72a076ccfad,1200,800,RGB,263116,validation
PHYTO_RAW_0124,Dataset of groundnut plant leaf images for classification and detection/Raw_Data/early_leaf_spot/IMG_1718.JPG,IMG_1718.JPG,early_leaf_spot,bb5e1b77b1d569976930c656a0ef0a0510498fddb9ccb260fb24b2da91a17518,1200,800,RGB,239236,validation
PHYTO_RAW_0125,Dataset of groundnut plant leaf images for classification and detection/Raw_Data/early_leaf_spot/IMG_1719.JPG,IMG_1719.JPG,early_leaf_spot,a959301751dc6c570a8eccaf63e4c13e15da2ff56b07b337d1125cc1270774c7,1200,800,RGB,218204,train
PHYTO_RAW_0126,Dataset of groundnut plant leaf images for classification and detection/Raw_Data/early_leaf_spot/IMG_1720.JPG,IMG_1720.JPG,early_leaf_spot,2263f729f2bb78646647d3f1316786bf80ab171c9d11022296ff9e5623f42586,1200,800,RGB,262735,train
PHYTO_RAW_0127,Dataset of groundnut plant leaf images for classification and detection/Raw_Data/early_leaf_spot/IMG_1721.JPG,IMG_1721.JPG,early_leaf_spot,6cf2ba10c57f36cefe62fee23372418b566fa295fea109411862c3cae199d4f4,1200,800,RGB,255026,train
PHYTO_RAW_0128,Dataset of groundnut plant leaf images for classification and detection/Raw_Data/early_leaf_spot/IMG_1722.JPG,IMG_1722.JPG,early_leaf_spot,db88ef1c9643ac76c7d09531c6fa3749ae1adf7303c6372b382ae4b2b3249557,1200,800,RGB,261954,train
PHYTO_RAW_0129,Dataset of groundnut plant leaf images for classification and detection/Raw_Data/early_leaf_spot/IMG_1723.JPG,IMG_1723.JPG,early_leaf_spot,c7d891824e1d95d235f77e6189d906821a1900ce582e8b35accbbbac84cd403a,1200,800,RGB,225876,test
PHYTO_RAW_0130,Dataset of groundnut plant leaf images for classification and detection/Raw_Data/early_leaf_spot/IMG_1724.JPG,IMG_1724.JPG,early_leaf_spot,cdbd84b3bca4710329b70239d4bb984c0cd1954c30193c774f57f27b793ee404,1200,800,RGB,261954,validation
PHYTO_RAW_0131,Dataset of groundnut plant leaf images for classification and detection/Raw_Data/early_leaf_spot/IMG_1725.JPG,IMG_1725.JPG,early_leaf_spot,ac3cdc67de430679375c0bdef70fd0573af3bcd43eb3cdacf9c59ab206e3356b,1200,800,RGB,215472,test
PHYTO_RAW_0132,Dataset of groundnut plant leaf images for classification and detection/Raw_Data/early_leaf_spot/IMG_1726.JPG,IMG_1726.JPG,early_leaf_spot,c155f58c73ecc6979fbb359ad98908bf7f885dd6a97d542055aac1eed3920b54,1200,800,RGB,208338,train
PHYTO_RAW_0133,Dataset of groundnut plant leaf images for classification and detection/Raw_Data/early_leaf_spot/IMG_1727.JPG,IMG_1727.JPG,early_leaf_spot,7d3a645f687a082c253b82f17a1410cae5a3a9703a70e17aee99495a71a80273,1200,800,RGB,228040,train
PHYTO_RAW_0134,Dataset of groundnut plant leaf images for classification and detection/Raw_Data/early_leaf_spot/IMG_1728.JPG,IMG_1728.JPG,early_leaf_spot,dbdcff6584aeb55e39df936abcc76553ff80da08d7c5798de7f78c3de1be0e00,1200,800,RGB,226328,train
PHYTO_RAW_0135,Dataset of groundnut plant leaf images for classification and detection/Raw_Data/early_leaf_spot/IMG_1729.JPG,IMG_1729.JPG,early_leaf_spot,6ad76a6c615bb546077143e87d314a7e66137054c7b5bb9d28ffb9d078369e48,1200,800,RGB,258065,test
PHYTO_RAW_0136,Dataset of groundnut plant leaf images for classification and detection/Raw_Data/early_leaf_spot/IMG_1730.JPG,IMG_1730.JPG,early_leaf_spot,04863744338e7b82971d73d2c9bd52d30cf014a1d5c45486e443fa1c6fd45ce2,1200,800,RGB,282100,train
PHYTO_RAW_0137,Dataset of groundnut plant leaf images for classification and detection/Raw_Data/early_leaf_spot/IMG_1731.JPG,IMG_1731.JPG,early_leaf_spot,5993effcff2c0333f9dcc1ab6fe7b283fb117cd336b5f046155f43d330330405,1200,800,RGB,233558,train
PHYTO_RAW_0138,Dataset of groundnut plant leaf images for classification and detection/Raw_Data/early_leaf_spot/IMG_1732.JPG,IMG_1732.JPG,early_leaf_spot,372b4e2a00d387be7fe44b3add7875394be9c141a02bf723a8263ecfee46ae0e,1200,800,RGB,271896,train
PHYTO_RAW_0139,Dataset of groundnut plant leaf images for classification and detection/Raw_Data/early_leaf_spot/IMG_1733.JPG,IMG_1733.JPG,early_leaf_spot,c6f35e193b1d0c6610ce416d776b04953c1e4b968f84bd0093df9add141447c1,1200,800,RGB,207649,test
PHYTO_RAW_0140,Dataset of groundnut plant leaf images for classification and detection/Raw_Data/early_leaf_spot/IMG_1734.JPG,IMG_1734.JPG,early_leaf_spot,e322656499322dba2f78b292d6a458d6b9256ad65706fec37cab973cf5dd5292,1200,800,RGB,193504,train
PHYTO_RAW_0141,Dataset of groundnut plant leaf images for classification and detection/Raw_Data/early_leaf_spot/IMG_1735.JPG,IMG_1735.JPG,early_leaf_spot,9012df7db104e8eff47fb7b554a5791c99696b9b1b04f272bdce5c7c70bd551c,1200,800,RGB,243389,train
PHYTO_RAW_0142,Dataset of groundnut plant leaf images for classification and detection/Raw_Data/early_leaf_spot/IMG_1736.JPG,IMG_1736.JPG,early_leaf_spot,6278144c84019e853b5f9bd8065babd3685475661e541790c4f84678055f251c,1200,800,RGB,216715,train
PHYTO_RAW_0143,Dataset of groundnut plant leaf images for classification and detection/Raw_Data/early_leaf_spot/IMG_1737.JPG,IMG_1737.JPG,early_leaf_spot,7aa66ed865b19a523b4f3daba532967247e2e51c3f410167b328d213efb69971,1200,800,RGB,218990,train
PHYTO_RAW_0144,Dataset of groundnut plant leaf images for classification and detection/Raw_Data/early_leaf_spot/IMG_1738.JPG,IMG_1738.JPG,early_leaf_spot,831ee41a5844cfb9eaed17dcaa440e744873e530b88c89cc40e1f658ff51a533,1200,800,RGB,247052,validation
PHYTO_RAW_0145,Dataset of groundnut plant leaf images for classification and detection/Raw_Data/early_leaf_spot/IMG_1739.JPG,IMG_1739.JPG,early_leaf_spot,4373f2b8f8e742e29c024d31f66dce854ebb822e9088912e6758bbad511322c1,1200,800,RGB,270565,train
PHYTO_RAW_0146,Dataset of groundnut plant leaf images for classification and detection/Raw_Data/early_leaf_spot/IMG_1740.JPG,IMG_1740.JPG,early_leaf_spot,78aa6c1f6c6c3afaeb8ab5c91922e90c4acfcb0552f5b1ae79984089abcb7f5b,1200,800,RGB,413743,train
PHYTO_RAW_0147,Dataset of groundnut plant leaf images for classification and detection/Raw_Data/early_leaf_spot/IMG_1741.JPG,IMG_1741.JPG,early_leaf_spot,0ab43e61ae99f85291290b7a1b08c0e4d536d8ba43b9afe00c76fb84e1f441ad,1200,800,RGB,411809,validation
PHYTO_RAW_0148,Dataset of groundnut plant leaf images for classification and detection/Raw_Data/early_leaf_spot/IMG_1742.JPG,IMG_1742.JPG,early_leaf_spot,40b0dba7d352a03076c2d66ed0f668cd33630a5a0f5f627ffa82572d46a28f5f,1200,800,RGB,639542,validation
PHYTO_RAW_0149,Dataset of groundnut plant leaf images for classification and detection/Raw_Data/early_leaf_spot/IMG_1743.JPG,IMG_1743.JPG,early_leaf_spot,1dcaea802611427d94c48ac8b5197489d5228cd11db03b6dac10371fdf656ae1,1200,800,RGB,681291,train
PHYTO_RAW_0150,Dataset of groundnut plant leaf images for classification and detection/Raw_Data/early_leaf_spot/IMG_1744.JPG,IMG_1744.JPG,early_leaf_spot,9d08099132044c92eb0b1ca6da623f2881c56d509fbcf193df2064ea6713f83a,1200,800,RGB,483479,train
PHYTO_RAW_0151,Dataset of groundnut plant leaf images for classification and detection/Raw_Data/early_leaf_spot/IMG_1745.JPG,IMG_1745.JPG,early_leaf_spot,9a2945cc08bdcd2067b423a81b1eabad11cdc9a44f1b5ebe08c93751aade2416,1200,800,RGB,425421,validation
PHYTO_RAW_0152,Dataset of groundnut plant leaf images for classification and detection/Raw_Data/early_leaf_spot/IMG_1746.JPG,IMG_1746.JPG,early_leaf_spot,d4fb893cac1964d58a5417b5b94e50711a16a5fd3d61ac771724d0c6353312ee,1200,800,RGB,344715,train
PHYTO_RAW_0153,Dataset of groundnut plant leaf images for classification and detection/Raw_Data/early_leaf_spot/IMG_1747.JPG,IMG_1747.JPG,early_leaf_spot,92df7858a716b9cc35df253a84b3871fb7882f50c768a0fc8c05a378ce8b83a2,1200,800,RGB,416162,train
PHYTO_RAW_0154,Dataset of groundnut plant leaf images for classification and detection/Raw_Data/early_leaf_spot/IMG_2083.JPG,IMG_2083.JPG,early_leaf_spot,db87581557c59c977909b70b259f3c0e11dd52c863a15d772d01151acc214e0a,1200,800,RGB,252745,train
PHYTO_RAW_0155,Dataset of groundnut plant leaf images for classification and detection/Raw_Data/early_leaf_spot/IMG_2084.JPG,IMG_2084.JPG,early_leaf_spot,5fc3f26e56c4823ff0818f430fea8990ce2ed07c4589b5044214e6138e6c3dfb,1200,800,RGB,257472,train
PHYTO_RAW_0156,Dataset of groundnut plant leaf images for classification and detection/Raw_Data/early_leaf_spot/IMG_2085.JPG,IMG_2085.JPG,early_leaf_spot,44ddf600a177e93128fb623f9749f3ceeeb87b1047711cf4017ab7a6850dff91,1200,800,RGB,239283,train
PHYTO_RAW_0157,Dataset of groundnut plant leaf images for classification and detection/Raw_Data/early_leaf_spot/IMG_2086.JPG,IMG_2086.JPG,early_leaf_spot,5828d56e275f6b34a1d2c2d516369b4e24fe4e39c3e3aa0e29d24d5117d5c9e2,1200,800,RGB,232504,test
PHYTO_RAW_0158,Dataset of groundnut plant leaf images for classification and detection/Raw_Data/early_leaf_spot/IMG_2087.JPG,IMG_2087.JPG,early_leaf_spot,bfc86606598c8623febc8240ed0e28558072ff8c99c0f248e20f4bab65eeed14,1200,800,RGB,225821,train
PHYTO_RAW_0159,Dataset of groundnut plant leaf images for classification and detection/Raw_Data/early_leaf_spot/IMG_2088.JPG,IMG_2088.JPG,early_leaf_spot,e6c7780f1961dbf22be016b71959ec9c893262bedceea6709e388728a177eb51,1200,800,RGB,215198,train
PHYTO_RAW_0160,Dataset of groundnut plant leaf images for classification and detection/Raw_Data/early_leaf_spot/IMG_2089.JPG,IMG_2089.JPG,early_leaf_spot,73269f209c0b545416981d7ae461d7ba3446817159562d07bd92984df3913bde,1200,800,RGB,185036,validation
PHYTO_RAW_0161,Dataset of groundnut plant leaf images for classification and detection/Raw_Data/early_leaf_spot/IMG_2090.JPG,IMG_2090.JPG,early_leaf_spot,5d334214ad118da05dcbd3973e03d98ac16023b7580d6f40cf5ad8a28d71cbc5,1200,800,RGB,214392,test
PHYTO_RAW_0162,Dataset of groundnut plant leaf images for classification and detection/Raw_Data/early_leaf_spot/IMG_2091.JPG,IMG_2091.JPG,early_leaf_spot,2f53283c68d59ee9e4cc50aca17f4a73d5cfd4c7c7df17db322488f27653c1df,1200,800,RGB,246489,test
PHYTO_RAW_0163,Dataset of groundnut plant leaf images for classification and detection/Raw_Data/early_leaf_spot/IMG_2105.JPG,IMG_2105.JPG,early_leaf_spot,c220b13148e4840325a1353ff724c8bede8f605fd9660750241310bdc45045ef,1200,800,RGB,191414,train
PHYTO_RAW_0164,Dataset of groundnut plant leaf images for classification and detection/Raw_Data/early_leaf_spot/IMG_2106.JPG,IMG_2106.JPG,early_leaf_spot,d1caeb98c9d58bc2868ddb60b867a65ee514407b58cd9ec4d754e6486b56379d,1200,800,RGB,214418,train
PHYTO_RAW_0165,Dataset of groundnut plant leaf images for classification and detection/Raw_Data/early_leaf_spot/IMG_2107.JPG,IMG_2107.JPG,early_leaf_spot,2e8c3cee302e42d73e208ea286809be1c5b777fd9c3f14bd138a4257697dcb9d,1200,800,RGB,248062,train
PHYTO_RAW_0166,Dataset of groundnut plant leaf images for classification and detection/Raw_Data/early_leaf_spot/IMG_2108.JPG,IMG_2108.JPG,early_leaf_spot,ac9197ccc92b149f5419dce6c2d245935e8255ed8b9dba4ede36b21bb76ba198,1200,800,RGB,227881,train
PHYTO_RAW_0167,Dataset of groundnut plant leaf images for classification and detection/Raw_Data/early_leaf_spot/IMG_2109.JPG,IMG_2109.JPG,early_leaf_spot,8166e35f7af1442af2614bbfa3f7d2009069558c385bb98faa93931309baf682,1200,800,RGB,218983,test
PHYTO_RAW_0168,Dataset of groundnut plant leaf images for classification and detection/Raw_Data/early_leaf_spot/IMG_2110.JPG,IMG_2110.JPG,early_leaf_spot,9edd837be609d4f76aa3e6bfe1b66860879a74b89b7edeac353012f9c932fc8a,1200,800,RGB,214187,train
PHYTO_RAW_0169,Dataset of groundnut plant leaf images for classification and detection/Raw_Data/early_leaf_spot/IMG_2111.JPG,IMG_2111.JPG,early_leaf_spot,225d1502083fc2a174d14ebb30eaeb5e3af859bf380d37a0aa038fd1575402bf,1200,800,RGB,178501,train
PHYTO_RAW_0170,Dataset of groundnut plant leaf images for classification and detection/Raw_Data/early_leaf_spot/IMG_2112.JPG,IMG_2112.JPG,early_leaf_spot,d7ffb6e6fee717392ed0b658ea7f708f2d1fe41c6dc3b366f7669cf330626233,1200,800,RGB,204143,train
PHYTO_RAW_0171,Dataset of groundnut plant leaf images for classification and detection/Raw_Data/early_leaf_spot/IMG_2113.JPG,IMG_2113.JPG,early_leaf_spot,e7bbacfa7a69558b075cc3c66dc08b6a2628d8c3e9b489b719ab6983272dd114,1200,800,RGB,211096,validation
PHYTO_RAW_0172,Dataset of groundnut plant leaf images for classification and detection/Raw_Data/early_leaf_spot/IMG_2114.JPG,IMG_2114.JPG,early_leaf_spot,02428ad32b8c9b835cfce349e5cdb0cd318b5a0d097925c804427d9f9cdef635,1200,800,RGB,217531,train
PHYTO_RAW_0173,Dataset of groundnut plant leaf images for classification and detection/Raw_Data/early_leaf_spot/IMG_2115.JPG,IMG_2115.JPG,early_leaf_spot,f44a9093cbb9f88e44090b2eef6c559cf2744575d6711856e81f338eafff5a86,1200,800,RGB,252543,train
PHYTO_RAW_0174,Dataset of groundnut plant leaf images for classification and detection/Raw_Data/early_leaf_spot/IMG_2116.JPG,IMG_2116.JPG,early_leaf_spot,880a409a325c3628eeff6aa7e1363fea9c16e765ec7979d76061a06315c7a3cf,1200,800,RGB,272750,train
PHYTO_RAW_0175,Dataset of groundnut plant leaf images for classification and detection/Raw_Data/early_leaf_spot/IMG_2117.JPG,IMG_2117.JPG,early_leaf_spot,c6eff94750ca2c54e8cde916e7690c7a7ba4612bc67850a233e9ec86d0a3ab5b,1200,800,RGB,261452,train
PHYTO_RAW_0176,Dataset of groundnut plant leaf images for classification and detection/Raw_Data/early_leaf_spot/IMG_2118.JPG,IMG_2118.JPG,early_leaf_spot,f348a88e55ca3630b2db81e0d8d23ba2708faa80f9beabf805f56e1b87bcf7cb,1200,800,RGB,208424,train
PHYTO_RAW_0177,Dataset of groundnut plant leaf images for classification and detection/Raw_Data/early_leaf_spot/IMG_2119.JPG,IMG_2119.JPG,early_leaf_spot,2c1c00703bad44004f6074783effbb5fc54504ae1cbfee7b2246518c0b64d871,1200,800,RGB,205011,train
PHYTO_RAW_0178,Dataset of groundnut plant leaf images for classification and detection/Raw_Data/early_leaf_spot/IMG_2120.JPG,IMG_2120.JPG,early_leaf_spot,a2702b124d5f180014867b76d018773d320d399c1fa2a2824f79e990b03457ab,1200,800,RGB,223360,train
PHYTO_RAW_0179,Dataset of groundnut plant leaf images for classification and detection/Raw_Data/early_leaf_spot/IMG_2121.JPG,IMG_2121.JPG,early_leaf_spot,c971a750687e0ec767b23b62e34ef7c31dcdce014eb1bdf4df67ccd2fbb2b8fc,1200,800,RGB,230610,train
PHYTO_RAW_0180,Dataset of groundnut plant leaf images for classification and detection/Raw_Data/early_leaf_spot/IMG_2122.JPG,IMG_2122.JPG,early_leaf_spot,16bbf218db854c5b5b61ffcf661eab6f415b3c6ff5a38396ea52d9ed68330407,1200,800,RGB,220401,train
PHYTO_RAW_0181,Dataset of groundnut plant leaf images for classification and detection/Raw_Data/early_leaf_spot/IMG_2123.JPG,IMG_2123.JPG,early_leaf_spot,6508e72a18db27509888b52d01f91efad36c1c592ef2333d977d7ec70a987c41,1200,800,RGB,271245,train
PHYTO_RAW_0182,Dataset of groundnut plant leaf images for classification and detection/Raw_Data/early_leaf_spot/IMG_2124.JPG,IMG_2124.JPG,early_leaf_spot,0145947ac7d22f94e2eeb4164b66b643fd66d488d92cab81f7042502bc14b634,1200,800,RGB,228827,train
PHYTO_RAW_0183,Dataset of groundnut plant leaf images for classification and detection/Raw_Data/early_leaf_spot/IMG_2125.JPG,IMG_2125.JPG,early_leaf_spot,3092ea32ce445667a653e0efad4eee57d53693fc07b32985dca1c77d97673575,1200,800,RGB,246618,train
PHYTO_RAW_0184,Dataset of groundnut plant leaf images for classification and detection/Raw_Data/early_leaf_spot/IMG_2126.JPG,IMG_2126.JPG,early_leaf_spot,7bb74418b662a9535d0f67303634c5e2bce71c2d612773c4d6cdfe1fa1037f74,1200,800,RGB,250252,validation
PHYTO_RAW_0185,Dataset of groundnut plant leaf images for classification and detection/Raw_Data/early_leaf_spot/IMG_2127.JPG,IMG_2127.JPG,early_leaf_spot,56f26e676f83566337d0a83a42114e006af45db5c88ace145c5ae289208b74fb,1200,800,RGB,268418,train
PHYTO_RAW_0186,Dataset of groundnut plant leaf images for classification and detection/Raw_Data/early_leaf_spot/IMG_2128.JPG,IMG_2128.JPG,early_leaf_spot,cf85cf9e8c5713f3fd28d4456f260345b236565f1e231b9c66d17c5616fd77c7,1200,800,RGB,279203,train
PHYTO_RAW_0187,Dataset of groundnut plant leaf images for classification and detection/Raw_Data/early_leaf_spot/IMG_2149.JPG,IMG_2149.JPG,early_leaf_spot,bfe43ccca3cee9c5f160bb7c49fd8883cb798107b157382fbc209eb9a59a4613,1200,800,RGB,266392,validation
PHYTO_RAW_0188,Dataset of groundnut plant leaf images for classification and detection/Raw_Data/early_leaf_spot/IMG_2150.JPG,IMG_2150.JPG,early_leaf_spot,95ee3c33ca22551b69103d5f1092f0a18ac1671ef28bbb11b631e8837300ee2b,1200,800,RGB,223418,test
PHYTO_RAW_0189,Dataset of groundnut plant leaf images for classification and detection/Raw_Data/early_leaf_spot/IMG_2151.JPG,IMG_2151.JPG,early_leaf_spot,761d116edef41cc1a02244ecd591243fa78044398a897ea58382ad23629e6ad9,1200,800,RGB,220890,train
PHYTO_RAW_0190,Dataset of groundnut plant leaf images for classification and detection/Raw_Data/early_leaf_spot/IMG_2152.JPG,IMG_2152.JPG,early_leaf_spot,b8d77053f1288942e5256286bf2c679ccde8f39682702ba9ff3fac2e115cd8c2,1200,800,RGB,216079,test
PHYTO_RAW_0191,Dataset of groundnut plant leaf images for classification and detection/Raw_Data/early_leaf_spot/IMG_2153.JPG,IMG_2153.JPG,early_leaf_spot,7adfaca1c8ef1f2c4a926ea27cfdf3c518c78745fedb060615fb435ed5e19a3c,1200,800,RGB,189500,train
PHYTO_RAW_0192,Dataset of groundnut plant leaf images for classification and detection/Raw_Data/early_leaf_spot/IMG_2154.JPG,IMG_2154.JPG,early_leaf_spot,9a90f5db76b58dd66e4d71ba5fedac1a2f84fb3f71a02e9c313c9798b80e9213,1200,800,RGB,220513,test
PHYTO_RAW_0193,Dataset of groundnut plant leaf images for classification and detection/Raw_Data/early_leaf_spot/IMG_2155.JPG,IMG_2155.JPG,early_leaf_spot,4ae5790f8969ddb8a028f75fb7aa27c99eeb400364ab4ad50532bb6eaa421ceb,1200,800,RGB,228410,train
PHYTO_RAW_0194,Dataset of groundnut plant leaf images for classification and detection/Raw_Data/early_leaf_spot/IMG_2156.JPG,IMG_2156.JPG,early_leaf_spot,ae9c44718f6d3db64eefce47aff4e5ef0a089b1af0c73e5b1489fdd3932d45b6,1200,800,RGB,211694,train
PHYTO_RAW_0195,Dataset of groundnut plant leaf images for classification and detection/Raw_Data/early_leaf_spot/IMG_2157.JPG,IMG_2157.JPG,early_leaf_spot,e6d0da5628b14e903fb14d91801e555130e0565fbeebb867b67c86ee1f41600a,1200,800,RGB,212561,train
PHYTO_RAW_0196,Dataset of groundnut plant leaf images for classification and detection/Raw_Data/early_leaf_spot/IMG_2158.JPG,IMG_2158.JPG,early_leaf_spot,d430378d96f47b0433c2c509d7e84ff61efc2e68d4a1a47052444ffe1286f2f0,1200,800,RGB,228488,train
PHYTO_RAW_0197,Dataset of groundnut plant leaf images for classification and detection/Raw_Data/early_leaf_spot/IMG_2159.JPG,IMG_2159.JPG,early_leaf_spot,5b560359628cfa809709f97466aa1344819d2244cf4a8b7a5e75d2d68caba6fc,1200,800,RGB,234973,train
PHYTO_RAW_0198,Dataset of groundnut plant leaf images for classification and detection/Raw_Data/early_leaf_spot/IMG_2160.JPG,IMG_2160.JPG,early_leaf_spot,ce7ef372328478520f313db6350aa0258184b084658a60d0df29a4d611c607c8,1200,800,RGB,239673,validation
PHYTO_RAW_0199,Dataset of groundnut plant leaf images for classification and detection/Raw_Data/early_leaf_spot/IMG_2161.JPG,IMG_2161.JPG,early_leaf_spot,814c81c4c7c6a76e5d9bf7ef7315a696cf82b1380af0f9c4563388b3d8bcde4b,1200,800,RGB,253330,train
PHYTO_RAW_0200,Dataset of groundnut plant leaf images for classification and detection/Raw_Data/early_leaf_spot/IMG_2162.JPG,IMG_2162.JPG,early_leaf_spot,585a6e4f6c49d228d24c06230c3ee11a175a937c8f04bb617545af81cb3fdd51,1200,800,RGB,247523,train
PHYTO_RAW_0201,Dataset of groundnut plant leaf images for classification and detection/Raw_Data/early_leaf_spot/IMG_2163.JPG,IMG_2163.JPG,early_leaf_spot,ba466518aa9bec1a6823ad4a8586388a651c633dd9c5a5eb2ec3865a1cd58340,1200,800,RGB,220952,test
PHYTO_RAW_0202,Dataset of groundnut plant leaf images for classification and detection/Raw_Data/early_leaf_spot/IMG_2164.JPG,IMG_2164.JPG,early_leaf_spot,968a91375b3340f8b6c2f3f1abfe10c9aea3604ad80121a312162ccbabf47e72,1200,800,RGB,285378,test
PHYTO_RAW_0203,Dataset of groundnut plant leaf images for classification and detection/Raw_Data/early_leaf_spot/IMG_2165.JPG,IMG_2165.JPG,early_leaf_spot,49e80cdd3846a4ced44148832e9313c052b45e23e7b1899507f09572b5bcc633,1200,800,RGB,299874,validation
PHYTO_RAW_0204,Dataset of groundnut plant leaf images for classification and detection/Raw_Data/early_leaf_spot/IMG_2166.JPG,IMG_2166.JPG,early_leaf_spot,8f2d82a41f83d35723e95723abc5351b9c904dec858d81acfc90980caafd8254,1200,800,RGB,296262,train
PHYTO_RAW_0205,Dataset of groundnut plant leaf images for classification and detection/Raw_Data/early_leaf_spot/IMG_2167.JPG,IMG_2167.JPG,early_leaf_spot,99e9428cbf7859b06872f826965990bb1599b5df47765d80cbaaa54b2be026b3,1200,800,RGB,294224,train
PHYTO_RAW_0206,Dataset of groundnut plant leaf images for classification and detection/Raw_Data/early_leaf_spot/IMG_2168.JPG,IMG_2168.JPG,early_leaf_spot,d5d70d76ed7338a66d07b8edbf14bd39becd6a61b541d133884f7e6720829e60,1200,800,RGB,257591,test
PHYTO_RAW_0207,Dataset of groundnut plant leaf images for classification and detection/Raw_Data/early_leaf_spot/IMG_2169.JPG,IMG_2169.JPG,early_leaf_spot,5aeb25b2c326273f466888bc542c2faacd29f193f996178a6725a6c848e85944,1200,800,RGB,275688,validation
PHYTO_RAW_0208,Dataset of groundnut plant leaf images for classification and detection/Raw_Data/early_leaf_spot/IMG_2170.JPG,IMG_2170.JPG,early_leaf_spot,1e8a1631f5efd5dac27506fbdefcb6410450bd05da7b75c1c64329755cc60892,1200,800,RGB,220707,train
PHYTO_RAW_0209,Dataset of groundnut plant leaf images for classification and detection/Raw_Data/early_leaf_spot/IMG_2171.JPG,IMG_2171.JPG,early_leaf_spot,fdd805f2e785faa5b5eafe9663d1a9ab3300b6ca19aaf7637c2f35372b9df281,1200,800,RGB,257453,train
PHYTO_RAW_0210,Dataset of groundnut plant leaf images for classification and detection/Raw_Data/early_leaf_spot/IMG_2172.JPG,IMG_2172.JPG,early_leaf_spot,0fb8e939230ccc1e2f70abba921fad7f29cbe934fb3f1884471ac3f58c89e861,1200,800,RGB,224260,train
PHYTO_RAW_0211,Dataset of groundnut plant leaf images for classification and detection/Raw_Data/early_leaf_spot/IMG_2185.JPG,IMG_2185.JPG,early_leaf_spot,75bb3ece13f3972d6da9b0549d86838e86975e77d3e6dede77a32946f8909490,1200,800,RGB,200822,train
PHYTO_RAW_0212,Dataset of groundnut plant leaf images for classification and detection/Raw_Data/early_leaf_spot/IMG_2186.JPG,IMG_2186.JPG,early_leaf_spot,6a3a5e7aaa7e72e3f2fb003cec76c2ddc27e9938177dc79194014efacc26882f,1200,800,RGB,216322,train
PHYTO_RAW_0213,Dataset of groundnut plant leaf images for classification and detection/Raw_Data/early_leaf_spot/IMG_2187.JPG,IMG_2187.JPG,early_leaf_spot,44dc5e6bcf6c4442a2bf9254971b2c7defeff7e0b21183cef574a0d4e0cdb2a9,1200,800,RGB,185117,train
PHYTO_RAW_0214,Dataset of groundnut plant leaf images for classification and detection/Raw_Data/early_leaf_spot/IMG_2188.JPG,IMG_2188.JPG,early_leaf_spot,674ed2e734d7af3ba698edb268d4283690d975974bcc17c64679d27857e79b69,1200,800,RGB,215708,train
PHYTO_RAW_0215,Dataset of groundnut plant leaf images for classification and detection/Raw_Data/early_leaf_spot/IMG_2234.JPG,IMG_2234.JPG,early_leaf_spot,501f9b3dad0966a79a35c3ca0e99f67c0bff8d95601b16337c44e39128e0e275,1200,800,RGB,264505,test
PHYTO_RAW_0216,Dataset of groundnut plant leaf images for classification and detection/Raw_Data/early_leaf_spot/IMG_2235.JPG,IMG_2235.JPG,early_leaf_spot,63c66c37e366301a81ae3dccf478e3834bb8b07707f3537f068b06902f1108c4,1200,800,RGB,312653,train
PHYTO_RAW_0217,Dataset of groundnut plant leaf images for classification and detection/Raw_Data/early_leaf_spot/IMG_2236.JPG,IMG_2236.JPG,early_leaf_spot,1f95b14b03e620f28e34091ae6fb1d8e0758fc6cd506aa1c915b22e2bf8eacd8,1200,800,RGB,310356,test
PHYTO_RAW_0218,Dataset of groundnut plant leaf images for classification and detection/Raw_Data/early_leaf_spot/IMG_2237.JPG,IMG_2237.JPG,early_leaf_spot,72651275b94628dcce696c6a151916b00a6033409766850e6bfd4266d8f17386,1200,800,RGB,245354,validation
PHYTO_RAW_0219,Dataset of groundnut plant leaf images for classification and detection/Raw_Data/early_leaf_spot/IMG_2238.JPG,IMG_2238.JPG,early_leaf_spot,7b8e17ff270b1a8872b6124330fe52ad0987ad849061f0421e1b4d74fb46778c,1200,800,RGB,300898,train
PHYTO_RAW_0220,Dataset of groundnut plant leaf images for classification and detection/Raw_Data/early_leaf_spot/IMG_2239.JPG,IMG_2239.JPG,early_leaf_spot,c310038fcb3df188304b919fea142809b4b520c9d5c280c2a94ba7d65d3b08af,1200,800,RGB,297284,validation
PHYTO_RAW_0221,Dataset of groundnut plant leaf images for classification and detection/Raw_Data/early_leaf_spot/IMG_2257.JPG,IMG_2257.JPG,early_leaf_spot,2bd34463b569a4425ce9de4b251c9ea3d39e99a7d1d6b93377354a0ffd94c287,1200,800,RGB,311679,train
PHYTO_RAW_0222,Dataset of groundnut plant leaf images for classification and detection/Raw_Data/early_leaf_spot/IMG_2258.JPG,IMG_2258.JPG,early_leaf_spot,dae0e19664d0f2d120afa34c37b5819d18c72a1c4367f5346801564a7597e4b5,1200,800,RGB,321147,train
PHYTO_RAW_0223,Dataset of groundnut plant leaf images for classification and detection/Raw_Data/early_leaf_spot/IMG_2259.JPG,IMG_2259.JPG,early_leaf_spot,672434a455cd6550a4c334369ed0c191ac272ba3690e20ec687f58395c7e4bfb,1200,800,RGB,301436,train
PHYTO_RAW_0224,Dataset of groundnut plant leaf images for classification and detection/Raw_Data/early_leaf_spot/IMG_2260.JPG,IMG_2260.JPG,early_leaf_spot,189e1076b460b883364d1aac91e74e6faaf4cbf2583a6f232566571b3bbd1711,1200,800,RGB,366062,train
PHYTO_RAW_0225,Dataset of groundnut plant leaf images for classification and detection/Raw_Data/early_leaf_spot/IMG_2309.JPG,IMG_2309.JPG,early_leaf_spot,1e51f92d1d0d0dd239ba023047b9924a28835f93c14e3d6afbca853d6bb17f66,1200,800,RGB,258749,validation
PHYTO_RAW_0226,Dataset of groundnut plant leaf images for classification and detection/Raw_Data/early_leaf_spot/IMG_2310.JPG,IMG_2310.JPG,early_leaf_spot,d5579069adfac18abb2fa46d5247c3f85c6fa9476de9f85c4f123605d3e7afe6,1200,800,RGB,261105,train
PHYTO_RAW_0227,Dataset of groundnut plant leaf images for classification and detection/Raw_Data/early_leaf_spot/IMG_2311.JPG,IMG_2311.JPG,early_leaf_spot,d15925bf6c7c96844ffeb13ad7d9bf8f17ede5f6cc9d53b5c2d9ea1fa26c4e35,1200,800,RGB,272135,train
PHYTO_RAW_0228,Dataset of groundnut plant leaf images for classification and detection/Raw_Data/early_leaf_spot/IMG_2312.JPG,IMG_2312.JPG,early_leaf_spot,f21f98bbf398b887501b758b0ca4e976e52ad96d5101b3079ce4afc7deb28d83,1200,800,RGB,287529,train
PHYTO_RAW_0229,Dataset of groundnut plant leaf images for classification and detection/Raw_Data/early_leaf_spot/IMG_2313.JPG,IMG_2313.JPG,early_leaf_spot,c30de5344460a64de0f1a5b4b2e8d4f078d8519b4335d260ebd99903e1a23aa8,1200,800,RGB,241035,train
PHYTO_RAW_0230,Dataset of groundnut plant leaf images for classification and detection/Raw_Data/early_leaf_spot/IMG_2314.JPG,IMG_2314.JPG,early_leaf_spot,57fbeaeecc02427f94813cdfeeecb3125c5e107c51e3f52fb89aaf4ab1fda144,1200,800,RGB,277319,train
PHYTO_RAW_0231,Dataset of groundnut plant leaf images for classification and detection/Raw_Data/early_leaf_spot/IMG_2315.JPG,IMG_2315.JPG,early_leaf_spot,86c343f85ee92cf21d8cad556bd35ddf9211597804e9eca1bd17881a78fc5673,1200,800,RGB,236582,test
PHYTO_RAW_0232,Dataset of groundnut plant leaf images for classification and detection/Raw_Data/early_leaf_spot/IMG_2316.JPG,IMG_2316.JPG,early_leaf_spot,f6eff1d4daf7d1c6d78287f1a1d2263dd7655d12463724b06dde1d37ec305e24,1200,800,RGB,263332,train
PHYTO_RAW_0233,Dataset of groundnut plant leaf images for classification and detection/Raw_Data/early_leaf_spot/IMG_2317.JPG,IMG_2317.JPG,early_leaf_spot,90f4ad97dd056a4564ff073f748e8eeaa28db0ec7d0bcbb0492b3251ebe7ea0e,1200,800,RGB,239014,validation
PHYTO_RAW_0234,Dataset of groundnut plant leaf images for classification and detection/Raw_Data/early_leaf_spot/IMG_2318.JPG,IMG_2318.JPG,early_leaf_spot,33ab981c6945d4e3b8f8436829e3fbf2509fe5e851a6f9115dba36b6c6e2b38e,1200,800,RGB,238696,validation
PHYTO_RAW_0235,Dataset of groundnut plant leaf images for classification and detection/Raw_Data/early_leaf_spot/IMG_2319.JPG,IMG_2319.JPG,early_leaf_spot,f06ca8eba6396f01e3aa154f0e5c874605574c6af1f852b572577457985be633,1200,800,RGB,233153,train
PHYTO_RAW_0236,Dataset of groundnut plant leaf images for classification and detection/Raw_Data/early_leaf_spot/IMG_2320.JPG,IMG_2320.JPG,early_leaf_spot,cb81d953f8eda78732980bbe43e01d1a6c33b4649dc53ee40fd83a077cbabf0e,1200,800,RGB,253827,train
PHYTO_RAW_0237,Dataset of groundnut plant leaf images for classification and detection/Raw_Data/early_leaf_spot/IMG_2321.JPG,IMG_2321.JPG,early_leaf_spot,534c46cf980f98e2a2ec30e1fa5651f5c3c472531c9b2a60bc61c6efcafbc892,1200,800,RGB,285380,train
PHYTO_RAW_0238,Dataset of groundnut plant leaf images for classification and detection/Raw_Data/early_leaf_spot/IMG_2322.JPG,IMG_2322.JPG,early_leaf_spot,9cc0086564c5d2de591748603e9ff673acb56729a03757e781b1fb041e3f2a7b,1200,800,RGB,281513,train
PHYTO_RAW_0239,Dataset of groundnut plant leaf images for classification and detection/Raw_Data/early_leaf_spot/IMG_2323.JPG,IMG_2323.JPG,early_leaf_spot,3bb0b3f1998298285b6b8e91261a1128e727ae9004ab83856a960dc1008c88eb,1200,800,RGB,277485,train
PHYTO_RAW_0240,Dataset of groundnut plant leaf images for classification and detection/Raw_Data/early_leaf_spot/IMG_2324.JPG,IMG_2324.JPG,early_leaf_spot,895da9078eb7717fa2d30ecacbeba7045fff24e4e72e3534b4604496b7d1fe72,1200,800,RGB,275634,train
PHYTO_RAW_0241,Dataset of groundnut plant leaf images for classification and detection/Raw_Data/early_leaf_spot/IMG_2325.JPG,IMG_2325.JPG,early_leaf_spot,1fe8f8fd62e0f3e80b254692712081f54c6658e06506ca77b8e95c890428b48f,1200,800,RGB,278015,validation
PHYTO_RAW_0242,Dataset of groundnut plant leaf images for classification and detection/Raw_Data/early_leaf_spot/IMG_2326.JPG,IMG_2326.JPG,early_leaf_spot,ba816ba6188e7adcca875c080c297e57b23c0177d7a0829e59b30a814b0eebf1,1200,800,RGB,285133,test
PHYTO_RAW_0243,Dataset of groundnut plant leaf images for classification and detection/Raw_Data/early_leaf_spot/IMG_2327.JPG,IMG_2327.JPG,early_leaf_spot,ed590ff5d4ef4e58b962e96758f7ea5f31d6be57ea4d5da6a5217f04a3cfd246,1200,800,RGB,235607,validation
PHYTO_RAW_0244,Dataset of groundnut plant leaf images for classification and detection/Raw_Data/early_leaf_spot/IMG_2328.JPG,IMG_2328.JPG,early_leaf_spot,76273dcb37405912ec9142a595b14eb9212584213cf2fdf5bb846b5e854dfd6e,1200,800,RGB,241459,test
PHYTO_RAW_0245,Dataset of groundnut plant leaf images for classification and detection/Raw_Data/early_leaf_spot/IMG_2329.JPG,IMG_2329.JPG,early_leaf_spot,d42487d6173ce268e9cc0f40721277f28f6e71a6e863b1febdac2b96199cc57e,1200,800,RGB,225138,train
PHYTO_RAW_0246,Dataset of groundnut plant leaf images for classification and detection/Raw_Data/early_leaf_spot/IMG_2330.JPG,IMG_2330.JPG,early_leaf_spot,1f0142e74a94c4f6379f7dd4875115456f939de4bf91d96c72d3c41a87d4b230,1200,800,RGB,226209,train
PHYTO_RAW_0247,Dataset of groundnut plant leaf images for classification and detection/Raw_Data/early_leaf_spot/IMG_2331.JPG,IMG_2331.JPG,early_leaf_spot,a605c5bd3692bc5083a280775960daaf2cb17f4f1e50a9e0685ba48c5240569c,1200,800,RGB,269482,validation
PHYTO_RAW_0248,Dataset of groundnut plant leaf images for classification and detection/Raw_Data/early_leaf_spot/IMG_2332.JPG,IMG_2332.JPG,early_leaf_spot,bef8a0aefcbc059b6eb8ec39786354d3ff1a0f94078575c6a0b33ffbd3d40328,1200,800,RGB,269271,train
PHYTO_RAW_0249,Dataset of groundnut plant leaf images for classification and detection/Raw_Data/early_leaf_spot/IMG_2333.JPG,IMG_2333.JPG,early_leaf_spot,eae12b48d935fa801737777180974ec3f629b9088ab6b32ea050fa190095659d,1200,800,RGB,249162,train
PHYTO_RAW_0250,Dataset of groundnut plant leaf images for classification and detection/Raw_Data/early_leaf_spot/IMG_2334.JPG,IMG_2334.JPG,early_leaf_spot,5a5ee97e901e378e8a77228673c7e75cfacff76f48ed6cb3bf8c24aa25b83af8,1200,800,RGB,239904,train
PHYTO_RAW_0251,Dataset of groundnut plant leaf images for classification and detection/Raw_Data/early_leaf_spot/IMG_2335.JPG,IMG_2335.JPG,early_leaf_spot,45b67448eac712821dfeedd1a1973dcc3085a87f7af0fb5552b7ae8deaff4ab7,1200,800,RGB,237590,train
PHYTO_RAW_0252,Dataset of groundnut plant leaf images for classification and detection/Raw_Data/early_leaf_spot/IMG_2336.JPG,IMG_2336.JPG,early_leaf_spot,6955b847f7285808bb69fee667c5ca09447deb7025deec5b26fe383bd4e8d713,1200,800,RGB,553402,test
PHYTO_RAW_0253,Dataset of groundnut plant leaf images for classification and detection/Raw_Data/early_leaf_spot/IMG_2337.JPG,IMG_2337.JPG,early_leaf_spot,cb3399976b2f1ee8b4b35e565c49fbec31647458e70133d12a78c348ea57abab,1200,800,RGB,565905,test
PHYTO_RAW_0254,Dataset of groundnut plant leaf images for classification and detection/Raw_Data/early_leaf_spot/IMG_2338.JPG,IMG_2338.JPG,early_leaf_spot,fbc75198d945a9e1e66d815398fceaf70c0e5c93c9dca5b795fca22a1f9ed9a6,1200,800,RGB,369818,train
PHYTO_RAW_0255,Dataset of groundnut plant leaf images for classification and detection/Raw_Data/early_leaf_spot/IMG_2339.JPG,IMG_2339.JPG,early_leaf_spot,3cb792a7349e5c8eb96d355ce56be45a285094a61625b5344ee24e9fe6d872db,1200,800,RGB,386631,train
PHYTO_RAW_0256,Dataset of groundnut plant leaf images for classification and detection/Raw_Data/early_leaf_spot/IMG_2340.JPG,IMG_2340.JPG,early_leaf_spot,b037a3b338d69803e4fe4ef39c7ced988c000963a6cfec9d42515c34cf0191d4,1200,800,RGB,415266,train
PHYTO_RAW_0257,Dataset of groundnut plant leaf images for classification and detection/Raw_Data/early_leaf_spot/IMG_2341.JPG,IMG_2341.JPG,early_leaf_spot,e2c12e350a551e12a465c65ccc0305c59bba5852dd996701d9cb58ff67f56f10,1200,800,RGB,409522,train
PHYTO_RAW_0258,Dataset of groundnut plant leaf images for classification and detection/Raw_Data/early_leaf_spot/IMG_2342.JPG,IMG_2342.JPG,early_leaf_spot,3c493f746f3bca9d2ff941570b225bae2f9f7d1400e7b72373b26ef5ef23c5d1,1200,800,RGB,403809,train
PHYTO_RAW_0259,Dataset of groundnut plant leaf images for classification and detection/Raw_Data/early_leaf_spot/IMG_2343.JPG,IMG_2343.JPG,early_leaf_spot,2a0e043b64a2f731fbb7ab244bac207beaf186087ab01f3597f8d91b8b525ab5,1200,800,RGB,419332,validation
PHYTO_RAW_0260,Dataset of groundnut plant leaf images for classification and detection/Raw_Data/early_leaf_spot/IMG_2344.JPG,IMG_2344.JPG,early_leaf_spot,7ff9f020db645ff235f904e014054c65262f2ad39c3d95f6acf55027c31ae46e,1200,800,RGB,408857,train
PHYTO_RAW_0261,Dataset of groundnut plant leaf images for classification and detection/Raw_Data/early_leaf_spot/IMG_2345.JPG,IMG_2345.JPG,early_leaf_spot,c4b41be64254bb268666c2f2c6e912f914626db922b33d4bfc412491fb597ac2,1200,800,RGB,313427,train
PHYTO_RAW_0262,Dataset of groundnut plant leaf images for classification and detection/Raw_Data/early_leaf_spot/IMG_2346.JPG,IMG_2346.JPG,early_leaf_spot,65fb0ccd042521f0245a39e1dd74ac8b57ba62d9ad68df8e8a4814615b67d1fd,1200,800,RGB,296650,train
PHYTO_RAW_0263,Dataset of groundnut plant leaf images for classification and detection/Raw_Data/early_leaf_spot/IMG_2707.JPG,IMG_2707.JPG,early_leaf_spot,724158bf0129898b65a41158668b70b17aac9045ac19395ae6b9b55d229017ee,1200,800,RGB,295986,validation
PHYTO_RAW_0264,Dataset of groundnut plant leaf images for classification and detection/Raw_Data/early_leaf_spot/IMG_2708.JPG,IMG_2708.JPG,early_leaf_spot,857a1a98054c84a7832eb50a57cce1cb427f0ed0502b2ebb695e9d9e280cf493,1200,800,RGB,257912,train
PHYTO_RAW_0265,Dataset of groundnut plant leaf images for classification and detection/Raw_Data/early_leaf_spot/IMG_2709.JPG,IMG_2709.JPG,early_leaf_spot,eecb6f61f0a213f1977af547603429ca7067c9930f8c76f50be9451a4ec1f154,1200,800,RGB,285993,train
PHYTO_RAW_0266,Dataset of groundnut plant leaf images for classification and detection/Raw_Data/early_leaf_spot/IMG_2710.JPG,IMG_2710.JPG,early_leaf_spot,e8f3211aee2470d9c517b3749e99f23ef6b949feca60e2145f332aafa807a326,1200,800,RGB,277690,train
PHYTO_RAW_0267,Dataset of groundnut plant leaf images for classification and detection/Raw_Data/early_leaf_spot/IMG_2711.JPG,IMG_2711.JPG,early_leaf_spot,7e15e0475ee74dfa367436f74f7f2b25103baf7d963fb8f14c3490b4affbf25d,1200,800,RGB,300264,train
PHYTO_RAW_0268,Dataset of groundnut plant leaf images for classification and detection/Raw_Data/early_leaf_spot/IMG_2712.JPG,IMG_2712.JPG,early_leaf_spot,9a5bd1d22df9385eb3c2ef05e3d3dab677853cd30cc914a8ea3a69e57bfb4536,1200,800,RGB,299196,validation
PHYTO_RAW_0269,Dataset of groundnut plant leaf images for classification and detection/Raw_Data/early_leaf_spot/IMG_2713.JPG,IMG_2713.JPG,early_leaf_spot,450c02f2bce5de0a28abf814cf14b17d9b8bbde66a19e629b5c7c371a20e70ce,1200,800,RGB,291691,train
PHYTO_RAW_0270,Dataset of groundnut plant leaf images for classification and detection/Raw_Data/early_leaf_spot/IMG_2714.JPG,IMG_2714.JPG,early_leaf_spot,3d3c390af9052c9a5266d2057b576c91fa4d4e2156371e10c96b10d2911b4998,1200,800,RGB,253072,test
PHYTO_RAW_0271,Dataset of groundnut plant leaf images for classification and detection/Raw_Data/early_leaf_spot/IMG_2715.JPG,IMG_2715.JPG,early_leaf_spot,eb29686fcded07c34f3132a96ed5211f19077dbedc0992975c5ef8126ed78aa1,1200,800,RGB,260105,test
PHYTO_RAW_0272,Dataset of groundnut plant leaf images for classification and detection/Raw_Data/early_leaf_spot/IMG_2716.JPG,IMG_2716.JPG,early_leaf_spot,8254645c08785c4dec03ca19df21f57574ffffec6d2787a765364a4eae9ab854,1200,800,RGB,293314,train
PHYTO_RAW_0273,Dataset of groundnut plant leaf images for classification and detection/Raw_Data/early_leaf_spot/IMG_2717.JPG,IMG_2717.JPG,early_leaf_spot,b82a83f881c1787b0f7992b4b813e49d42acbf9723c6cdf553880939db006e99,1200,800,RGB,280256,train
PHYTO_RAW_0274,Dataset of groundnut plant leaf images for classification and detection/Raw_Data/early_leaf_spot/IMG_2718.JPG,IMG_2718.JPG,early_leaf_spot,5821a0d3a524374337d0cf72b469942d042f73e07420d56aeb7260e6b1d39440,1200,800,RGB,268603,test
PHYTO_RAW_0275,Dataset of groundnut plant leaf images for classification and detection/Raw_Data/early_leaf_spot/IMG_2719.JPG,IMG_2719.JPG,early_leaf_spot,95fff4657569347307de1fba19260406d6209536ff60b827593f703b333d9245,1200,800,RGB,303591,train
PHYTO_RAW_0276,Dataset of groundnut plant leaf images for classification and detection/Raw_Data/early_leaf_spot/IMG_2720.JPG,IMG_2720.JPG,early_leaf_spot,986c8991ffa4f812e264adbcd7f18966c933bb7e39c4f72499ceae6578cbc563,1200,800,RGB,313147,train
PHYTO_RAW_0277,Dataset of groundnut plant leaf images for classification and detection/Raw_Data/early_leaf_spot/IMG_2721.JPG,IMG_2721.JPG,early_leaf_spot,e6a19b6692474898cde9bb84fee5d826f58ff641de7804aae37fecd711deaa0a,1200,800,RGB,291609,test
PHYTO_RAW_0278,Dataset of groundnut plant leaf images for classification and detection/Raw_Data/early_leaf_spot/IMG_2722.JPG,IMG_2722.JPG,early_leaf_spot,d72a140146638f69c3df4f600fec4e44209dcf524214e3606974c71ae9e21584,1200,800,RGB,276392,train
PHYTO_RAW_0279,Dataset of groundnut plant leaf images for classification and detection/Raw_Data/early_leaf_spot/IMG_2723.JPG,IMG_2723.JPG,early_leaf_spot,2b83aaf6ca3505e6fbd285a9a86e1068116a65358fdd1bcbd2f194062c328e2c,1200,800,RGB,292714,train
PHYTO_RAW_0280,Dataset of groundnut plant leaf images for classification and detection/Raw_Data/early_leaf_spot/IMG_2754.JPG,IMG_2754.JPG,early_leaf_spot,c743221a53491fdf48f1e90c95bfee41a6d44506f0a76963e0feaf817a3e7187,1200,800,RGB,244189,validation
PHYTO_RAW_0281,Dataset of groundnut plant leaf images for classification and detection/Raw_Data/early_leaf_spot/IMG_2755.JPG,IMG_2755.JPG,early_leaf_spot,1c025a6fa29ed8e861fb1cfcd6756bdf8d21b6ca57301afe17a1853c3bd81ae6,1200,800,RGB,233844,train
PHYTO_RAW_0282,Dataset of groundnut plant leaf images for classification and detection/Raw_Data/early_leaf_spot/IMG_2758.JPG,IMG_2758.JPG,early_leaf_spot,4ca0223899decafcfca7fa5b8f1d5bad0c0eca795cd213823a7d51179dc6d482,1200,800,RGB,251269,train
PHYTO_RAW_0283,Dataset of groundnut plant leaf images for classification and detection/Raw_Data/early_leaf_spot/IMG_2759.JPG,IMG_2759.JPG,early_leaf_spot,d3517ea51e2e4d854c70c5b36d9cd345bf7db80904a8b058099821bff92ac111,1200,800,RGB,224960,validation
PHYTO_RAW_0284,Dataset of groundnut plant leaf images for classification and detection/Raw_Data/early_leaf_spot/IMG_2760.JPG,IMG_2760.JPG,early_leaf_spot,a27a5b7b1c0088130e02c377f99c9d39e0db300509c69000643725d3ff497380,1200,800,RGB,248391,train
PHYTO_RAW_0285,Dataset of groundnut plant leaf images for classification and detection/Raw_Data/early_leaf_spot/IMG_2761.JPG,IMG_2761.JPG,early_leaf_spot,e9cb2d21bc6211d438254e2a16fd46f1bb9a41cc2829e147c905b5a161e152b7,1200,800,RGB,228719,train
PHYTO_RAW_0286,Dataset of groundnut plant leaf images for classification and detection/Raw_Data/early_leaf_spot/IMG_2762.JPG,IMG_2762.JPG,early_leaf_spot,8cdad994ae74883c257b663007501bdc9efcc13c636c5b23034f5a6e384b84d1,1200,800,RGB,304007,train
PHYTO_RAW_0287,Dataset of groundnut plant leaf images for classification and detection/Raw_Data/early_leaf_spot/IMG_2763.JPG,IMG_2763.JPG,early_leaf_spot,1f9b7b8c4b11a7a902d0a4a0f2c39a7cc22af597ce48e20cad30417bb2548456,1200,800,RGB,235964,train
PHYTO_RAW_0288,Dataset of groundnut plant leaf images for classification and detection/Raw_Data/early_leaf_spot/IMG_2764.JPG,IMG_2764.JPG,early_leaf_spot,dd2848f23e8297defcd4aa1287e739289fa5da33cf5dc91887c6d6ff1dba259c,1200,800,RGB,253785,train
PHYTO_RAW_0289,Dataset of groundnut plant leaf images for classification and detection/Raw_Data/early_leaf_spot/IMG_2765.JPG,IMG_2765.JPG,early_leaf_spot,767d82b3938b14fc3f0945aec114e0416b1212757c00e0a221ecb1b2248186b2,1200,800,RGB,184734,test
PHYTO_RAW_0290,Dataset of groundnut plant leaf images for classification and detection/Raw_Data/early_leaf_spot/IMG_2766.JPG,IMG_2766.JPG,early_leaf_spot,5c8f34de5eb14e24cd11f61e277e21460438473631de4680973d45d683925f67,1200,800,RGB,216176,train
PHYTO_RAW_0291,Dataset of groundnut plant leaf images for classification and detection/Raw_Data/early_leaf_spot/IMG_2767.JPG,IMG_2767.JPG,early_leaf_spot,df847f628c953cbd9b20982374b3b65f7ecd7f359dd8a67041eda1a1dfa38edf,1200,800,RGB,200287,train
PHYTO_RAW_0292,Dataset of groundnut plant leaf images for classification and detection/Raw_Data/early_leaf_spot/IMG_2785.JPG,IMG_2785.JPG,early_leaf_spot,439492b1bb6589e9498e69dc443b74f52e7f6ab7611c3934aa19edb4cc08d660,1200,800,RGB,249229,train
PHYTO_RAW_0293,Dataset of groundnut plant leaf images for classification and detection/Raw_Data/early_leaf_spot/IMG_2786.JPG,IMG_2786.JPG,early_leaf_spot,b4aa66d82a6d61b5e557ae4cd8807b463edb858d2c73cea1666a53ecc242e61a,1200,800,RGB,241842,train
PHYTO_RAW_0294,Dataset of groundnut plant leaf images for classification and detection/Raw_Data/early_leaf_spot/IMG_2787.JPG,IMG_2787.JPG,early_leaf_spot,49851ec6e4a3770a2b923df800a7484f9d4472c82beb90d08d6564be146aaf0a,1200,800,RGB,238217,validation
PHYTO_RAW_0295,Dataset of groundnut plant leaf images for classification and detection/Raw_Data/early_leaf_spot/IMG_2788.JPG,IMG_2788.JPG,early_leaf_spot,27ae45bb4f1f552e45650b1be8d0822336f558c1f4d414802a5a5bb79adbbcaa,1200,800,RGB,235485,train
PHYTO_RAW_0296,Dataset of groundnut plant leaf images for classification and detection/Raw_Data/early_leaf_spot/IMG_2799.JPG,IMG_2799.JPG,early_leaf_spot,0c346adea6859e0dd15ea55e858e01d604395cddb08a387ba650e658be5df58d,1200,800,RGB,270010,test
PHYTO_RAW_0297,Dataset of groundnut plant leaf images for classification and detection/Raw_Data/early_leaf_spot/IMG_2800.JPG,IMG_2800.JPG,early_leaf_spot,5a2d009729600ec2c56cf34eff03a0aee82dd9a24f400bb27dc21eae629599a5,1200,800,RGB,234366,train
PHYTO_RAW_0298,Dataset of groundnut plant leaf images for classification and detection/Raw_Data/early_leaf_spot/IMG_2801.JPG,IMG_2801.JPG,early_leaf_spot,81ead7bea61603c9f2a5c92e80a04c70ef85d737099957e1f22a4bc476037494,1200,800,RGB,225360,validation
PHYTO_RAW_0299,Dataset of groundnut plant leaf images for classification and detection/Raw_Data/early_leaf_spot/IMG_2802.JPG,IMG_2802.JPG,early_leaf_spot,c550d883b82e3d591dfbe3d702af1eadb967fef5a4578e9dbcdb98d2c57da15c,1200,800,RGB,253493,train
PHYTO_RAW_0300,Dataset of groundnut plant leaf images for classification and detection/Raw_Data/early_leaf_spot/IMG_2803.JPG,IMG_2803.JPG,early_leaf_spot,32f233158a85f92948697f2f93100db5db07038a748f06e33f8b8946e6712a57,1200,800,RGB,249107,train
PHYTO_RAW_0301,Dataset of groundnut plant leaf images for classification and detection/Raw_Data/early_leaf_spot/IMG_2804.JPG,IMG_2804.JPG,early_leaf_spot,2552e9bb6b767dd28e2135746bfd4262237119faad3e702476788ec7d6f4d652,1200,800,RGB,267869,train
PHYTO_RAW_0302,Dataset of groundnut plant leaf images for classification and detection/Raw_Data/early_leaf_spot/IMG_2858.JPG,IMG_2858.JPG,early_leaf_spot,f5c08e6dc58b2a91bacb6a6ac2cc4f1301d0c5440fd394ff5f9cb228875521ed,1200,800,RGB,204029,train
PHYTO_RAW_0303,Dataset of groundnut plant leaf images for classification and detection/Raw_Data/early_leaf_spot/IMG_2859.JPG,IMG_2859.JPG,early_leaf_spot,3967b028c8ac2990b06b79ebe2ffdf31463a01a0beeca867d9743da9fd548976,1200,800,RGB,234774,train
PHYTO_RAW_0304,Dataset of groundnut plant leaf images for classification and detection/Raw_Data/early_leaf_spot/IMG_2860.JPG,IMG_2860.JPG,early_leaf_spot,0198f9502e1d560638500b89eef5e102c7746907e80f507249f277d6d6e96e72,1200,800,RGB,178190,train
PHYTO_RAW_0305,Dataset of groundnut plant leaf images for classification and detection/Raw_Data/early_leaf_spot/IMG_2861.JPG,IMG_2861.JPG,early_leaf_spot,fe3f1e754ae062e31f569259973d233bbc62b4ed77fed457d38427dd491e39af,1200,800,RGB,210603,train
PHYTO_RAW_0306,Dataset of groundnut plant leaf images for classification and detection/Raw_Data/early_leaf_spot/IMG_2862.JPG,IMG_2862.JPG,early_leaf_spot,3bf3e6acc4c416d7eee31f5e92bd3fe44eb5219a5ca51b86fc71cc2ba12d330b,1200,800,RGB,249653,train
PHYTO_RAW_0307,Dataset of groundnut plant leaf images for classification and detection/Raw_Data/early_leaf_spot/IMG_2863.JPG,IMG_2863.JPG,early_leaf_spot,cea670fc03abc1c6085163de9d4da92daad84f52fa976184939bb6dd5b817123,1200,800,RGB,232279,train
PHYTO_RAW_0308,Dataset of groundnut plant leaf images for classification and detection/Raw_Data/early_leaf_spot/IMG_2864.JPG,IMG_2864.JPG,early_leaf_spot,ad28a739128bb3a8f24cb23937e9cac6930d4e4d0409e630318be5a9d6e64ebf,1200,800,RGB,202305,train
PHYTO_RAW_0309,Dataset of groundnut plant leaf images for classification and detection/Raw_Data/early_leaf_spot/IMG_2865.JPG,IMG_2865.JPG,early_leaf_spot,fe6a8aebef32a6211d3c4f4c1e0e2d5b05414f63dba4d38e95c73c5ad9743773,1200,800,RGB,234295,test
PHYTO_RAW_0310,Dataset of groundnut plant leaf images for classification and detection/Raw_Data/early_leaf_spot/IMG_2866.JPG,IMG_2866.JPG,early_leaf_spot,b1d6c66aa3884dbee078c2a9c45f20e0536dcc0fedbd29001fa25f8df751f1c4,1200,800,RGB,211249,train
PHYTO_RAW_0311,Dataset of groundnut plant leaf images for classification and detection/Raw_Data/early_leaf_spot/IMG_2867.JPG,IMG_2867.JPG,early_leaf_spot,7e636941603b1126b183a304528eebca276e33e869c62bfafbf8e199ec2d71d4,1200,800,RGB,237064,train
PHYTO_RAW_0312,Dataset of groundnut plant leaf images for classification and detection/Raw_Data/early_leaf_spot/IMG_2868.JPG,IMG_2868.JPG,early_leaf_spot,e1ed6a8c74b0cc08f274080db2aafae8823e5cf71f53160ed9d994b8780d9dd2,1200,800,RGB,242301,train
PHYTO_RAW_0313,Dataset of groundnut plant leaf images for classification and detection/Raw_Data/early_leaf_spot/IMG_2869.JPG,IMG_2869.JPG,early_leaf_spot,241b0d1944c09e11247e32d80603f1f4f34ded072dc130ad5be2c1abcf52f006,1200,800,RGB,224327,train
PHYTO_RAW_0314,Dataset of groundnut plant leaf images for classification and detection/Raw_Data/early_leaf_spot/IMG_2870.JPG,IMG_2870.JPG,early_leaf_spot,56699523eaca47760e9ebc1313f10c8b51574f2c8844f77e0384e9be2d9026e7,1200,800,RGB,216807,test
PHYTO_RAW_0315,Dataset of groundnut plant leaf images for classification and detection/Raw_Data/early_leaf_spot/IMG_2871.JPG,IMG_2871.JPG,early_leaf_spot,dde9b24a02f888df2b730af2b012c72e5e532e996856f2c64fb3d8363abe4e5e,1200,800,RGB,191629,train
PHYTO_RAW_0316,Dataset of groundnut plant leaf images for classification and detection/Raw_Data/early_leaf_spot/IMG_2872.JPG,IMG_2872.JPG,early_leaf_spot,a38aa39598d29c5e0a3d24d73419785df3d8b29200416560ca843ad07e10f9b7,1200,800,RGB,206159,test
PHYTO_RAW_0317,Dataset of groundnut plant leaf images for classification and detection/Raw_Data/early_leaf_spot/IMG_2873.JPG,IMG_2873.JPG,early_leaf_spot,90348a1f8429d2ce8fbd124c6c839b27ca9ff7044061efa6efa3b19fdffbc502,1200,800,RGB,213616,train
PHYTO_RAW_0318,Dataset of groundnut plant leaf images for classification and detection/Raw_Data/early_leaf_spot/IMG_2874.JPG,IMG_2874.JPG,early_leaf_spot,60329289f603e8d5ed4ecc1a74677b8d96db35c1311f12c7f61704b87cc1a8f5,1200,800,RGB,207917,validation
PHYTO_RAW_0319,Dataset of groundnut plant leaf images for classification and detection/Raw_Data/early_leaf_spot/IMG_2875.JPG,IMG_2875.JPG,early_leaf_spot,17a3eec18aca073704f5d3bff61ad8fe457fc207d2a7db3b0c4ff443601ad971,1200,800,RGB,220461,train
PHYTO_RAW_0320,Dataset of groundnut plant leaf images for classification and detection/Raw_Data/early_leaf_spot/IMG_2876.JPG,IMG_2876.JPG,early_leaf_spot,d7a5f338402faa09d58653513586d7c30ccf5e51934e41fdc67e851c35442277,1200,800,RGB,218828,train
PHYTO_RAW_0321,Dataset of groundnut plant leaf images for classification and detection/Raw_Data/early_leaf_spot/IMG_2877.JPG,IMG_2877.JPG,early_leaf_spot,55e6c00da5ee69d08d063bba34fa229740537dfc484e19c8bae6f902b082bbbd,1200,800,RGB,200757,train
PHYTO_RAW_0322,Dataset of groundnut plant leaf images for classification and detection/Raw_Data/early_leaf_spot/IMG_2878.JPG,IMG_2878.JPG,early_leaf_spot,ca0b693c8a78c33f0063041b785a1586576a03ccdc14108ec3215742b8f12c58,1200,800,RGB,231890,train
PHYTO_RAW_0323,Dataset of groundnut plant leaf images for classification and detection/Raw_Data/early_leaf_spot/IMG_2879.JPG,IMG_2879.JPG,early_leaf_spot,b3adf42764f02f580b6ae1743a5dbef291294aeddcedd8a76bfe9f65aa752780,1200,800,RGB,262154,train
PHYTO_RAW_0324,Dataset of groundnut plant leaf images for classification and detection/Raw_Data/early_leaf_spot/IMG_2880.JPG,IMG_2880.JPG,early_leaf_spot,62f6b7d2b36566dad9d44b5f0e742ab9017d3431ea3739e0720a11e69aca3f8f,1200,800,RGB,234889,train
PHYTO_RAW_0325,Dataset of groundnut plant leaf images for classification and detection/Raw_Data/early_leaf_spot/IMG_2881.JPG,IMG_2881.JPG,early_leaf_spot,84a51bffd847e967f561c2cc6d78e569726d19504824ab6c7e191c36f21daa77,1200,800,RGB,232012,train
PHYTO_RAW_0326,Dataset of groundnut plant leaf images for classification and detection/Raw_Data/early_leaf_spot/IMG_2882.JPG,IMG_2882.JPG,early_leaf_spot,c8e2a10e8f1707001c1bfb67e29c7ef29d7bc0e58db2302c560ec5497d823e5f,1200,800,RGB,248508,validation
PHYTO_RAW_0327,Dataset of groundnut plant leaf images for classification and detection/Raw_Data/early_leaf_spot/IMG_2883.JPG,IMG_2883.JPG,early_leaf_spot,42beb67c57e7ae266c9ad270492d3db277b4b2c5e5384d54621de622c99a78b1,1200,800,RGB,226875,train
PHYTO_RAW_0328,Dataset of groundnut plant leaf images for classification and detection/Raw_Data/early_leaf_spot/IMG_2884.JPG,IMG_2884.JPG,early_leaf_spot,daf4b1917a269e31b2ad775d27b10d5da640d14c144b7024dc20a41f657c6e2e,1200,800,RGB,225927,train
PHYTO_RAW_0329,Dataset of groundnut plant leaf images for classification and detection/Raw_Data/early_leaf_spot/IMG_2885.JPG,IMG_2885.JPG,early_leaf_spot,07d7ba482d898bd341ccaa31d8575779008aa9e843e0aee05bd88be81f77ce58,1200,800,RGB,210330,train
PHYTO_RAW_0330,Dataset of groundnut plant leaf images for classification and detection/Raw_Data/early_leaf_spot/IMG_2886.JPG,IMG_2886.JPG,early_leaf_spot,deb0e905cc212182fb9c33ad2621b23dfcac2313f41c6181edff1c40e1500c21,1200,800,RGB,226167,train
PHYTO_RAW_0331,Dataset of groundnut plant leaf images for classification and detection/Raw_Data/early_leaf_spot/IMG_2887.JPG,IMG_2887.JPG,early_leaf_spot,e5a10d53ea3b214a3a513d9dc38a11e553d55626f32e1d9b7b526a76ebdfe3f2,1200,800,RGB,203440,test
PHYTO_RAW_0332,Dataset of groundnut plant leaf images for classification and detection/Raw_Data/early_leaf_spot/IMG_2888.JPG,IMG_2888.JPG,early_leaf_spot,9ca52c736f90e4f21800e1428c59592efd9029201b5b9c5c8fd18d775abde69d,1200,800,RGB,216511,train
PHYTO_RAW_0333,Dataset of groundnut plant leaf images for classification and detection/Raw_Data/early_leaf_spot/IMG_2889.JPG,IMG_2889.JPG,early_leaf_spot,91b6360ad4ab0946612a327e92c9369fa824ee4e703cfdb887755246ac02695c,1200,800,RGB,200561,train
PHYTO_RAW_0334,Dataset of groundnut plant leaf images for classification and detection/Raw_Data/early_leaf_spot/IMG_2890.JPG,IMG_2890.JPG,early_leaf_spot,177399c28b895c166081d18854147856bdfdd88bd2b1d67a37bd7cb560eb93a6,1200,800,RGB,230892,train
PHYTO_RAW_0335,Dataset of groundnut plant leaf images for classification and detection/Raw_Data/early_leaf_spot/IMG_2891.JPG,IMG_2891.JPG,early_leaf_spot,f15af9978772ac7864333bcc28d66f0838bf94f9db2fce29cba5accadfe4dc42,1200,800,RGB,190970,train
PHYTO_RAW_0336,Dataset of groundnut plant leaf images for classification and detection/Raw_Data/early_leaf_spot/IMG_2892.JPG,IMG_2892.JPG,early_leaf_spot,0ebdac53c45cff2dea9a4198cb66f40c6a10fa240b74515c4a06deed820a8a62,1200,800,RGB,195309,train
PHYTO_RAW_0337,Dataset of groundnut plant leaf images for classification and detection/Raw_Data/early_leaf_spot/IMG_2893.JPG,IMG_2893.JPG,early_leaf_spot,85299d03581f65bb9d08d1fb1355c0cc39671bd2729c61273a27912c9ea5df0a,1200,800,RGB,194050,train
PHYTO_RAW_0338,Dataset of groundnut plant leaf images for classification and detection/Raw_Data/early_leaf_spot/IMG_2894.JPG,IMG_2894.JPG,early_leaf_spot,f9bd9560efc8d2be0aaf40731996a46d82f89793dc4f65853d99766f55866896,1200,800,RGB,214175,test
PHYTO_RAW_0339,Dataset of groundnut plant leaf images for classification and detection/Raw_Data/early_leaf_spot/IMG_2895.JPG,IMG_2895.JPG,early_leaf_spot,e4875e86eed55636445538f9742c20c7f410996e67e3cf427b186c153916b8aa,1200,800,RGB,218327,train
PHYTO_RAW_0340,Dataset of groundnut plant leaf images for classification and detection/Raw_Data/early_leaf_spot/IMG_2896.JPG,IMG_2896.JPG,early_leaf_spot,07abbccc4af5826510d5b34e221a0bdc031e0df0e9297fedca5233eac7cad1e9,1200,800,RGB,209365,test
PHYTO_RAW_0341,Dataset of groundnut plant leaf images for classification and detection/Raw_Data/early_leaf_spot/IMG_2897.JPG,IMG_2897.JPG,early_leaf_spot,506e498502a4a46c082343e6eedcbaf017d845942bcb2387855af98e560bbb20,1200,800,RGB,224560,train
PHYTO_RAW_0342,Dataset of groundnut plant leaf images for classification and detection/Raw_Data/early_leaf_spot/IMG_2898.JPG,IMG_2898.JPG,early_leaf_spot,142813c0f1efd0a833b8de04ed7b127b8a07fa25575e0e8f2c96311f462a2d30,1200,800,RGB,211999,train
PHYTO_RAW_0343,Dataset of groundnut plant leaf images for classification and detection/Raw_Data/early_leaf_spot/IMG_2899.JPG,IMG_2899.JPG,early_leaf_spot,6334e4e7b9d972315d29a17016d07cbf434d03676fa8b34e40f7dab5e2437a6a,1200,800,RGB,242868,train
PHYTO_RAW_0344,Dataset of groundnut plant leaf images for classification and detection/Raw_Data/early_leaf_spot/IMG_2900.JPG,IMG_2900.JPG,early_leaf_spot,49d0c320e9257314eb55d26a66ee1a76130657d5142468e81fcb9b2c3fdc72c8,1200,800,RGB,270868,test
PHYTO_RAW_0345,Dataset of groundnut plant leaf images for classification and detection/Raw_Data/early_leaf_spot/IMG_2901.JPG,IMG_2901.JPG,early_leaf_spot,3cb9c92da390f4ebedeaa9419097a46329a8339f9abffa74f51273d1b50bd0ea,1200,800,RGB,248320,train
PHYTO_RAW_0346,Dataset of groundnut plant leaf images for classification and detection/Raw_Data/early_leaf_spot/IMG_2902.JPG,IMG_2902.JPG,early_leaf_spot,1b4f4db5ae27a24d5fe2c69465ae8ec62fbdfb07a1090f7a8246d998eceaff74,1200,800,RGB,253584,test
PHYTO_RAW_0347,Dataset of groundnut plant leaf images for classification and detection/Raw_Data/early_leaf_spot/IMG_2903.JPG,IMG_2903.JPG,early_leaf_spot,52a1bc95ad08ec0db0bcd9a0004ca273b2a9ff1e6082db685ff7b683a453548b,1200,800,RGB,249188,train
PHYTO_RAW_0348,Dataset of groundnut plant leaf images for classification and detection/Raw_Data/early_leaf_spot/IMG_2904.JPG,IMG_2904.JPG,early_leaf_spot,2c5199cbaf104c5c966b2269f7793db7bae6224862136ca2c6384d862c425f16,1200,800,RGB,212274,validation
PHYTO_RAW_0349,Dataset of groundnut plant leaf images for classification and detection/Raw_Data/early_leaf_spot/IMG_2905.JPG,IMG_2905.JPG,early_leaf_spot,aed86951e697dacf0f56358223737fa17717954111ebdd758db90b6fe32f8049,1200,800,RGB,195924,validation
PHYTO_RAW_0350,Dataset of groundnut plant leaf images for classification and detection/Raw_Data/early_leaf_spot/IMG_2906.JPG,IMG_2906.JPG,early_leaf_spot,f3f6cec35a652d02e0166173af1de94a93bb1d6a730a09f4eb859ca37b950b00,1200,800,RGB,233502,train
PHYTO_RAW_0351,Dataset of groundnut plant leaf images for classification and detection/Raw_Data/early_leaf_spot/IMG_2907.JPG,IMG_2907.JPG,early_leaf_spot,ad5b3db55e095de78bc05ca2d3e14a9817b913610452bb96c4ebe9225fac1eda,1200,800,RGB,214221,train
PHYTO_RAW_0352,Dataset of groundnut plant leaf images for classification and detection/Raw_Data/early_leaf_spot/IMG_2908.JPG,IMG_2908.JPG,early_leaf_spot,6435f15a4eb815a397c7672924a2c4db34634ae92496527af27699350cc387a6,1200,800,RGB,246851,train
PHYTO_RAW_0353,Dataset of groundnut plant leaf images for classification and detection/Raw_Data/early_leaf_spot/IMG_2909.JPG,IMG_2909.JPG,early_leaf_spot,4441f30a004646a045e36055564afa9c2b17c2b11907af558bb49baeb8357955,1200,800,RGB,238311,train
PHYTO_RAW_0354,Dataset of groundnut plant leaf images for classification and detection/Raw_Data/early_leaf_spot/IMG_2910.JPG,IMG_2910.JPG,early_leaf_spot,58042db872a99a79b0513841b24a95594164a1db4b72ce1dac687027151cd461,1200,800,RGB,215457,train
PHYTO_RAW_0355,Dataset of groundnut plant leaf images for classification and detection/Raw_Data/early_leaf_spot/IMG_2911.JPG,IMG_2911.JPG,early_leaf_spot,47f26d020b39e6454aca5e7d5f08771dd4009b6585d0a73c3b37bc689f4f89f8,1200,800,RGB,306033,train
PHYTO_RAW_0356,Dataset of groundnut plant leaf images for classification and detection/Raw_Data/early_leaf_spot/IMG_2912.JPG,IMG_2912.JPG,early_leaf_spot,6410308f6bbda2ee028e02b15dcef97044087db10de9160fd02aa62f4f85364f,1200,800,RGB,307533,train
PHYTO_RAW_0357,Dataset of groundnut plant leaf images for classification and detection/Raw_Data/early_leaf_spot/IMG_2913.JPG,IMG_2913.JPG,early_leaf_spot,0da308ed3bf18c4c2cf396fcfdac0e0830957a694e4cb2932807054996134ae4,1200,800,RGB,280896,train
PHYTO_RAW_0358,Dataset of groundnut plant leaf images for classification and detection/Raw_Data/early_leaf_spot/IMG_2914.JPG,IMG_2914.JPG,early_leaf_spot,92cb223a189db85e8ff5d9cf4706bd961ece4942114f7516a09e5063d0f8374f,1200,800,RGB,267904,train
PHYTO_RAW_0359,Dataset of groundnut plant leaf images for classification and detection/Raw_Data/early_leaf_spot/IMG_2915.JPG,IMG_2915.JPG,early_leaf_spot,03520940fa384c4ce3df3803f50f646bf9c7b33530e84af2cd82e5bef4405bc8,1200,800,RGB,287940,validation
PHYTO_RAW_0360,Dataset of groundnut plant leaf images for classification and detection/Raw_Data/early_leaf_spot/IMG_2916.JPG,IMG_2916.JPG,early_leaf_spot,f86b1dd6a53ecc8401ad213d7c62957de069a68abfcb5f567e286e93d75842fc,1200,800,RGB,295563,train
PHYTO_RAW_0361,Dataset of groundnut plant leaf images for classification and detection/Raw_Data/early_leaf_spot/IMG_2917.JPG,IMG_2917.JPG,early_leaf_spot,bcfee6c53a67be2cc689b706c5056486028fbd603eaef2bfb08d94e0e2333b94,1200,800,RGB,223608,train
PHYTO_RAW_0362,Dataset of groundnut plant leaf images for classification and detection/Raw_Data/early_leaf_spot/IMG_2918.JPG,IMG_2918.JPG,early_leaf_spot,ae74bb06d298f62fba2cbb194c857ca54a0bd1ab98083cf0777e5733cde03a36,1200,800,RGB,284187,train
PHYTO_RAW_0363,Dataset of groundnut plant leaf images for classification and detection/Raw_Data/early_leaf_spot/IMG_2919.JPG,IMG_2919.JPG,early_leaf_spot,dd8041010c5c17758314102e6ebb9fa99848147d4b629520e26331f56467c9cc,1200,800,RGB,571801,train
PHYTO_RAW_0364,Dataset of groundnut plant leaf images for classification and detection/Raw_Data/early_leaf_spot/IMG_2952.JPG,IMG_2952.JPG,early_leaf_spot,a69cbd74449fdcb470a30abe09afa5ba43ed6274ed754d515260dab3b8ced46d,1200,800,RGB,280469,train
PHYTO_RAW_0365,Dataset of groundnut plant leaf images for classification and detection/Raw_Data/early_leaf_spot/IMG_2953.JPG,IMG_2953.JPG,early_leaf_spot,d5b497600834fdcbd102e187d5fb1d600d4f584d48e83932c77d4cc6116c5708,1200,800,RGB,208548,train
PHYTO_RAW_0366,Dataset of groundnut plant leaf images for classification and detection/Raw_Data/early_leaf_spot/IMG_2954.JPG,IMG_2954.JPG,early_leaf_spot,04c6356a94d9263f13b58fa254182499be5552f7a9074f00e1842fbaeb365f46,1200,800,RGB,251064,train
PHYTO_RAW_0367,Dataset of groundnut plant leaf images for classification and detection/Raw_Data/early_leaf_spot/IMG_2955.JPG,IMG_2955.JPG,early_leaf_spot,b531e032b3d150faa1a272d92680489d3353915a7bc4d42bd65533e5f83acb4a,1200,800,RGB,230346,test
PHYTO_RAW_0368,Dataset of groundnut plant leaf images for classification and detection/Raw_Data/early_leaf_spot/IMG_2956.JPG,IMG_2956.JPG,early_leaf_spot,05ca69e4d05489b2c9dfa736fadbf69e226aa9aeab6a406e56c3d43f410ab981,1200,800,RGB,220558,train
PHYTO_RAW_0369,Dataset of groundnut plant leaf images for classification and detection/Raw_Data/early_leaf_spot/IMG_2957.JPG,IMG_2957.JPG,early_leaf_spot,60f02156b7308f9c4c8e87fb8c4e315b8f6073bdcedd297fe79808af7817781e,1200,800,RGB,228361,train
PHYTO_RAW_0370,Dataset of groundnut plant leaf images for classification and detection/Raw_Data/early_leaf_spot/IMG_2969.JPG,IMG_2969.JPG,early_leaf_spot,652c0c09bcf1e6ac51424210260c6b5c6f6b4d41e89eff5a822520fd1ef24c2b,1200,800,RGB,259618,train
PHYTO_RAW_0371,Dataset of groundnut plant leaf images for classification and detection/Raw_Data/early_leaf_spot/IMG_2970.JPG,IMG_2970.JPG,early_leaf_spot,47de300a81c4bee3a786c3f979d00bfb44a97c7085669aecd3ffb58a0c0645b8,1200,800,RGB,253397,train
PHYTO_RAW_0372,Dataset of groundnut plant leaf images for classification and detection/Raw_Data/early_leaf_spot/IMG_2971.JPG,IMG_2971.JPG,early_leaf_spot,163cfa6fcbf7557137610b9627d193a30e1534b477954685319686856fe9d49f,1200,800,RGB,227004,train
PHYTO_RAW_0373,Dataset of groundnut plant leaf images for classification and detection/Raw_Data/early_leaf_spot/IMG_2972.JPG,IMG_2972.JPG,early_leaf_spot,556308eb5427745e8886beb353e2a821814fa9f7d3f18d1266e325cb24e26e66,1200,800,RGB,235421,test
PHYTO_RAW_0374,Dataset of groundnut plant leaf images for classification and detection/Raw_Data/early_leaf_spot/IMG_2985.JPG,IMG_2985.JPG,early_leaf_spot,be39d574edba4225da79d8f52fc4ec2a50c85c132f5b7d817896bcb3d2e2a6c2,1200,800,RGB,208278,validation
PHYTO_RAW_0375,Dataset of groundnut plant leaf images for classification and detection/Raw_Data/early_leaf_spot/IMG_2986.JPG,IMG_2986.JPG,early_leaf_spot,ad91fb336482c5af63d5191e159775fe4ee94d2f13bf62304aeeaf432272233f,1200,800,RGB,189943,train
PHYTO_RAW_0376,Dataset of groundnut plant leaf images for classification and detection/Raw_Data/early_leaf_spot/IMG_2987.JPG,IMG_2987.JPG,early_leaf_spot,39ace7526ad64db7568f638c651d822e70f58b56620b82250b3adffbca55f8e4,1200,800,RGB,223002,train
PHYTO_RAW_0377,Dataset of groundnut plant leaf images for classification and detection/Raw_Data/early_leaf_spot/IMG_2988.JPG,IMG_2988.JPG,early_leaf_spot,275d82866751d520312a49dff6ca35fcbbd885f355956ec0d4cdabcc087a512f,1200,800,RGB,214621,validation
PHYTO_RAW_0378,Dataset of groundnut plant leaf images for classification and detection/Raw_Data/early_leaf_spot/IMG_3025.JPG,IMG_3025.JPG,early_leaf_spot,9e8d7632a4c8ab4d89fe76b23bc776212e501a8e04d27083f0829b01dc94dded,1200,800,RGB,281012,train
PHYTO_RAW_0379,Dataset of groundnut plant leaf images for classification and detection/Raw_Data/early_leaf_spot/IMG_3026.JPG,IMG_3026.JPG,early_leaf_spot,f0fe5f6edb94297eb56946adc4a146925155ce619451f07d133823cc5fd6adb3,1200,800,RGB,220660,test
PHYTO_RAW_0380,Dataset of groundnut plant leaf images for classification and detection/Raw_Data/early_leaf_spot/IMG_3027.JPG,IMG_3027.JPG,early_leaf_spot,6350e19c32ac3e810ab464c4bcf1372d9f0c37830cebbca599b8409c3a06531f,1200,800,RGB,274120,test
PHYTO_RAW_0381,Dataset of groundnut plant leaf images for classification and detection/Raw_Data/early_leaf_spot/IMG_3028.JPG,IMG_3028.JPG,early_leaf_spot,71be3a197533761d03678bf9b54b419ad6b85ad85ffe1b184740743e82a725d5,1200,800,RGB,207076,train
PHYTO_RAW_0382,Dataset of groundnut plant leaf images for classification and detection/Raw_Data/early_leaf_spot/IMG_3029.JPG,IMG_3029.JPG,early_leaf_spot,fc2d2447ce799f18bfd08c99232b80a558134d2bf9798a71027f1bf37afb9ae6,1200,800,RGB,228772,train
PHYTO_RAW_0383,Dataset of groundnut plant leaf images for classification and detection/Raw_Data/early_leaf_spot/IMG_3030.JPG,IMG_3030.JPG,early_leaf_spot,65c1526688b523ec0905289d2b9f94c5f7fbe60ee81de7d65ce565e9b8811faf,1200,800,RGB,223902,train
PHYTO_RAW_0384,Dataset of groundnut plant leaf images for classification and detection/Raw_Data/early_leaf_spot/IMG_3031.JPG,IMG_3031.JPG,early_leaf_spot,32eb5383eb55e1077a21250e67463174c3a14b03f9cd3be561c8ceddd82bbd51,1200,800,RGB,210331,train
PHYTO_RAW_0385,Dataset of groundnut plant leaf images for classification and detection/Raw_Data/early_leaf_spot/IMG_3032.JPG,IMG_3032.JPG,early_leaf_spot,7720562bb07c74d66369c69154b84efcbdc57eb516dc0ddee4f302cecf97ef8d,1200,800,RGB,202695,validation
PHYTO_RAW_0386,Dataset of groundnut plant leaf images for classification and detection/Raw_Data/early_leaf_spot/IMG_3033.JPG,IMG_3033.JPG,early_leaf_spot,3f85e3bdff39bb7d81d4d7d20d89f5cc1c2da46590b802d497c8f4ecedbbd024,1200,800,RGB,229770,test
PHYTO_RAW_0387,Dataset of groundnut plant leaf images for classification and detection/Raw_Data/early_leaf_spot/IMG_3034.JPG,IMG_3034.JPG,early_leaf_spot,cab70b45d193ee5f35a73062aa7166e283350c66b268d5f9debde401b249df31,1200,800,RGB,264334,validation
PHYTO_RAW_0388,Dataset of groundnut plant leaf images for classification and detection/Raw_Data/early_leaf_spot/IMG_3035.JPG,IMG_3035.JPG,early_leaf_spot,e1bad159882c2943bab1717d360eca1d63b0026dd3631f6085a4ff41e385bbc8,1200,800,RGB,231543,test
PHYTO_RAW_0389,Dataset of groundnut plant leaf images for classification and detection/Raw_Data/early_leaf_spot/IMG_3036.JPG,IMG_3036.JPG,early_leaf_spot,b31cb084d5479e7d0512d53a5bce580b0fe7e0b8fb1105e5fd8596ee878a3b83,1200,800,RGB,231206,train
PHYTO_RAW_0390,Dataset of groundnut plant leaf images for classification and detection/Raw_Data/early_leaf_spot/IMG_3037.JPG,IMG_3037.JPG,early_leaf_spot,13c68fae5801cbe2b3ac06528326a245721743702deb3760007eed49f7174052,1200,800,RGB,220947,test
PHYTO_RAW_0391,Dataset of groundnut plant leaf images for classification and detection/Raw_Data/early_leaf_spot/IMG_3038.JPG,IMG_3038.JPG,early_leaf_spot,1ac5f35d53d6b58b5230bbe53639bd71e5b9d10defdcad87bfbae5f5893831da,1200,800,RGB,230890,train
PHYTO_RAW_0392,Dataset of groundnut plant leaf images for classification and detection/Raw_Data/early_leaf_spot/IMG_3046.JPG,IMG_3046.JPG,early_leaf_spot,cb4bc3333508c5826c126cfcc077134897ae70b739054605680f732da9eff4a8,1200,800,RGB,191271,test
PHYTO_RAW_0393,Dataset of groundnut plant leaf images for classification and detection/Raw_Data/early_leaf_spot/IMG_3047.JPG,IMG_3047.JPG,early_leaf_spot,37e24e7efd9aeb4da9f270ed4c3e1cbfe87c2a39d69c305bacde06df286bb127,1200,800,RGB,182141,validation
PHYTO_RAW_0394,Dataset of groundnut plant leaf images for classification and detection/Raw_Data/early_leaf_spot/IMG_3048.JPG,IMG_3048.JPG,early_leaf_spot,4d34a3f8e517f6289b93d0140a23977e08032446abd3db845f3999a38efb8bff,1200,800,RGB,196148,train
PHYTO_RAW_0395,Dataset of groundnut plant leaf images for classification and detection/Raw_Data/early_leaf_spot/IMG_3049.JPG,IMG_3049.JPG,early_leaf_spot,5758ce4752a0994aad846deb34ba222a58e7a3f92eb623e8387aecefa65c400d,1200,800,RGB,205593,train
PHYTO_RAW_0396,Dataset of groundnut plant leaf images for classification and detection/Raw_Data/early_leaf_spot/IMG_3050.JPG,IMG_3050.JPG,early_leaf_spot,df1dfca0894e701d8e04077507ec57176973cf8c368ef890b9401273259331fe,1200,800,RGB,216825,train
PHYTO_RAW_0397,Dataset of groundnut plant leaf images for classification and detection/Raw_Data/early_leaf_spot/IMG_3051.JPG,IMG_3051.JPG,early_leaf_spot,55683f8178b1d02e5535ce723177e4eaaf6deb4b9da2b38a8a97d8b415bef45c,1200,800,RGB,211569,train
PHYTO_RAW_0398,Dataset of groundnut plant leaf images for classification and detection/Raw_Data/early_leaf_spot/IMG_3052.JPG,IMG_3052.JPG,early_leaf_spot,b5f8a676b305c5bfbc2a66e7fc69d4f4eebf6d0822be1814df89c775c7925eec,1200,800,RGB,207593,validation
PHYTO_RAW_0399,Dataset of groundnut plant leaf images for classification and detection/Raw_Data/early_leaf_spot/IMG_3053.JPG,IMG_3053.JPG,early_leaf_spot,81484dae44797e464348af4ccf78436a6514d9c6afa18068ec391636b8f1f6c5,1200,800,RGB,227069,train
PHYTO_RAW_0400,Dataset of groundnut plant leaf images for classification and detection/Raw_Data/early_leaf_spot/IMG_3054.JPG,IMG_3054.JPG,early_leaf_spot,09a78dacbf6224669bc67f45faa77ede92692286c9652a04c648619f3008a324,1200,800,RGB,210871,train
PHYTO_RAW_0401,Dataset of groundnut plant leaf images for classification and detection/Raw_Data/early_leaf_spot/IMG_3055.JPG,IMG_3055.JPG,early_leaf_spot,9ebeb26d72a4f60ec390464fd6ce62339eb9811dff9e3327c85e7520cb9a5d47,1200,800,RGB,202181,validation
PHYTO_RAW_0402,Dataset of groundnut plant leaf images for classification and detection/Raw_Data/early_leaf_spot/IMG_3056.JPG,IMG_3056.JPG,early_leaf_spot,ac7d2d54c4d64d9a62206fdcb4286292fc0f91178f82103c0c5edc0ca558cf99,1200,800,RGB,198962,test
PHYTO_RAW_0403,Dataset of groundnut plant leaf images for classification and detection/Raw_Data/early_leaf_spot/IMG_3057.JPG,IMG_3057.JPG,early_leaf_spot,53e0e8b315efe829b6d6e50063824cbbe5f812258565b178c27cf013aa6a85c5,1200,800,RGB,189317,validation
PHYTO_RAW_0404,Dataset of groundnut plant leaf images for classification and detection/Raw_Data/early_leaf_spot/IMG_3058.JPG,IMG_3058.JPG,early_leaf_spot,0985d5e003d05bbb0a66965df5f5a1240d8b5809e2e52b56bce30a4bfc2efaae,1200,800,RGB,191907,train
PHYTO_RAW_0405,Dataset of groundnut plant leaf images for classification and detection/Raw_Data/early_leaf_spot/IMG_3059.JPG,IMG_3059.JPG,early_leaf_spot,763637d04ba6406002bdedfe72278edb50446b96b4bcad57dc1eb5301cba588b,1200,800,RGB,200618,train
PHYTO_RAW_0406,Dataset of groundnut plant leaf images for classification and detection/Raw_Data/early_leaf_spot/IMG_3060.JPG,IMG_3060.JPG,early_leaf_spot,1cf565b5ce10a73b058f85318180a6ba9bd039f5c5aebc14869fbbe216c04b44,1200,800,RGB,197792,train
PHYTO_RAW_0407,Dataset of groundnut plant leaf images for classification and detection/Raw_Data/early_leaf_spot/IMG_3061.JPG,IMG_3061.JPG,early_leaf_spot,83610e353fc448c5b704bd3d73f6fe36e2dc6913bcbf768640529ad3622f3c90,1200,800,RGB,244344,validation
PHYTO_RAW_0408,Dataset of groundnut plant leaf images for classification and detection/Raw_Data/early_leaf_spot/IMG_3062.JPG,IMG_3062.JPG,early_leaf_spot,a7d39f54e79e3f51473aa36c687bd9dd873b438523bcdac88a71519d541b1322,1200,800,RGB,199335,train
PHYTO_RAW_0409,Dataset of groundnut plant leaf images for classification and detection/Raw_Data/early_leaf_spot/IMG_3063.JPG,IMG_3063.JPG,early_leaf_spot,15c60498b7f74e29df61ff12e607423f722dfd7e51475ee66f6828bbf23cb91b,1200,800,RGB,173619,train
PHYTO_RAW_0410,Dataset of groundnut plant leaf images for classification and detection/Raw_Data/early_leaf_spot/IMG_3064.JPG,IMG_3064.JPG,early_leaf_spot,e36735fe512bae11458150264496a4e2076a4f87db952663a5604891286014a8,1200,800,RGB,267791,train
PHYTO_RAW_0411,Dataset of groundnut plant leaf images for classification and detection/Raw_Data/early_leaf_spot/IMG_3065.JPG,IMG_3065.JPG,early_leaf_spot,124f0f31f5b304949950c9bea21dcd8bd1e717cc079ac0bdbc2c52099052fbc3,1200,800,RGB,266019,validation
PHYTO_RAW_0412,Dataset of groundnut plant leaf images for classification and detection/Raw_Data/early_leaf_spot/IMG_3066.JPG,IMG_3066.JPG,early_leaf_spot,2aaedc8b1a97f5a417db3640d7d8d03789d1fbf7fe96044ee87137a395c2727a,1200,800,RGB,238619,train
PHYTO_RAW_0413,Dataset of groundnut plant leaf images for classification and detection/Raw_Data/early_leaf_spot/IMG_3067.JPG,IMG_3067.JPG,early_leaf_spot,eb0dcb1c23484d620db3647145acb486e044e6a1b78914d4469ca2667a09ff24,1200,800,RGB,247787,train
PHYTO_RAW_0414,Dataset of groundnut plant leaf images for classification and detection/Raw_Data/early_leaf_spot/IMG_3068.JPG,IMG_3068.JPG,early_leaf_spot,668e616c66e17e1a0a078145f3b33028fb6ff4308e1ffc6580e4606787dbb039,1200,800,RGB,271853,test
PHYTO_RAW_0415,Dataset of groundnut plant leaf images for classification and detection/Raw_Data/early_leaf_spot/IMG_3069.JPG,IMG_3069.JPG,early_leaf_spot,573e3db694ce626060fa3225b77942074b8eb5a00dd7af39a337faaa1858b37c,1200,800,RGB,258452,validation
PHYTO_RAW_0416,Dataset of groundnut plant leaf images for classification and detection/Raw_Data/early_leaf_spot/IMG_3070.JPG,IMG_3070.JPG,early_leaf_spot,4ce98c4f30819c9c6995f054f9fe0ddcffd97c199b224a48347c119494f7d3fc,1200,800,RGB,255575,validation
PHYTO_RAW_0417,Dataset of groundnut plant leaf images for classification and detection/Raw_Data/early_leaf_spot/IMG_3071.JPG,IMG_3071.JPG,early_leaf_spot,9ecc8712ff108ddff613809be739352d5aa0d7c118994a45f90efcf8fb0ad2a6,1200,800,RGB,210516,train
PHYTO_RAW_0418,Dataset of groundnut plant leaf images for classification and detection/Raw_Data/early_leaf_spot/IMG_3072.JPG,IMG_3072.JPG,early_leaf_spot,4f7b8f764a33a57b24d7af808b96f9c566c4ea124bca3788b3ea49455c3c2b6f,1200,800,RGB,217517,train
PHYTO_RAW_0419,Dataset of groundnut plant leaf images for classification and detection/Raw_Data/early_leaf_spot/IMG_3073.JPG,IMG_3073.JPG,early_leaf_spot,669d8c57088a1bda6f0cd39dee81e1f31ddcf5701fe4acdf79bbe208d3190262,1200,800,RGB,218528,test
PHYTO_RAW_0420,Dataset of groundnut plant leaf images for classification and detection/Raw_Data/early_leaf_spot/IMG_3074.JPG,IMG_3074.JPG,early_leaf_spot,baf162654799d94911f36843aa69ca296f525df9aec4a0ea7718963d6a2e3b34,1200,800,RGB,209366,train
PHYTO_RAW_0421,Dataset of groundnut plant leaf images for classification and detection/Raw_Data/early_leaf_spot/IMG_3075.JPG,IMG_3075.JPG,early_leaf_spot,84b3ed93233f978818defed2dce51fd11a70522ccff5dc6965eb604ef5c9e369,1200,800,RGB,227678,train
PHYTO_RAW_0422,Dataset of groundnut plant leaf images for classification and detection/Raw_Data/early_leaf_spot/IMG_3076.JPG,IMG_3076.JPG,early_leaf_spot,957f82936a78f5360d821e4ce9af5f24e4f08aedbffca599424fce46d450cd88,1200,800,RGB,229605,train
PHYTO_RAW_0423,Dataset of groundnut plant leaf images for classification and detection/Raw_Data/early_leaf_spot/IMG_3077.JPG,IMG_3077.JPG,early_leaf_spot,bbcb768b2993bae5db37cb1e7fcef58621f6b03fd6de0a9363f19d4626e99979,1200,800,RGB,234665,train
PHYTO_RAW_0424,Dataset of groundnut plant leaf images for classification and detection/Raw_Data/early_leaf_spot/IMG_3078.JPG,IMG_3078.JPG,early_leaf_spot,8634316ac4906542efedecc77c5b43b3842c20f81347cc790c0f4459d3deb960,1200,800,RGB,205455,train
PHYTO_RAW_0425,Dataset of groundnut plant leaf images for classification and detection/Raw_Data/early_leaf_spot/IMG_3079.JPG,IMG_3079.JPG,early_leaf_spot,fcb2c56fdd48b0eabd891d688da573129e098fada568653a7cdb614da4069e17,1200,800,RGB,226626,train
PHYTO_RAW_0426,Dataset of groundnut plant leaf images for classification and detection/Raw_Data/early_leaf_spot/IMG_3080.JPG,IMG_3080.JPG,early_leaf_spot,8acbd6a288c9a44c43a8dad8521aa91b7ed27c0e8562ef0b484b57910174eb78,1200,800,RGB,210661,train
PHYTO_RAW_0427,Dataset of groundnut plant leaf images for classification and detection/Raw_Data/early_leaf_spot/IMG_3081.JPG,IMG_3081.JPG,early_leaf_spot,dba95f6a3c314464be853b9a177571e09a0b55a7c171c51d77a3478155aad568,1200,800,RGB,215243,train
PHYTO_RAW_0428,Dataset of groundnut plant leaf images for classification and detection/Raw_Data/early_leaf_spot/IMG_3082.JPG,IMG_3082.JPG,early_leaf_spot,e27844400061e943136c080a5c96b356d77ea294c8f0717961246fa78e71bd11,1200,800,RGB,181859,test
PHYTO_RAW_0429,Dataset of groundnut plant leaf images for classification and detection/Raw_Data/early_leaf_spot/IMG_3083.JPG,IMG_3083.JPG,early_leaf_spot,02ecf311dbac2d55cb3957af9f7b136889fb148cf71200d3837ad4162f24dc8f,1200,800,RGB,228595,train
PHYTO_RAW_0430,Dataset of groundnut plant leaf images for classification and detection/Raw_Data/early_leaf_spot/IMG_3084.JPG,IMG_3084.JPG,early_leaf_spot,91cb7e91b77b4d2a978bed3dcb3ed9bf2c7c73729d5f463f4081cc23ab510d9e,1200,800,RGB,198746,train
PHYTO_RAW_0431,Dataset of groundnut plant leaf images for classification and detection/Raw_Data/early_leaf_spot/IMG_3085.JPG,IMG_3085.JPG,early_leaf_spot,0ddb28307a587c208584a09e4a6aff19c7005973c5b69256c1bae97ba6f875c2,1200,800,RGB,218137,train
PHYTO_RAW_0432,Dataset of groundnut plant leaf images for classification and detection/Raw_Data/early_leaf_spot/IMG_3086.JPG,IMG_3086.JPG,early_leaf_spot,9c91279c9e6a1e99bba8016b8de2393a6feb4c0c211420265a3eec9c6cd298c3,1200,800,RGB,212947,train
PHYTO_RAW_0433,Dataset of groundnut plant leaf images for classification and detection/Raw_Data/early_leaf_spot/IMG_3087.JPG,IMG_3087.JPG,early_leaf_spot,05623fe9d41cc5b75e9f46f3fec750e75a2ea9b00079d047073d06d5c4bcba43,1200,800,RGB,203137,train
PHYTO_RAW_0434,Dataset of groundnut plant leaf images for classification and detection/Raw_Data/early_leaf_spot/IMG_3088.JPG,IMG_3088.JPG,early_leaf_spot,2818655f23d73e85cd181df970bcf23cce25158625bc2a8d3ef55db84f4deab0,1200,800,RGB,231435,train
PHYTO_RAW_0435,Dataset of groundnut plant leaf images for classification and detection/Raw_Data/early_leaf_spot/IMG_3089.JPG,IMG_3089.JPG,early_leaf_spot,c601bfb6fdac2e4e5488a8f6dd5559a0a88d987b8715a1a8411857950c50801b,1200,800,RGB,187387,train
PHYTO_RAW_0436,Dataset of groundnut plant leaf images for classification and detection/Raw_Data/early_leaf_spot/IMG_3090.JPG,IMG_3090.JPG,early_leaf_spot,ef51eaeb9137d08fab4b809766722c5d1b8cabeb3633efeb231b13353b4bb6a5,1200,800,RGB,203322,test
PHYTO_RAW_0437,Dataset of groundnut plant leaf images for classification and detection/Raw_Data/early_leaf_spot/IMG_3091.JPG,IMG_3091.JPG,early_leaf_spot,63b1cc63822ecbce9a82486d87714a7c6c3bf79dc8998192b728eb910dee5115,1200,800,RGB,204561,train
PHYTO_RAW_0438,Dataset of groundnut plant leaf images for classification and detection/Raw_Data/early_leaf_spot/IMG_3092.JPG,IMG_3092.JPG,early_leaf_spot,e475f79decd72634ab2e894fefaf1f966ca81ad07180be35ea4b7c23bb48cf1f,1200,800,RGB,225884,train
PHYTO_RAW_0439,Dataset of groundnut plant leaf images for classification and detection/Raw_Data/early_leaf_spot/IMG_3093.JPG,IMG_3093.JPG,early_leaf_spot,c626809ca86fd4c2de80d51cdf96e0437708f9e03d2eb3456f27eba947a35519,1200,800,RGB,274536,validation
PHYTO_RAW_0440,Dataset of groundnut plant leaf images for classification and detection/Raw_Data/early_leaf_spot/IMG_3094.JPG,IMG_3094.JPG,early_leaf_spot,64c0b3830cb041fcee987bb5405e9ce3715381f1e9d19e7ac633295a33d5a6b2,1200,800,RGB,197316,train
PHYTO_RAW_0441,Dataset of groundnut plant leaf images for classification and detection/Raw_Data/early_leaf_spot/IMG_3095.JPG,IMG_3095.JPG,early_leaf_spot,7ce6f36adf1f0c04c80ae19123d834518428c3f9720de46d2c0d200e436d44ab,1200,800,RGB,195272,train
PHYTO_RAW_0442,Dataset of groundnut plant leaf images for classification and detection/Raw_Data/early_leaf_spot/IMG_3096.JPG,IMG_3096.JPG,early_leaf_spot,e56fb475dccf7144e6baac649c11ce9527b13c5472885832ade78baed4797b9e,1200,800,RGB,217334,validation
PHYTO_RAW_0443,Dataset of groundnut plant leaf images for classification and detection/Raw_Data/early_leaf_spot/IMG_3143.JPG,IMG_3143.JPG,early_leaf_spot,a70535ce5b5251ccc81843f199b595ebc91ea6130184d6e36d755ed1c28c83c4,1200,800,RGB,267383,train
PHYTO_RAW_0444,Dataset of groundnut plant leaf images for classification and detection/Raw_Data/early_leaf_spot/IMG_3144.JPG,IMG_3144.JPG,early_leaf_spot,49ff725b62ab17c22541be5ad093c1455f894c220d01f6012f2586a586ea7e58,1200,800,RGB,287489,train
PHYTO_RAW_0445,Dataset of groundnut plant leaf images for classification and detection/Raw_Data/early_leaf_spot/IMG_3145.JPG,IMG_3145.JPG,early_leaf_spot,26cd8dcab73ae2e184f7787ccf6019275b17e26dace2dfb7d93e1eea6d601433,1200,800,RGB,327645,train
PHYTO_RAW_0446,Dataset of groundnut plant leaf images for classification and detection/Raw_Data/early_leaf_spot/IMG_3461.JPG,IMG_3461.JPG,early_leaf_spot,53604b80afebe77f8bfb0bdadde3b1b2fdddeb4fb49cc1e69d8c4dde15f8580a,1200,800,RGB,217356,train
PHYTO_RAW_0447,Dataset of groundnut plant leaf images for classification and detection/Raw_Data/early_leaf_spot/IMG_3462.JPG,IMG_3462.JPG,early_leaf_spot,724edabd7d73e5ade9f97bf9896cf6f1245001d170672d4f3226f93ea9b82737,1200,800,RGB,228088,train
PHYTO_RAW_0448,Dataset of groundnut plant leaf images for classification and detection/Raw_Data/early_leaf_spot/IMG_3463.JPG,IMG_3463.JPG,early_leaf_spot,af88fcbda38ec3d6713b3072f7d985f6623a0bb83830449321ffa9da08c1485a,1200,800,RGB,202034,train
PHYTO_RAW_0449,Dataset of groundnut plant leaf images for classification and detection/Raw_Data/early_leaf_spot/IMG_3464.JPG,IMG_3464.JPG,early_leaf_spot,e65430d31381befe5b6960ea8894722ad79c21a4920bd2143bc84d955aed11de,1200,800,RGB,197434,train
PHYTO_RAW_0450,Dataset of groundnut plant leaf images for classification and detection/Raw_Data/early_leaf_spot/IMG_3465.JPG,IMG_3465.JPG,early_leaf_spot,60a8e0f05e8b60681233d1fb643ec5bddb313a6f8c46f4dbb77943140870e332,1200,800,RGB,220871,train
PHYTO_RAW_0451,Dataset of groundnut plant leaf images for classification and detection/Raw_Data/early_leaf_spot/IMG_3466.JPG,IMG_3466.JPG,early_leaf_spot,ab26b4f0bfef6720b8436d79c34b075053b7e56bf8a16a5e7b2f094be93322ef,1200,800,RGB,278875,train
PHYTO_RAW_0452,Dataset of groundnut plant leaf images for classification and detection/Raw_Data/early_leaf_spot/IMG_3467.JPG,IMG_3467.JPG,early_leaf_spot,a304072142e7fe64af38e11eb047fdb8d7893c54d2969900746bfe859bc07e07,1200,800,RGB,247743,train
PHYTO_RAW_0453,Dataset of groundnut plant leaf images for classification and detection/Raw_Data/early_leaf_spot/IMG_3468.JPG,IMG_3468.JPG,early_leaf_spot,aa3fe8e9a052133de2d21e1d43b315a519f7a91ed42ddd73334ed7a52c2b6aa2,1200,800,RGB,225813,train
PHYTO_RAW_0454,Dataset of groundnut plant leaf images for classification and detection/Raw_Data/early_leaf_spot/IMG_3469.JPG,IMG_3469.JPG,early_leaf_spot,7f73f0ace08acdcc0ed80435c360ad750823c4d19bfcdaba11842a488f013a51,1200,800,RGB,197512,train
PHYTO_RAW_0455,Dataset of groundnut plant leaf images for classification and detection/Raw_Data/early_leaf_spot/IMG_3470.JPG,IMG_3470.JPG,early_leaf_spot,b504c7e8bc61389713b8613eabb8c053617bc50f7b4743a6ba818ad04e032142,1200,800,RGB,216192,test
PHYTO_RAW_0456,Dataset of groundnut plant leaf images for classification and detection/Raw_Data/early_leaf_spot/IMG_3471.JPG,IMG_3471.JPG,early_leaf_spot,b51ae330b0c00b8864556fff759b2e14dfa90a025b6b680000b8a9941f48c4c7,1200,800,RGB,181287,test
PHYTO_RAW_0457,Dataset of groundnut plant leaf images for classification and detection/Raw_Data/early_leaf_spot/IMG_3472.JPG,IMG_3472.JPG,early_leaf_spot,dee7d61d8e11e1e747c0ec8ee27a5a36316659b0935864b90f3dcab580e9ef72,1200,800,RGB,222935,train
PHYTO_RAW_0458,Dataset of groundnut plant leaf images for classification and detection/Raw_Data/early_leaf_spot/IMG_3473.JPG,IMG_3473.JPG,early_leaf_spot,3f4f4553367b4a9475ff721310f06bb6d736f298937bb721d69894b76beddb56,1200,800,RGB,252613,train
PHYTO_RAW_0459,Dataset of groundnut plant leaf images for classification and detection/Raw_Data/early_leaf_spot/IMG_3474.JPG,IMG_3474.JPG,early_leaf_spot,0debbb7ffc4bb6da156d7c5b80c2ff30d247f66573f77647c19816fb082464ce,1200,800,RGB,189304,test
PHYTO_RAW_0460,Dataset of groundnut plant leaf images for classification and detection/Raw_Data/early_leaf_spot/IMG_3475.JPG,IMG_3475.JPG,early_leaf_spot,e73ba157bacec9c109512407dfd3127f386c34f88b126bf32a93851f81961212,1200,800,RGB,202161,test
PHYTO_RAW_0461,Dataset of groundnut plant leaf images for classification and detection/Raw_Data/early_leaf_spot/IMG_3476.JPG,IMG_3476.JPG,early_leaf_spot,27d341317ff40e9ff57f17effe515c77854c20e2bdadf4f881a82b3e58b1dbcc,1200,800,RGB,199767,validation
PHYTO_RAW_0462,Dataset of groundnut plant leaf images for classification and detection/Raw_Data/early_leaf_spot/IMG_3477.JPG,IMG_3477.JPG,early_leaf_spot,4989c27af4bb30bd0fd701bb84a48a0038db65ebe1aad2c2b78b28b0948e8481,1200,800,RGB,217363,test
PHYTO_RAW_0463,Dataset of groundnut plant leaf images for classification and detection/Raw_Data/early_leaf_spot/IMG_3478.JPG,IMG_3478.JPG,early_leaf_spot,4958d04c404e7af933c37b37e4cb0d235afaa3354a4692e1ccf59ad86af752ad,1200,800,RGB,212256,train
PHYTO_RAW_0464,Dataset of groundnut plant leaf images for classification and detection/Raw_Data/early_leaf_spot/IMG_3479.JPG,IMG_3479.JPG,early_leaf_spot,57d8e993ae5f5fce6a92832a13616ac483b8acfcd5045c49291e7a3560050e7f,1200,800,RGB,258136,validation
PHYTO_RAW_0465,Dataset of groundnut plant leaf images for classification and detection/Raw_Data/early_leaf_spot/IMG_3480.JPG,IMG_3480.JPG,early_leaf_spot,36ce1a897484c752566c857b2ced333839852d149327fa0e2636bc9f580262fb,1200,800,RGB,244538,train
PHYTO_RAW_0466,Dataset of groundnut plant leaf images for classification and detection/Raw_Data/early_leaf_spot/IMG_3481.JPG,IMG_3481.JPG,early_leaf_spot,1c1e74b4e70b8dc3965e244b5cac5467b8e7b141db02f48723c2cc53d43b3f6c,1200,800,RGB,281237,train
PHYTO_RAW_0467,Dataset of groundnut plant leaf images for classification and detection/Raw_Data/early_leaf_spot/IMG_3482.JPG,IMG_3482.JPG,early_leaf_spot,0a2a1c916ec2be1c1f68dfff06517bef76a324d9db70e60768382fde99cd422f,1200,800,RGB,202789,test
PHYTO_RAW_0468,Dataset of groundnut plant leaf images for classification and detection/Raw_Data/early_leaf_spot/IMG_3483.JPG,IMG_3483.JPG,early_leaf_spot,02894661259f1b2a653f8d466c20429b3b05a6c7acee87c678579ce77a5d72c8,1200,800,RGB,219704,train
PHYTO_RAW_0469,Dataset of groundnut plant leaf images for classification and detection/Raw_Data/early_leaf_spot/IMG_3484.JPG,IMG_3484.JPG,early_leaf_spot,dcc3495415fd1fcccec05ccc2ba3cab874b113f317eb16ce4528b183677b0cb2,1200,800,RGB,197672,train
PHYTO_RAW_0470,Dataset of groundnut plant leaf images for classification and detection/Raw_Data/early_leaf_spot/IMG_3485.JPG,IMG_3485.JPG,early_leaf_spot,41b6c7c09dcd252ef03f99ce0a4ba2f8130e2cf34fb3271144652e61e4e60029,1200,800,RGB,286972,train
PHYTO_RAW_0471,Dataset of groundnut plant leaf images for classification and detection/Raw_Data/early_leaf_spot/IMG_3486.JPG,IMG_3486.JPG,early_leaf_spot,bb807f51205e4fe1fb8c6e244ff1b664556d82cdf9b7dc13297833e2a539d682,1200,800,RGB,226389,train
PHYTO_RAW_0472,Dataset of groundnut plant leaf images for classification and detection/Raw_Data/early_leaf_spot/IMG_3487.JPG,IMG_3487.JPG,early_leaf_spot,21954d2bfb1778beee336d4c8dbdcaf109e43a15f98a0914691ed2dc31a93d17,1200,800,RGB,251529,test
PHYTO_RAW_0473,Dataset of groundnut plant leaf images for classification and detection/Raw_Data/early_leaf_spot/IMG_3488.JPG,IMG_3488.JPG,early_leaf_spot,ac5ee0cb033e51683162e54dae5adfabcc52d39618ddb40994882b92d8d06c88,1200,800,RGB,282305,validation
PHYTO_RAW_0474,Dataset of groundnut plant leaf images for classification and detection/Raw_Data/early_leaf_spot/IMG_3489.JPG,IMG_3489.JPG,early_leaf_spot,e14653a5fa9219541a4785c9a2550dec47aab482fed3c0529c532d38e92c2655,1200,800,RGB,223779,train
PHYTO_RAW_0475,Dataset of groundnut plant leaf images for classification and detection/Raw_Data/early_leaf_spot/IMG_3490.JPG,IMG_3490.JPG,early_leaf_spot,2b8409128abbd3ac1c63c3cfef456201e24ade9fa0e6fc2ef2b2d43508e71338,1200,800,RGB,260961,test
PHYTO_RAW_0476,Dataset of groundnut plant leaf images for classification and detection/Raw_Data/early_leaf_spot/IMG_3491.JPG,IMG_3491.JPG,early_leaf_spot,39f2adacb16688f77ce83c4c3ed5fd575dccd8208915ed5d55e88897429e4c55,1200,800,RGB,232051,test
PHYTO_RAW_0477,Dataset of groundnut plant leaf images for classification and detection/Raw_Data/early_leaf_spot/IMG_3492.JPG,IMG_3492.JPG,early_leaf_spot,eb4c02933abef5ca8a8d8282f478bdc8cae917ddd4ca0c15b73bdfdc09b24d4b,1200,800,RGB,275079,test
PHYTO_RAW_0478,Dataset of groundnut plant leaf images for classification and detection/Raw_Data/early_leaf_spot/IMG_3493.JPG,IMG_3493.JPG,early_leaf_spot,66a8566363b8deb456431b685636da6fb2e1286494e946d1d8e8f465777dcc6c,1200,800,RGB,246878,train
PHYTO_RAW_0479,Dataset of groundnut plant leaf images for classification and detection/Raw_Data/early_leaf_spot/IMG_3494.JPG,IMG_3494.JPG,early_leaf_spot,e0f85f582b3a1c6a4eac214683b978aeedb8ba20f43db0731d3823e6cae675cd,1200,800,RGB,193868,train
PHYTO_RAW_0480,Dataset of groundnut plant leaf images for classification and detection/Raw_Data/early_leaf_spot/IMG_3495.JPG,IMG_3495.JPG,early_leaf_spot,8f97088642394e31b36f874e215a79ed0a52d86fae102eb26a64316cb3c2bd60,1200,800,RGB,259087,train
PHYTO_RAW_0481,Dataset of groundnut plant leaf images for classification and detection/Raw_Data/early_leaf_spot/IMG_3496.JPG,IMG_3496.JPG,early_leaf_spot,fb007e4ae8d5445784bc65b5bb7b17397f6e7292cb67d9dac454de969c4b6538,1200,800,RGB,187815,train
PHYTO_RAW_0482,Dataset of groundnut plant leaf images for classification and detection/Raw_Data/early_leaf_spot/IMG_3497.JPG,IMG_3497.JPG,early_leaf_spot,5fe0cb0ea265aa37f3ea3dc863e95475e32df52d4e9108de8349b6a11937b478,1200,800,RGB,262958,train
PHYTO_RAW_0483,Dataset of groundnut plant leaf images for classification and detection/Raw_Data/early_leaf_spot/IMG_3498.JPG,IMG_3498.JPG,early_leaf_spot,4aaf7749a9599bd1756ff98e97ae2b604a0cae89631dd52628d28c765dc7d181,1200,800,RGB,243893,train
PHYTO_RAW_0484,Dataset of groundnut plant leaf images for classification and detection/Raw_Data/early_leaf_spot/IMG_3608.JPG,IMG_3608.JPG,early_leaf_spot,236569420f9f866f19a0c8ea22b3ba878b3654ef7f767a299a6ba76cd9ccecdd,1200,800,RGB,215976,train
PHYTO_RAW_0485,Dataset of groundnut plant leaf images for classification and detection/Raw_Data/early_leaf_spot/IMG_3609.JPG,IMG_3609.JPG,early_leaf_spot,e86f6a2f386e64abf933598648f56d77acc571fbfecf341c919a7ad18bf0db6f,1200,800,RGB,234796,test
PHYTO_RAW_0486,Dataset of groundnut plant leaf images for classification and detection/Raw_Data/early_leaf_spot/IMG_3610.JPG,IMG_3610.JPG,early_leaf_spot,2a7692852751cdbe895de3a3a32f670bc2d41616a3d92cac46d7b34708194c9f,1200,800,RGB,206250,train
PHYTO_RAW_0487,Dataset of groundnut plant leaf images for classification and detection/Raw_Data/early_leaf_spot/IMG_3611.JPG,IMG_3611.JPG,early_leaf_spot,d34d21d4eed2ce9db4277eddecccc00dea670f147746cbaf53e66049d68b4f8c,1200,800,RGB,213266,train
PHYTO_RAW_0488,Dataset of groundnut plant leaf images for classification and detection/Raw_Data/early_leaf_spot/IMG_3612.JPG,IMG_3612.JPG,early_leaf_spot,1b5d8195fd0b6a9b51fd8d7e1c305f8425efec5abc754235d3e0763b03f724e3,1200,800,RGB,251929,train
PHYTO_RAW_0489,Dataset of groundnut plant leaf images for classification and detection/Raw_Data/early_leaf_spot/IMG_3613.JPG,IMG_3613.JPG,early_leaf_spot,8382ca36a83cbe5e152387d696376303eec4bf40d9c987e0c77b0fd06dc0e11f,1200,800,RGB,221862,validation
PHYTO_RAW_0490,Dataset of groundnut plant leaf images for classification and detection/Raw_Data/early_leaf_spot/IMG_3614.JPG,IMG_3614.JPG,early_leaf_spot,7dfafc8f9ea21b1bfdde4e788664131d9095f418724c5d12c322ef2acc8ae826,1200,800,RGB,244211,test
PHYTO_RAW_0491,Dataset of groundnut plant leaf images for classification and detection/Raw_Data/early_leaf_spot/IMG_3615.JPG,IMG_3615.JPG,early_leaf_spot,9b663d3a8af11e463046e9768b5faf02f9866051ddcbad107acc66c863abbe29,1200,800,RGB,269580,train
PHYTO_RAW_0492,Dataset of groundnut plant leaf images for classification and detection/Raw_Data/early_leaf_spot/IMG_3616.JPG,IMG_3616.JPG,early_leaf_spot,da2f84a11ffa2060a1233a899aafe626c9fb4ebc83165a2e73400946f01a1518,1200,800,RGB,207304,test
PHYTO_RAW_0493,Dataset of groundnut plant leaf images for classification and detection/Raw_Data/early_leaf_spot/IMG_3617.JPG,IMG_3617.JPG,early_leaf_spot,00dd76e14f2f1618e3cd0c7646b746fd7e60d3aec6aa8761232c112c156eb15c,1200,800,RGB,213908,test
PHYTO_RAW_0494,Dataset of groundnut plant leaf images for classification and detection/Raw_Data/early_leaf_spot/IMG_3618.JPG,IMG_3618.JPG,early_leaf_spot,aef6be53c9b31d0a82e4c035d261863d6b815c8e569a0392d127fb3f326fa29f,1200,800,RGB,229516,train
PHYTO_RAW_0495,Dataset of groundnut plant leaf images for classification and detection/Raw_Data/early_leaf_spot/IMG_3619.JPG,IMG_3619.JPG,early_leaf_spot,bcc9baef74de60db5174ad9bb05831499ed3e5f0135c4d1deb3d83a8db0e211b,1200,800,RGB,226190,train
PHYTO_RAW_0496,Dataset of groundnut plant leaf images for classification and detection/Raw_Data/early_leaf_spot/IMG_3620.JPG,IMG_3620.JPG,early_leaf_spot,bda7ffb6871c1299243e3237b56cac3f8a4a7a16e97cd319eb82a261e727129d,1200,800,RGB,227891,train
PHYTO_RAW_0497,Dataset of groundnut plant leaf images for classification and detection/Raw_Data/early_leaf_spot/IMG_3621.JPG,IMG_3621.JPG,early_leaf_spot,1668f04a83c9c35305bb2e93ce19aaf9d254cd96d262f74adc4e769d43a3fb8f,1200,800,RGB,242376,validation
PHYTO_RAW_0498,Dataset of groundnut plant leaf images for classification and detection/Raw_Data/early_leaf_spot/IMG_3622.JPG,IMG_3622.JPG,early_leaf_spot,0c1064f5fc7d1b63ac4a085f4390745cfd7a588a167d95656185e60c9462e08e,1200,800,RGB,228157,train
PHYTO_RAW_0499,Dataset of groundnut plant leaf images for classification and detection/Raw_Data/early_leaf_spot/IMG_3623.JPG,IMG_3623.JPG,early_leaf_spot,4d82cbc666d808e53b62e9c169fbd5f9f85253c24df1b85d81bb9f0598339a10,1200,800,RGB,265045,test
PHYTO_RAW_0500,Dataset of groundnut plant leaf images for classification and detection/Raw_Data/early_leaf_spot/IMG_3624.JPG,IMG_3624.JPG,early_leaf_spot,efbbdc9b0db34b4e4bf64a8042264c178fd068e5af44365347234e036bd8e8bc,1200,800,RGB,215296,train
PHYTO_RAW_0501,Dataset of groundnut plant leaf images for classification and detection/Raw_Data/early_leaf_spot/IMG_3625.JPG,IMG_3625.JPG,early_leaf_spot,6f95c08de65af35a0f6298ac36628d3cba006f64c93fa76512f8c3174e0f2497,1200,800,RGB,266209,train
PHYTO_RAW_0502,Dataset of groundnut plant leaf images for classification and detection/Raw_Data/early_leaf_spot/IMG_3626.JPG,IMG_3626.JPG,early_leaf_spot,9af83cf48b547a264c47ecfb62d4e49f68decad01ce0b69a0e1de42987771754,1200,800,RGB,237285,train
PHYTO_RAW_0503,Dataset of groundnut plant leaf images for classification and detection/Raw_Data/early_leaf_spot/IMG_3627.JPG,IMG_3627.JPG,early_leaf_spot,2f56ee4c0348d082f9afd9f8d90232a0defcd646150dacbf6e009c56407846fc,1200,800,RGB,250705,validation
PHYTO_RAW_0504,Dataset of groundnut plant leaf images for classification and detection/Raw_Data/early_leaf_spot/IMG_3646.JPG,IMG_3646.JPG,early_leaf_spot,3e6ba483743e6eeec600e613ebeeb3da37c5705fa90392698404ff505cac833a,1200,800,RGB,193986,train
PHYTO_RAW_0505,Dataset of groundnut plant leaf images for classification and detection/Raw_Data/early_leaf_spot/IMG_3647.JPG,IMG_3647.JPG,early_leaf_spot,2b4b2e5687eed5f54e89154b09d0c81012d1210ae4a2f8b71c5f63cbfe379e0e,1200,800,RGB,216254,test
PHYTO_RAW_0506,Dataset of groundnut plant leaf images for classification and detection/Raw_Data/early_leaf_spot/IMG_3648.JPG,IMG_3648.JPG,early_leaf_spot,00d3cd96b0a93f670093acec77b58f582fe459648cd29333a019c94e95a6bc16,1200,800,RGB,224869,validation
PHYTO_RAW_0507,Dataset of groundnut plant leaf images for classification and detection/Raw_Data/early_leaf_spot/IMG_3649.JPG,IMG_3649.JPG,early_leaf_spot,daf4035dbbf4366448faab51d58259ee88588674fc85cad49ba44972866d9f60,1200,800,RGB,233604,train
PHYTO_RAW_0508,Dataset of groundnut plant leaf images for classification and detection/Raw_Data/early_leaf_spot/IMG_3650.JPG,IMG_3650.JPG,early_leaf_spot,f38e77aaa1b06b02a7a3552d9f1b1e864620a27d0d7cecd1ed28a2670deb0d72,1200,800,RGB,210059,train
PHYTO_RAW_0509,Dataset of groundnut plant leaf images for classification and detection/Raw_Data/early_leaf_spot/IMG_3651.JPG,IMG_3651.JPG,early_leaf_spot,43f67f791666da454a872f135d43248e5782fa404966b1a997eb9d7dd5fa99cf,1200,800,RGB,192625,test
PHYTO_RAW_0510,Dataset of groundnut plant leaf images for classification and detection/Raw_Data/early_leaf_spot/IMG_3652.JPG,IMG_3652.JPG,early_leaf_spot,ccff8318b34007ef9776f77dce716b19ee61907ffb24a8e29725825057945582,1200,800,RGB,185730,validation
PHYTO_RAW_0511,Dataset of groundnut plant leaf images for classification and detection/Raw_Data/early_leaf_spot/IMG_3653.JPG,IMG_3653.JPG,early_leaf_spot,4abfeb45aa5ea78face845548c92b0a61a2a6216c5558d247d4d944de181b056,1200,800,RGB,222667,test
PHYTO_RAW_0512,Dataset of groundnut plant leaf images for classification and detection/Raw_Data/early_leaf_spot/IMG_3654.JPG,IMG_3654.JPG,early_leaf_spot,43eb9b2f6ec3755a1380b16be7f7e0de0b8aaa20d63ff6f2ee6efcb1264e1e9f,1200,800,RGB,247412,train
PHYTO_RAW_0513,Dataset of groundnut plant leaf images for classification and detection/Raw_Data/early_leaf_spot/IMG_3655.JPG,IMG_3655.JPG,early_leaf_spot,8feeff9831728284cbb01b2977fb33a383b0d5e2ca36e7d02c206eb71e6e7755,1200,800,RGB,233634,train
PHYTO_RAW_0514,Dataset of groundnut plant leaf images for classification and detection/Raw_Data/early_leaf_spot/IMG_3656.JPG,IMG_3656.JPG,early_leaf_spot,d22d2740b4b70a78051e1b1c8061fc1de15bd857041355fcd1d6d0eacb46b1d0,1200,800,RGB,196555,train
PHYTO_RAW_0515,Dataset of groundnut plant leaf images for classification and detection/Raw_Data/early_leaf_spot/IMG_3657.JPG,IMG_3657.JPG,early_leaf_spot,ba650432b4e76a8819f9156a40627e2648a21366c8dca15ed5ae796a6dad83db,1200,800,RGB,206529,train
PHYTO_RAW_0516,Dataset of groundnut plant leaf images for classification and detection/Raw_Data/early_leaf_spot/IMG_3658.JPG,IMG_3658.JPG,early_leaf_spot,3a3632b79412b52969c9313d71eb8b690c637239712aa843ee2819df016b68cf,1200,800,RGB,272809,train
PHYTO_RAW_0517,Dataset of groundnut plant leaf images for classification and detection/Raw_Data/early_leaf_spot/IMG_3659.JPG,IMG_3659.JPG,early_leaf_spot,50ff7237dad578d3f1ecc2c016fe57d4c0652b8396a1e9ed0440250e4f3f7919,1200,800,RGB,221177,train
PHYTO_RAW_0518,Dataset of groundnut plant leaf images for classification and detection/Raw_Data/early_leaf_spot/IMG_3660.JPG,IMG_3660.JPG,early_leaf_spot,fbc10b9293ec54811236b97cda17e1b1e638e1dfee2cca947e9aad9e643f4bb4,1200,800,RGB,213947,train
PHYTO_RAW_0519,Dataset of groundnut plant leaf images for classification and detection/Raw_Data/early_leaf_spot/IMG_3661.JPG,IMG_3661.JPG,early_leaf_spot,2402a1caee362fea6f05a353a09446f52aa74031053f6e4735b298650d21a16f,1200,800,RGB,224355,train
PHYTO_RAW_0520,Dataset of groundnut plant leaf images for classification and detection/Raw_Data/early_leaf_spot/IMG_3662.JPG,IMG_3662.JPG,early_leaf_spot,ed3f3a2f0d0360f62d2beb95b0c21c962149196831132511d34d7de1cc61242d,1200,800,RGB,226355,train
PHYTO_RAW_0521,Dataset of groundnut plant leaf images for classification and detection/Raw_Data/early_leaf_spot/IMG_3663.JPG,IMG_3663.JPG,early_leaf_spot,47ba17da08286274916161f21c2d7f0523829da93024d19a1214f9c19b55351c,1200,800,RGB,219515,test
PHYTO_RAW_0522,Dataset of groundnut plant leaf images for classification and detection/Raw_Data/early_leaf_spot/IMG_3664.JPG,IMG_3664.JPG,early_leaf_spot,48bb05ab94a581b8ddd1d5932b73d5b85490f61d3cd240c2bbaa7627871f0cd5,1200,800,RGB,198927,train
PHYTO_RAW_0523,Dataset of groundnut plant leaf images for classification and detection/Raw_Data/early_leaf_spot/IMG_3665.JPG,IMG_3665.JPG,early_leaf_spot,ece3a324c4ff7810bfd9284aa2044d1dd29faeef1f73a61a9874444012dca4d9,1200,800,RGB,251387,train
PHYTO_RAW_0524,Dataset of groundnut plant leaf images for classification and detection/Raw_Data/early_leaf_spot/IMG_3666.JPG,IMG_3666.JPG,early_leaf_spot,7e89e7844325e0392e7047500e9fa392a43392d37a5d20dcd11ee7d5184fb187,1200,800,RGB,284542,train
PHYTO_RAW_0525,Dataset of groundnut plant leaf images for classification and detection/Raw_Data/early_leaf_spot/IMG_3667.JPG,IMG_3667.JPG,early_leaf_spot,bdd97bba5c24e3dcd12114ed8de3d46548107215b18b4d6cab5efba929fdff1c,1200,800,RGB,232725,validation
PHYTO_RAW_0526,Dataset of groundnut plant leaf images for classification and detection/Raw_Data/early_leaf_spot/IMG_3668.JPG,IMG_3668.JPG,early_leaf_spot,605ab0bd8ba7e06f11a839aba1ea0046c8287790e29d380b08ae67433032bbb3,1200,800,RGB,298557,train
PHYTO_RAW_0527,Dataset of groundnut plant leaf images for classification and detection/Raw_Data/early_leaf_spot/IMG_3669.JPG,IMG_3669.JPG,early_leaf_spot,027e226f259d38d7c500d538e7ede12af871d74d386d8eb1206df311801226c0,1200,800,RGB,231980,train
PHYTO_RAW_0528,Dataset of groundnut plant leaf images for classification and detection/Raw_Data/early_leaf_spot/IMG_3670.JPG,IMG_3670.JPG,early_leaf_spot,30b2a3871149c092a9a4cacd3d5197446ac88871a9cba5857a2970ff740342b9,1200,800,RGB,300817,train
PHYTO_RAW_0529,Dataset of groundnut plant leaf images for classification and detection/Raw_Data/early_leaf_spot/IMG_3671.JPG,IMG_3671.JPG,early_leaf_spot,4a3c5639d8e84bc340b7e2efd97b23c6d40e37997fb527853e60285a5fd35fd9,1200,800,RGB,217107,train
PHYTO_RAW_0530,Dataset of groundnut plant leaf images for classification and detection/Raw_Data/early_leaf_spot/IMG_3672.JPG,IMG_3672.JPG,early_leaf_spot,bd093db32d54be3f3c485ac80fcd13bac9f26ec3313c56bac124bcbf5e06d5bd,1200,800,RGB,232418,train
PHYTO_RAW_0531,Dataset of groundnut plant leaf images for classification and detection/Raw_Data/early_leaf_spot/IMG_3673.JPG,IMG_3673.JPG,early_leaf_spot,9cec8d5f95a0a7a9ab8c221b28ee4e34813be757ccbd319be948e97643e1e7aa,1200,800,RGB,255141,train
PHYTO_RAW_0532,Dataset of groundnut plant leaf images for classification and detection/Raw_Data/early_leaf_spot/IMG_3674.JPG,IMG_3674.JPG,early_leaf_spot,4f1fed340db6bae2c51c5fb0f1d7fd48bdc64d70fea5b89683070995974db103,1200,800,RGB,304169,train
PHYTO_RAW_0533,Dataset of groundnut plant leaf images for classification and detection/Raw_Data/early_leaf_spot/IMG_3675.JPG,IMG_3675.JPG,early_leaf_spot,ee816a329865763a467188efd8382aaddd4bbc3a939b0beca3a2bc382ef9dd48,1200,800,RGB,297878,train
PHYTO_RAW_0534,Dataset of groundnut plant leaf images for classification and detection/Raw_Data/early_leaf_spot/IMG_3676.JPG,IMG_3676.JPG,early_leaf_spot,65381da80a8c6207d22063a3747a9291867a747c6e5ff84a5cc96ec7cd95fd74,1200,800,RGB,286762,train
PHYTO_RAW_0535,Dataset of groundnut plant leaf images for classification and detection/Raw_Data/early_leaf_spot/IMG_3677.JPG,IMG_3677.JPG,early_leaf_spot,5fd2a47d039681296009240a8418c33ef879aa7aeb15e1b67bc8da866a33aa5d,1200,800,RGB,308593,train
PHYTO_RAW_0536,Dataset of groundnut plant leaf images for classification and detection/Raw_Data/early_leaf_spot/IMG_3678.JPG,IMG_3678.JPG,early_leaf_spot,3df455eeb842fce30f17b7b84b0f2efe7f67e3cd5c73fe67cbedafacc32b3e21,1200,800,RGB,256028,train
PHYTO_RAW_0537,Dataset of groundnut plant leaf images for classification and detection/Raw_Data/early_leaf_spot/IMG_3679.JPG,IMG_3679.JPG,early_leaf_spot,84b7f514a296d1e0f4e0e14e6648d645ba355d9d463b2dbc75504419808ea1d3,1200,800,RGB,222582,train
PHYTO_RAW_0538,Dataset of groundnut plant leaf images for classification and detection/Raw_Data/early_leaf_spot/IMG_3680.JPG,IMG_3680.JPG,early_leaf_spot,b42eaf530237cdc365ded174dc3b47714ab291aa8a6427a3d582f855c3f79b71,1200,800,RGB,306082,train
PHYTO_RAW_0539,Dataset of groundnut plant leaf images for classification and detection/Raw_Data/early_leaf_spot/IMG_3681.JPG,IMG_3681.JPG,early_leaf_spot,b63d43614167a8b10d571005e598258ec986865f53e4713cc4d70f1d4774c17f,1200,800,RGB,288625,train
PHYTO_RAW_0540,Dataset of groundnut plant leaf images for classification and detection/Raw_Data/early_leaf_spot/IMG_3682.JPG,IMG_3682.JPG,early_leaf_spot,d52d80b6e6748d2c625fc59324aee434d168ff6a730d8bed6d7ea73e22cfcba1,1200,800,RGB,320854,train
PHYTO_RAW_0541,Dataset of groundnut plant leaf images for classification and detection/Raw_Data/early_leaf_spot/IMG_3683.JPG,IMG_3683.JPG,early_leaf_spot,6a1dd0adfc869c520ac2ac9c9364c2c3f243d592c92dbebcedbfc1286696d2e5,1200,800,RGB,275967,validation
PHYTO_RAW_0542,Dataset of groundnut plant leaf images for classification and detection/Raw_Data/early_leaf_spot/IMG_3684.JPG,IMG_3684.JPG,early_leaf_spot,0202086cc1ed8579018ad8e87d0a10b5744d5eaaf0a3b5f9b44539ec7550c95f,1200,800,RGB,609538,train
PHYTO_RAW_0543,Dataset of groundnut plant leaf images for classification and detection/Raw_Data/early_leaf_spot/IMG_3685.JPG,IMG_3685.JPG,early_leaf_spot,1ca47ffc2f5e1c3d5339bbd784b07c92b3ef3d04bbd90938bdf012094dd95098,1200,800,RGB,187225,train
PHYTO_RAW_0544,Dataset of groundnut plant leaf images for classification and detection/Raw_Data/early_leaf_spot/IMG_3686.JPG,IMG_3686.JPG,early_leaf_spot,4fa09fe30bd86c94805e244c3afafd10bd59d5c286c833929a49ac09f7d976d3,1200,800,RGB,205675,train
PHYTO_RAW_0545,Dataset of groundnut plant leaf images for classification and detection/Raw_Data/early_leaf_spot/IMG_3688.JPG,IMG_3688.JPG,early_leaf_spot,1880285c8dbfd674efbc3facb598ccf99aff6ed9d83096f2da9c8356a4d36289,1200,800,RGB,258971,train
PHYTO_RAW_0546,Dataset of groundnut plant leaf images for classification and detection/Raw_Data/early_leaf_spot/IMG_3689.JPG,IMG_3689.JPG,early_leaf_spot,fb4ccebb67284f381fd15cc56c46550c64e9d3f67643ff095b76b12e2b48c8d8,1200,800,RGB,270148,train
PHYTO_RAW_0547,Dataset of groundnut plant leaf images for classification and detection/Raw_Data/early_leaf_spot/IMG_3690.JPG,IMG_3690.JPG,early_leaf_spot,d37be1fc01c1e0d832db22d394fc615bd4130e2738bf9370448669369474b620,1200,800,RGB,296532,validation
PHYTO_RAW_0548,Dataset of groundnut plant leaf images for classification and detection/Raw_Data/early_leaf_spot/IMG_3691.JPG,IMG_3691.JPG,early_leaf_spot,e9099b705ff371b2c3011560a8ccd395ba150ad17c648225c0be16142e20c731,1200,800,RGB,243288,train
PHYTO_RAW_0549,Dataset of groundnut plant leaf images for classification and detection/Raw_Data/early_leaf_spot/IMG_3692.JPG,IMG_3692.JPG,early_leaf_spot,771fd674335cc9d9ea366396933430ca5330cfab34316190a8b642eb4937e580,1200,800,RGB,255571,train
PHYTO_RAW_0550,Dataset of groundnut plant leaf images for classification and detection/Raw_Data/early_leaf_spot/IMG_3693.JPG,IMG_3693.JPG,early_leaf_spot,951680641fe9490ac0246a48fbdf72087d7a4af9b0ddc4a6194fae23fd2f10e4,1200,800,RGB,276655,train
PHYTO_RAW_0551,Dataset of groundnut plant leaf images for classification and detection/Raw_Data/early_leaf_spot/IMG_3694.JPG,IMG_3694.JPG,early_leaf_spot,63601889d084098f889caa8da618d3ec79c89d388888d689a78ff92999dcf8e7,1200,800,RGB,207818,validation
PHYTO_RAW_0552,Dataset of groundnut plant leaf images for classification and detection/Raw_Data/early_leaf_spot/IMG_3695.JPG,IMG_3695.JPG,early_leaf_spot,a07e659ef80a67d14108f29f112cd21a1ee525acfa1de4142a13a9919b795d75,1200,800,RGB,216536,train
PHYTO_RAW_0553,Dataset of groundnut plant leaf images for classification and detection/Raw_Data/early_leaf_spot/IMG_3696.JPG,IMG_3696.JPG,early_leaf_spot,7350a07292eafb9c36f73a56827fad33bc68f85e0a4912fd484cc83185a58fef,1200,800,RGB,187778,train
PHYTO_RAW_0554,Dataset of groundnut plant leaf images for classification and detection/Raw_Data/early_leaf_spot/IMG_3697.JPG,IMG_3697.JPG,early_leaf_spot,352576c2b6baa6ef46e549dbffa5f0ea59128c4a3c49b3673593ac338c5d6aeb,1200,800,RGB,172085,validation
PHYTO_RAW_0555,Dataset of groundnut plant leaf images for classification and detection/Raw_Data/early_leaf_spot/IMG_3698.JPG,IMG_3698.JPG,early_leaf_spot,73ee00b5f2a7ea368c18a3562f7ffff86160ecf05cb786cf9b60f8aac01b61c0,1200,800,RGB,217035,train
PHYTO_RAW_0556,Dataset of groundnut plant leaf images for classification and detection/Raw_Data/early_leaf_spot/IMG_3699.JPG,IMG_3699.JPG,early_leaf_spot,984ee487d3e2fd5b65f1bd2888b226666a056594a1e6c4d516cffeb5753315c0,1200,800,RGB,185866,test
PHYTO_RAW_0557,Dataset of groundnut plant leaf images for classification and detection/Raw_Data/early_leaf_spot/IMG_3700.JPG,IMG_3700.JPG,early_leaf_spot,5b767fa9a224dc1cdf68cd3fae762bb80c30b4179be7149c66cbed5e69645d47,1200,800,RGB,150910,validation
PHYTO_RAW_0558,Dataset of groundnut plant leaf images for classification and detection/Raw_Data/early_leaf_spot/IMG_3701.JPG,IMG_3701.JPG,early_leaf_spot,07e42ff67dace081c9cdf9910a60b9b89b776c1fd2b52ee1b68d48e826b6b5bf,1200,800,RGB,184057,train
PHYTO_RAW_0559,Dataset of groundnut plant leaf images for classification and detection/Raw_Data/early_leaf_spot/IMG_3702.JPG,IMG_3702.JPG,early_leaf_spot,2dc783eb5840966a27b99ccda2eea93f6c4d5bebee42256391b4666da1d35a6c,1200,800,RGB,195975,train
PHYTO_RAW_0560,Dataset of groundnut plant leaf images for classification and detection/Raw_Data/early_leaf_spot/IMG_3703.JPG,IMG_3703.JPG,early_leaf_spot,62c7dbbe843158b317be105609fb6b0c71011bf6aa8e04472ce03398c0fa9073,1200,800,RGB,273916,train
PHYTO_RAW_0561,Dataset of groundnut plant leaf images for classification and detection/Raw_Data/early_leaf_spot/IMG_3704.JPG,IMG_3704.JPG,early_leaf_spot,c7a73df0c61da30ff0e14b6ae31c5b372fc8b6d97552b87aebe617333f8dcc16,1200,800,RGB,202097,test
PHYTO_RAW_0562,Dataset of groundnut plant leaf images for classification and detection/Raw_Data/early_leaf_spot/IMG_3705.JPG,IMG_3705.JPG,early_leaf_spot,e74b735c1bffe4d76d4302541f51f575c1d3c0b2c2c9411576ed328815a58218,1200,800,RGB,199369,test
PHYTO_RAW_0563,Dataset of groundnut plant leaf images for classification and detection/Raw_Data/early_leaf_spot/IMG_3706.JPG,IMG_3706.JPG,early_leaf_spot,5014ee933d835b69cf6fb7ba8f099f1f8be879e3442759d8cda16c2303713b2f,1200,800,RGB,200506,test
PHYTO_RAW_0564,Dataset of groundnut plant leaf images for classification and detection/Raw_Data/early_leaf_spot/IMG_3707.JPG,IMG_3707.JPG,early_leaf_spot,386d63a24eed6dad08dffa59d4a5527e0f037bea6c9f08391320383c318643c9,1200,800,RGB,184778,validation
PHYTO_RAW_0565,Dataset of groundnut plant leaf images for classification and detection/Raw_Data/early_leaf_spot/IMG_3708.JPG,IMG_3708.JPG,early_leaf_spot,d0189c2c38ec4df9be2c7e7602fd27803c986bd7b1c5eba841e218ed4ab608ce,1200,800,RGB,201775,test
PHYTO_RAW_0566,Dataset of groundnut plant leaf images for classification and detection/Raw_Data/early_leaf_spot/IMG_3709.JPG,IMG_3709.JPG,early_leaf_spot,64c8a7f8b4c88f2230ee120079444d124bcd4974a438bbdcb0323eb118abcc2b,1200,800,RGB,221944,test
PHYTO_RAW_0567,Dataset of groundnut plant leaf images for classification and detection/Raw_Data/early_leaf_spot/IMG_3710.JPG,IMG_3710.JPG,early_leaf_spot,90c14027cf60b268e4519ee5981b5f6ad583b2482aa6444b14a0e9ca0b7ea746,1200,800,RGB,234782,test
PHYTO_RAW_0568,Dataset of groundnut plant leaf images for classification and detection/Raw_Data/early_leaf_spot/IMG_3711.JPG,IMG_3711.JPG,early_leaf_spot,0cff6480d771adaa9f822d7a37038b53393cd173476fbd5b54c358b496b0d09d,1200,800,RGB,247415,train
PHYTO_RAW_0569,Dataset of groundnut plant leaf images for classification and detection/Raw_Data/early_leaf_spot/IMG_3712.JPG,IMG_3712.JPG,early_leaf_spot,6032a32c21cc80a91fef38179482fc507f000471058dc2086316da214fead259,1200,800,RGB,203106,train
PHYTO_RAW_0570,Dataset of groundnut plant leaf images for classification and detection/Raw_Data/early_leaf_spot/IMG_3713.JPG,IMG_3713.JPG,early_leaf_spot,f107adb6fc7573d5836b9c464b7a1364ad6f21c63af4888817d3156b6db6fb28,1200,800,RGB,279172,train
PHYTO_RAW_0571,Dataset of groundnut plant leaf images for classification and detection/Raw_Data/early_leaf_spot/IMG_3714.JPG,IMG_3714.JPG,early_leaf_spot,6ee4fd19192baa98f740fc1e5aad4d35e2d223bb24b120fd4b075444ca1a673a,1200,800,RGB,225594,train
PHYTO_RAW_0572,Dataset of groundnut plant leaf images for classification and detection/Raw_Data/early_leaf_spot/IMG_3715.JPG,IMG_3715.JPG,early_leaf_spot,8e103b213c46b7cae0f5dd8677fbd10f71f46e96caa1da932c7616f21be27075,1200,800,RGB,286699,train
PHYTO_RAW_0573,Dataset of groundnut plant leaf images for classification and detection/Raw_Data/early_leaf_spot/IMG_3716.JPG,IMG_3716.JPG,early_leaf_spot,511b5326ea42f49c380f203351af92e980ccdb246b93e36cad778e43dde6044b,1200,800,RGB,246603,train
PHYTO_RAW_0574,Dataset of groundnut plant leaf images for classification and detection/Raw_Data/early_leaf_spot/IMG_3717.JPG,IMG_3717.JPG,early_leaf_spot,9c87dca6fb15c8a412980e12b604ba8ce41034ce1b07f06fd8209802d7faec6c,1200,800,RGB,225363,validation
PHYTO_RAW_0575,Dataset of groundnut plant leaf images for classification and detection/Raw_Data/early_leaf_spot/IMG_3718.JPG,IMG_3718.JPG,early_leaf_spot,ab421a94d472454a9fc7e411fe7ebc9594f555a8a4c14865f7d9b6fdb0b72138,1200,800,RGB,225779,validation
PHYTO_RAW_0576,Dataset of groundnut plant leaf images for classification and detection/Raw_Data/early_leaf_spot/IMG_3719.JPG,IMG_3719.JPG,early_leaf_spot,85829490b68ea7cfb165516fa4740399a483b4fa5bf77afd88f9aaafd8b9540b,1200,800,RGB,251985,train
PHYTO_RAW_0577,Dataset of groundnut plant leaf images for classification and detection/Raw_Data/early_leaf_spot/IMG_3720.JPG,IMG_3720.JPG,early_leaf_spot,ebf035ed2ff4e6724c5780bb4bb4ff71806706fa37c591d839408fc5e708a878,1200,800,RGB,249689,train
PHYTO_RAW_0578,Dataset of groundnut plant leaf images for classification and detection/Raw_Data/early_leaf_spot/IMG_3721.JPG,IMG_3721.JPG,early_leaf_spot,8c23db73e2aa66a2c0033757be9cfdb5defc2696f4ebf9599bc1154c7ca6902c,1200,800,RGB,251506,validation
PHYTO_RAW_0579,Dataset of groundnut plant leaf images for classification and detection/Raw_Data/early_leaf_spot/IMG_3722.JPG,IMG_3722.JPG,early_leaf_spot,bde71e4dc507b8bfe4024ee3ad1418ce1c9bb0ec36ab82f2157544c0457ae207,1200,800,RGB,245098,train
PHYTO_RAW_0580,Dataset of groundnut plant leaf images for classification and detection/Raw_Data/early_leaf_spot/IMG_3723.JPG,IMG_3723.JPG,early_leaf_spot,2b7749fef2270cd96386b659722493b976caaa47961dda9a117af35948e3102c,1200,800,RGB,249136,train
PHYTO_RAW_0581,Dataset of groundnut plant leaf images for classification and detection/Raw_Data/early_leaf_spot/IMG_3724.JPG,IMG_3724.JPG,early_leaf_spot,a75220d355e17f55be334bcb2fc8d1d2330880ba5e0906ca80ea97f450483aaf,1200,800,RGB,293200,train
PHYTO_RAW_0582,Dataset of groundnut plant leaf images for classification and detection/Raw_Data/early_leaf_spot/IMG_3725.JPG,IMG_3725.JPG,early_leaf_spot,bc0e4cdf2bcfbc642f03a5cfce8aa1a27ba552731182a5ab33157640ba25b7fc,1200,800,RGB,270993,train
PHYTO_RAW_0583,Dataset of groundnut plant leaf images for classification and detection/Raw_Data/early_leaf_spot/IMG_3726.JPG,IMG_3726.JPG,early_leaf_spot,ad39ee7d97ba6b03c7618af75ecd0120ec49e11c975855ecb0ede0fd79c36a0f,1200,800,RGB,268270,train
PHYTO_RAW_0584,Dataset of groundnut plant leaf images for classification and detection/Raw_Data/early_leaf_spot/IMG_3727.JPG,IMG_3727.JPG,early_leaf_spot,fe019ed4bd40562047a8855091d1104d3ff42e6f08a714df4a67a9ba7c07a392,1200,800,RGB,198670,train
PHYTO_RAW_0585,Dataset of groundnut plant leaf images for classification and detection/Raw_Data/early_leaf_spot/IMG_3728.JPG,IMG_3728.JPG,early_leaf_spot,85267d1664c499b7de2af57f5ad51cd64634e649a945888abf690899b3e53ded,1200,800,RGB,171175,train
PHYTO_RAW_0586,Dataset of groundnut plant leaf images for classification and detection/Raw_Data/early_leaf_spot/IMG_3729.JPG,IMG_3729.JPG,early_leaf_spot,e2f59b191464205f60fd54e21781dc94690743e61c587c8fe3585e518f92b194,1200,800,RGB,220948,train
PHYTO_RAW_0587,Dataset of groundnut plant leaf images for classification and detection/Raw_Data/early_leaf_spot/IMG_3730.JPG,IMG_3730.JPG,early_leaf_spot,b4c8a882fe53f44c703fe22c855b543c1bf90f87d523eaf64b56e32be9c42de4,1200,800,RGB,220830,train
PHYTO_RAW_0588,Dataset of groundnut plant leaf images for classification and detection/Raw_Data/early_leaf_spot/IMG_3731.JPG,IMG_3731.JPG,early_leaf_spot,a22be3bc0845d8fded0f92f2ca4731f7128e94cb9feef58a94a121eff34f876d,1200,800,RGB,227398,train
PHYTO_RAW_0589,Dataset of groundnut plant leaf images for classification and detection/Raw_Data/early_leaf_spot/IMG_3732.JPG,IMG_3732.JPG,early_leaf_spot,35269ef83fbe549fac8041e939e320387dcd1589891c1ee7bb58fcb2f5aadf98,1200,800,RGB,228181,train
PHYTO_RAW_0590,Dataset of groundnut plant leaf images for classification and detection/Raw_Data/early_leaf_spot/IMG_3733.JPG,IMG_3733.JPG,early_leaf_spot,e1d29fdf4aaa31b2a6e39b60264d8e6d188f648dfe4a85ec0b6ccfd674e9efa3,1200,800,RGB,221727,train
PHYTO_RAW_0591,Dataset of groundnut plant leaf images for classification and detection/Raw_Data/early_leaf_spot/IMG_3734.JPG,IMG_3734.JPG,early_leaf_spot,ab7019b40822184c1cc44e6fbc32a6f286cc52fb40258665f74205102506e847,1200,800,RGB,216469,train
PHYTO_RAW_0592,Dataset of groundnut plant leaf images for classification and detection/Raw_Data/early_leaf_spot/IMG_3735.JPG,IMG_3735.JPG,early_leaf_spot,f5762f8714c490694c06fc77bbfdb299a2fb07da9600c10b4c356588b266e58f,1200,800,RGB,253650,train
PHYTO_RAW_0593,Dataset of groundnut plant leaf images for classification and detection/Raw_Data/early_leaf_spot/IMG_4086.JPG,IMG_4086.JPG,early_leaf_spot,9f4e7184db533911c1a8741426a7a3ec43d42271bb438014b128384f8282713a,1200,800,RGB,190831,test
PHYTO_RAW_0594,Dataset of groundnut plant leaf images for classification and detection/Raw_Data/early_leaf_spot/IMG_4087.JPG,IMG_4087.JPG,early_leaf_spot,463e00dc94c5554d6314d04a362de83024d9ccbed26a7ca75ff0297f70a74bcb,1200,800,RGB,198496,train
PHYTO_RAW_0595,Dataset of groundnut plant leaf images for classification and detection/Raw_Data/early_leaf_spot/IMG_4088.JPG,IMG_4088.JPG,early_leaf_spot,2206e925e6cb381a7d09fe60ef1b7ebe7fb741f8239829a4f154eed0e307f161,1200,800,RGB,175502,train
PHYTO_RAW_0596,Dataset of groundnut plant leaf images for classification and detection/Raw_Data/early_leaf_spot/IMG_4089.JPG,IMG_4089.JPG,early_leaf_spot,9b7108c8e0a982616028fca21abfb88ff718a7cd1d4011d98c7faed966fcc86c,1200,800,RGB,204271,train
PHYTO_RAW_0597,Dataset of groundnut plant leaf images for classification and detection/Raw_Data/early_leaf_spot/IMG_4090.JPG,IMG_4090.JPG,early_leaf_spot,0db7ec585aadc44c8067bd27263fe6179faf1b8505a23b26b91d9b9ded26fcb3,1200,800,RGB,248621,train
PHYTO_RAW_0598,Dataset of groundnut plant leaf images for classification and detection/Raw_Data/early_leaf_spot/IMG_4091.JPG,IMG_4091.JPG,early_leaf_spot,cd9c57f59875ee85d83b3061cac8b6eadc30e232d8fc0b6fe0dc481c9c667b35,1200,800,RGB,185810,train
PHYTO_RAW_0599,Dataset of groundnut plant leaf images for classification and detection/Raw_Data/early_leaf_spot/IMG_4092.JPG,IMG_4092.JPG,early_leaf_spot,b64e89930b86d1664c5438cf8339cb4f887a34e42d3345528d769329c49ce3a1,1200,800,RGB,168330,train
PHYTO_RAW_0600,Dataset of groundnut plant leaf images for classification and detection/Raw_Data/early_leaf_spot/IMG_4093.JPG,IMG_4093.JPG,early_leaf_spot,d2b9f3fdc2fcc8497ad322c8e082fbbc36ca43fd21e9bb51014197cce8f1f1d2,1200,800,RGB,219387,train
PHYTO_RAW_0601,Dataset of groundnut plant leaf images for classification and detection/Raw_Data/early_leaf_spot/IMG_4094.JPG,IMG_4094.JPG,early_leaf_spot,d6fa580b0509d6175719f748c93c491f23073bf996c006788af7cc7d43898429,1200,800,RGB,185552,test
PHYTO_RAW_0602,Dataset of groundnut plant leaf images for classification and detection/Raw_Data/early_leaf_spot/IMG_4095.JPG,IMG_4095.JPG,early_leaf_spot,6a2a4bd2163df84af8a633eeb01b69338c53f613cd0487a5aa9cbb6f3f4e5035,1200,800,RGB,189110,train
PHYTO_RAW_0603,Dataset of groundnut plant leaf images for classification and detection/Raw_Data/early_leaf_spot/IMG_4096.JPG,IMG_4096.JPG,early_leaf_spot,1346b217f372cfee3f5ae260bb502117b0c7ab02e2b16693c1e963d390afe989,1200,800,RGB,229835,train
PHYTO_RAW_0604,Dataset of groundnut plant leaf images for classification and detection/Raw_Data/early_leaf_spot/IMG_4097.JPG,IMG_4097.JPG,early_leaf_spot,64c157fe07c6969103d887ebbbd046acb1e171d3b161fe878a9c4b390aafe257,1200,800,RGB,242104,train
PHYTO_RAW_0605,Dataset of groundnut plant leaf images for classification and detection/Raw_Data/early_leaf_spot/IMG_4098.JPG,IMG_4098.JPG,early_leaf_spot,c8a2107d1ebbe14ba1d9c4ac1b13b80bcfcde4ede8a86f3b1afa5f710845f7aa,1200,800,RGB,257617,train
PHYTO_RAW_0606,Dataset of groundnut plant leaf images for classification and detection/Raw_Data/early_leaf_spot/IMG_4099.JPG,IMG_4099.JPG,early_leaf_spot,fef7e4281af899310a3573703a7ff94255b85a631cb6b7bcafaa3ec205817f57,1200,800,RGB,230291,train
PHYTO_RAW_0607,Dataset of groundnut plant leaf images for classification and detection/Raw_Data/early_leaf_spot/IMG_4100.JPG,IMG_4100.JPG,early_leaf_spot,925969df7533b3c7394cc397e9a4e86dc6ec9d80a42c56e95a44baf9c05a4890,1200,800,RGB,258991,train
PHYTO_RAW_0608,Dataset of groundnut plant leaf images for classification and detection/Raw_Data/early_leaf_spot/IMG_4101.JPG,IMG_4101.JPG,early_leaf_spot,217620b4db90e5b4cdc7b29d36de5b41d443b891ba3d821be392a1e65474e075,1200,800,RGB,226975,validation
PHYTO_RAW_0609,Dataset of groundnut plant leaf images for classification and detection/Raw_Data/early_leaf_spot/IMG_4102.JPG,IMG_4102.JPG,early_leaf_spot,8200ed8d109b41a905b5d4f663db0b3b52ec96188771076d3748df1b14f0b749,1200,800,RGB,282517,validation
PHYTO_RAW_0610,Dataset of groundnut plant leaf images for classification and detection/Raw_Data/early_leaf_spot/IMG_4103.JPG,IMG_4103.JPG,early_leaf_spot,becb8dd27f91ce99346609060b4f18ab9971ee0489c2a070151f0a2c1115c8ea,1200,800,RGB,280874,validation
PHYTO_RAW_0611,Dataset of groundnut plant leaf images for classification and detection/Raw_Data/early_leaf_spot/IMG_4104.JPG,IMG_4104.JPG,early_leaf_spot,0e9b41a27f05c912e75b2b0563e49480dd97ef851b82dcdbf061938b4be4c3e2,1200,800,RGB,233069,validation
PHYTO_RAW_0612,Dataset of groundnut plant leaf images for classification and detection/Raw_Data/early_leaf_spot/IMG_4105.JPG,IMG_4105.JPG,early_leaf_spot,827336f095373465ce63330a238df0008299cee344082042517b8a9d1259c129,1200,800,RGB,216079,train
PHYTO_RAW_0613,Dataset of groundnut plant leaf images for classification and detection/Raw_Data/early_leaf_spot/IMG_4106.JPG,IMG_4106.JPG,early_leaf_spot,9d2eba9c9bb35e6de3d2a0a8bac660f50c8e83cc08674058e6677d8fa7093b27,1200,800,RGB,215682,validation
PHYTO_RAW_0614,Dataset of groundnut plant leaf images for classification and detection/Raw_Data/early_leaf_spot/IMG_4107.JPG,IMG_4107.JPG,early_leaf_spot,7f62e554d2b29942bfeec6c0a2cc571311bcf4e1bfb189f8343aae50f63cdd5f,1200,800,RGB,206238,train
PHYTO_RAW_0615,Dataset of groundnut plant leaf images for classification and detection/Raw_Data/early_leaf_spot/IMG_4108.JPG,IMG_4108.JPG,early_leaf_spot,9e0851913e69ef454a309ce65678f19f790a4dcb2ceede045504c703f917668d,1200,800,RGB,210998,test
PHYTO_RAW_0616,Dataset of groundnut plant leaf images for classification and detection/Raw_Data/early_leaf_spot/IMG_4109.JPG,IMG_4109.JPG,early_leaf_spot,8a76936b36088a12e25e71a1f67cc33ab914f1385f5bb7b74820bf1437af376d,1200,800,RGB,250002,train
PHYTO_RAW_0617,Dataset of groundnut plant leaf images for classification and detection/Raw_Data/early_leaf_spot/IMG_4110.JPG,IMG_4110.JPG,early_leaf_spot,b001dd4b1f56e168a1d5672f6e00d5ec70da6aafa8f6c55c50c303dcfa43cc02,1200,800,RGB,227529,train
PHYTO_RAW_0618,Dataset of groundnut plant leaf images for classification and detection/Raw_Data/early_leaf_spot/IMG_4111.JPG,IMG_4111.JPG,early_leaf_spot,ac88b0ef2a4cf345bb781ae3acb59aa52641f34987e7b17b8a584fdbeec595aa,1200,800,RGB,217919,train
PHYTO_RAW_0619,Dataset of groundnut plant leaf images for classification and detection/Raw_Data/early_leaf_spot/IMG_4112.JPG,IMG_4112.JPG,early_leaf_spot,ff9c1c47c5967c5e26a7847b84467ae5e83a1b10b9759de5a4a3f6b0d04a4464,1200,800,RGB,263493,train
PHYTO_RAW_0620,Dataset of groundnut plant leaf images for classification and detection/Raw_Data/early_leaf_spot/IMG_4113.JPG,IMG_4113.JPG,early_leaf_spot,b0fcb3e73aec68a371391088083ee9317a09449bff088cca1a5c40d5450448a8,1200,800,RGB,233241,validation
PHYTO_RAW_0621,Dataset of groundnut plant leaf images for classification and detection/Raw_Data/early_leaf_spot/IMG_4114.JPG,IMG_4114.JPG,early_leaf_spot,e5843a15733e41e3429bfba3e3c23abbc482c58ca0f88c443130b69a48029124,1200,800,RGB,213155,train
PHYTO_RAW_0622,Dataset of groundnut plant leaf images for classification and detection/Raw_Data/early_leaf_spot/IMG_4115.JPG,IMG_4115.JPG,early_leaf_spot,683f555113e88a30cb2cda2f76d878421e367a6a80ee88e96d00765580bae4d3,1200,800,RGB,245359,train
PHYTO_RAW_0623,Dataset of groundnut plant leaf images for classification and detection/Raw_Data/early_leaf_spot/IMG_4116.JPG,IMG_4116.JPG,early_leaf_spot,4d59061846d1b64b00f5e35ab74155c7f2c451c3740594d46129a90b3838366d,1200,800,RGB,259126,train
PHYTO_RAW_0624,Dataset of groundnut plant leaf images for classification and detection/Raw_Data/early_leaf_spot/IMG_4117.JPG,IMG_4117.JPG,early_leaf_spot,28f173bb2e1936b5b469843f0477ead53b9f800680df309b20a263c215bcc4df,1200,800,RGB,235518,train
PHYTO_RAW_0625,Dataset of groundnut plant leaf images for classification and detection/Raw_Data/early_leaf_spot/IMG_4118.JPG,IMG_4118.JPG,early_leaf_spot,aa2e29abdbd939f0e406a2c2a003fe0ccefac1be57735af2f297dd4dfe83d6be,1200,800,RGB,224384,validation
PHYTO_RAW_0626,Dataset of groundnut plant leaf images for classification and detection/Raw_Data/early_leaf_spot/IMG_4249.JPG,IMG_4249.JPG,early_leaf_spot,d031fabfb4b55cbca9375971e16efdb8f4f12edf1e50c0b4b6488ce3f17f8575,1200,800,RGB,239885,train
PHYTO_RAW_0627,Dataset of groundnut plant leaf images for classification and detection/Raw_Data/early_leaf_spot/IMG_4250.JPG,IMG_4250.JPG,early_leaf_spot,c77031a2e108c5d718bd8b229b4408ae14883d5f891cd827d36bb506c642df5f,1200,800,RGB,241572,train
PHYTO_RAW_0628,Dataset of groundnut plant leaf images for classification and detection/Raw_Data/early_leaf_spot/IMG_4251.JPG,IMG_4251.JPG,early_leaf_spot,ccd0c69a16e767c1f34fc3e649d111f60769599516bb30a74533d31421e7d4a1,1200,800,RGB,227942,validation
PHYTO_RAW_0629,Dataset of groundnut plant leaf images for classification and detection/Raw_Data/early_leaf_spot/IMG_4252.JPG,IMG_4252.JPG,early_leaf_spot,66bba2035c07ad5d729f4c786f323b272c8bcaa4973d5147fb149064af94768b,1200,800,RGB,244858,train
PHYTO_RAW_0630,Dataset of groundnut plant leaf images for classification and detection/Raw_Data/early_leaf_spot/IMG_4253.JPG,IMG_4253.JPG,early_leaf_spot,7b6a831577590bc38230642917b7b3a5e10246c608f3c090747862a770baf449,1200,800,RGB,220364,train
PHYTO_RAW_0631,Dataset of groundnut plant leaf images for classification and detection/Raw_Data/early_leaf_spot/IMG_4254.JPG,IMG_4254.JPG,early_leaf_spot,0397fb22141887630ba1e49135b121c9fffdde841d56b8986288088b2747f1da,1200,800,RGB,212645,train
PHYTO_RAW_0632,Dataset of groundnut plant leaf images for classification and detection/Raw_Data/early_leaf_spot/IMG_4255.JPG,IMG_4255.JPG,early_leaf_spot,d0b1f252f208ed5091957dc9a6e665b8a07e545b0ef101e9ae29b51cd96d72bf,1200,800,RGB,244634,train
PHYTO_RAW_0633,Dataset of groundnut plant leaf images for classification and detection/Raw_Data/early_leaf_spot/IMG_4256.JPG,IMG_4256.JPG,early_leaf_spot,bc100986a86a7557e1810bd182309ad6169f99192c4d8236c4252515179b7bed,1200,800,RGB,310920,validation
PHYTO_RAW_0634,Dataset of groundnut plant leaf images for classification and detection/Raw_Data/early_leaf_spot/IMG_4257.JPG,IMG_4257.JPG,early_leaf_spot,3f5704ca9cfba144e58143d0abee8166f7c8c1a22f7f883b937f4150e3520205,1200,800,RGB,260064,train
PHYTO_RAW_0635,Dataset of groundnut plant leaf images for classification and detection/Raw_Data/early_leaf_spot/IMG_4258.JPG,IMG_4258.JPG,early_leaf_spot,3f241893a7b38e33e728a753b8bb97e7bf27e85723635218bb7b81eea4b3efcb,1200,800,RGB,264156,train
PHYTO_RAW_0636,Dataset of groundnut plant leaf images for classification and detection/Raw_Data/early_leaf_spot/IMG_4259.JPG,IMG_4259.JPG,early_leaf_spot,6ee3ca6ba839fb43e673adfd1738c896674c848fe8cff0e51dea651318c680b2,1200,800,RGB,256889,train
PHYTO_RAW_0637,Dataset of groundnut plant leaf images for classification and detection/Raw_Data/early_leaf_spot/IMG_4260.JPG,IMG_4260.JPG,early_leaf_spot,68d360b2e8e462e6add4a1888a7b6d805ef8c1d6cdde15992bc1bbb3aef288ac,1200,800,RGB,213350,train
PHYTO_RAW_0638,Dataset of groundnut plant leaf images for classification and detection/Raw_Data/early_leaf_spot/IMG_4261.JPG,IMG_4261.JPG,early_leaf_spot,e0b2491ee877a00d3e0eaca5f68a1f5d9c3cc449565e90ae75023d897e106a5d,1200,800,RGB,185615,validation
PHYTO_RAW_0639,Dataset of groundnut plant leaf images for classification and detection/Raw_Data/early_leaf_spot/IMG_4262.JPG,IMG_4262.JPG,early_leaf_spot,68ad7bd5572ae97984b785b1e926b1ad2bf376ed82d842c38f50f874633d8102,1200,800,RGB,196963,train
PHYTO_RAW_0640,Dataset of groundnut plant leaf images for classification and detection/Raw_Data/early_leaf_spot/IMG_4263.JPG,IMG_4263.JPG,early_leaf_spot,af151c82b0cb4b8f22eeff38e33fb9528df4d5c595922e373c7807f62ae80084,1200,800,RGB,228964,validation
PHYTO_RAW_0641,Dataset of groundnut plant leaf images for classification and detection/Raw_Data/early_leaf_spot/IMG_4264.JPG,IMG_4264.JPG,early_leaf_spot,44bed7e165b3c12d79607e63b344c0de85ff8e69571105aa623aadc0917a492e,1200,800,RGB,222124,train
PHYTO_RAW_0642,Dataset of groundnut plant leaf images for classification and detection/Raw_Data/early_leaf_spot/IMG_4265.JPG,IMG_4265.JPG,early_leaf_spot,968e7d3d3096d4749afdbcda2a14ccae2b8039e6654ff2b53487b9a224024510,1200,800,RGB,195914,validation
PHYTO_RAW_0643,Dataset of groundnut plant leaf images for classification and detection/Raw_Data/early_leaf_spot/IMG_4266.JPG,IMG_4266.JPG,early_leaf_spot,1cd817de3418cf851c44f000170f4b8e568c57ccca03bb602c8e1190c8f17240,1200,800,RGB,238841,validation
PHYTO_RAW_0644,Dataset of groundnut plant leaf images for classification and detection/Raw_Data/early_leaf_spot/IMG_4267.JPG,IMG_4267.JPG,early_leaf_spot,732579f343da24927d8471b39ff75418b9763e10ddec81c27daf9cb6f176e0fe,1200,800,RGB,375873,train
PHYTO_RAW_0645,Dataset of groundnut plant leaf images for classification and detection/Raw_Data/early_leaf_spot/IMG_4277.JPG,IMG_4277.JPG,early_leaf_spot,1840dceb6acbfd744311aef93bbb97fb777b650ed1a5d4b1b5ef8d194ada1ddc,1200,800,RGB,285730,train
PHYTO_RAW_0646,Dataset of groundnut plant leaf images for classification and detection/Raw_Data/early_leaf_spot/IMG_4278.JPG,IMG_4278.JPG,early_leaf_spot,031ff5ef68c40bf8a247eff015b2c5f211c008be498b2a1c17aa70431e76bf2f,1200,800,RGB,279764,validation
PHYTO_RAW_0647,Dataset of groundnut plant leaf images for classification and detection/Raw_Data/early_leaf_spot/IMG_4279.JPG,IMG_4279.JPG,early_leaf_spot,6f6fe6fd3c5acb2800dbfbea163a5045a025440880542601bb2178aa8a71a932,1200,800,RGB,260791,test
PHYTO_RAW_0648,Dataset of groundnut plant leaf images for classification and detection/Raw_Data/early_leaf_spot/IMG_4280.JPG,IMG_4280.JPG,early_leaf_spot,548df6d823ae39ed9a559cba45d4028b07173da573fbdc1dfc5aff5cb376bd58,1200,800,RGB,285403,test
PHYTO_RAW_0649,Dataset of groundnut plant leaf images for classification and detection/Raw_Data/early_leaf_spot/IMG_4281.JPG,IMG_4281.JPG,early_leaf_spot,25e63d43aa5ced09bce2732fd94e7419e5df6a48db7ebfc39861c8a887e36c4d,1200,800,RGB,308655,validation
PHYTO_RAW_0650,Dataset of groundnut plant leaf images for classification and detection/Raw_Data/early_leaf_spot/IMG_4282.JPG,IMG_4282.JPG,early_leaf_spot,9f61fc61d58185430225ee1e1f2f11e8d1dcbc6e6c1e4d1d14f7ac367986f1bd,1200,800,RGB,270075,train
PHYTO_RAW_0651,Dataset of groundnut plant leaf images for classification and detection/Raw_Data/early_leaf_spot/IMG_4283.JPG,IMG_4283.JPG,early_leaf_spot,dca39c22690a2fe860f5abafab2a0ccd3f536d7b06bc256980c4d16d2cb4fcf8,1200,800,RGB,204964,train
PHYTO_RAW_0652,Dataset of groundnut plant leaf images for classification and detection/Raw_Data/early_leaf_spot/IMG_4284.JPG,IMG_4284.JPG,early_leaf_spot,ac78a2fda7e0f43281d777b7484d37b0c7c79d1b2750be36f37bd2a98f0aafae,1200,800,RGB,242758,train
PHYTO_RAW_0653,Dataset of groundnut plant leaf images for classification and detection/Raw_Data/early_leaf_spot/IMG_4285.JPG,IMG_4285.JPG,early_leaf_spot,82f9861c56e3557de1dd579c122ce7c4232f3cfcc2dc51d82d9f0e0315d8ab6f,1200,800,RGB,227608,train
PHYTO_RAW_0654,Dataset of groundnut plant leaf images for classification and detection/Raw_Data/early_leaf_spot/IMG_4286.JPG,IMG_4286.JPG,early_leaf_spot,72a3ae2ee60e90bfbb226d65b86ccdd8aca8105d9c6d232af8923c0087a32a66,1200,800,RGB,269144,train
PHYTO_RAW_0655,Dataset of groundnut plant leaf images for classification and detection/Raw_Data/early_leaf_spot/IMG_4287.JPG,IMG_4287.JPG,early_leaf_spot,7f3112103759b748ee643a13756e5451fab5e9915c486f1169cd613f8e508560,1200,800,RGB,309678,validation
PHYTO_RAW_0656,Dataset of groundnut plant leaf images for classification and detection/Raw_Data/early_leaf_spot/IMG_4288.JPG,IMG_4288.JPG,early_leaf_spot,9865a946ebbccdf2fdfdc67abc33dc537bb03182989aa9b3cba63cec62cb6313,1200,800,RGB,298198,train
PHYTO_RAW_0657,Dataset of groundnut plant leaf images for classification and detection/Raw_Data/early_leaf_spot/IMG_4289.JPG,IMG_4289.JPG,early_leaf_spot,d580d990a9f61019c81de6a1801f3982618012825377947c0e8dca1f30d91b0d,1200,800,RGB,250005,train
PHYTO_RAW_0658,Dataset of groundnut plant leaf images for classification and detection/Raw_Data/early_leaf_spot/IMG_4290.JPG,IMG_4290.JPG,early_leaf_spot,29df8c1de6f3ccd9eb0302b98429d202b846d266822b58ed678cc1b67ab4308f,1200,800,RGB,185291,validation
PHYTO_RAW_0659,Dataset of groundnut plant leaf images for classification and detection/Raw_Data/early_leaf_spot/IMG_4291.JPG,IMG_4291.JPG,early_leaf_spot,8d271e5af188a5b7648518023205661b778d14b3e7e6f2dcd7f37530ec226a28,1200,800,RGB,284309,train
PHYTO_RAW_0660,Dataset of groundnut plant leaf images for classification and detection/Raw_Data/early_leaf_spot/IMG_4292.JPG,IMG_4292.JPG,early_leaf_spot,4817ec48f5da54ab3af1a182aba4afa5c433c34647fa4a7792b263d05fb298ac,1200,800,RGB,271624,train
PHYTO_RAW_0661,Dataset of groundnut plant leaf images for classification and detection/Raw_Data/early_leaf_spot/IMG_4293.JPG,IMG_4293.JPG,early_leaf_spot,52cba958fedc88ec806a2d1d611ac50ab5692603da31aa3fb74c5bed0d8ea7fd,1200,800,RGB,175394,train
PHYTO_RAW_0662,Dataset of groundnut plant leaf images for classification and detection/Raw_Data/early_leaf_spot/IMG_4294.JPG,IMG_4294.JPG,early_leaf_spot,1ddd3fee82143546f1b042a1ba502b5ca0b71c643edd44b363f88807816c43f6,1200,800,RGB,265588,test
PHYTO_RAW_0663,Dataset of groundnut plant leaf images for classification and detection/Raw_Data/early_leaf_spot/IMG_4295.JPG,IMG_4295.JPG,early_leaf_spot,67a162470aecc77acbe01617e993a50b0c7144f8425f9371b249396b9b66cd3d,1200,800,RGB,294403,train
PHYTO_RAW_0664,Dataset of groundnut plant leaf images for classification and detection/Raw_Data/early_leaf_spot/IMG_4296.JPG,IMG_4296.JPG,early_leaf_spot,767aaf08d09058ab6e162821598fbbfe6111c662e29fbbc3ff2ab8025f135cfb,1200,800,RGB,273069,test
PHYTO_RAW_0665,Dataset of groundnut plant leaf images for classification and detection/Raw_Data/early_leaf_spot/IMG_4297.JPG,IMG_4297.JPG,early_leaf_spot,f74899ef3284be339b4b08ccddf5629255ca4c502ad5ea2a8aaa47a5257c81f4,1200,800,RGB,291253,train
PHYTO_RAW_0666,Dataset of groundnut plant leaf images for classification and detection/Raw_Data/early_leaf_spot/IMG_4298.JPG,IMG_4298.JPG,early_leaf_spot,ffa70bf34bf71a3fe51924cd9598771e63ade3bcfcd542d1573676b3809da356,1200,800,RGB,284191,train
PHYTO_RAW_0667,Dataset of groundnut plant leaf images for classification and detection/Raw_Data/early_leaf_spot/IMG_4299.JPG,IMG_4299.JPG,early_leaf_spot,691f31308c7771e8d81a3e8c3ffc2968afed76ab2d738a5e91451733ef530f50,1200,800,RGB,359079,train
PHYTO_RAW_0668,Dataset of groundnut plant leaf images for classification and detection/Raw_Data/early_leaf_spot/IMG_4300.JPG,IMG_4300.JPG,early_leaf_spot,c9c2c22a3145e85d13137116775a7e7c15ed65cfa9eb2babeb930eb6b0b1ac26,1200,800,RGB,256345,train
PHYTO_RAW_0669,Dataset of groundnut plant leaf images for classification and detection/Raw_Data/early_leaf_spot/IMG_4301.JPG,IMG_4301.JPG,early_leaf_spot,54d0e71c69533c00b94cc6a591b20ad79c83efe639924a0cf9083431e658da37,1200,800,RGB,288091,validation
PHYTO_RAW_0670,Dataset of groundnut plant leaf images for classification and detection/Raw_Data/early_leaf_spot/IMG_4302.JPG,IMG_4302.JPG,early_leaf_spot,a4649c25193d97af6b7daac41e00c109a2892bf717aba45d1e6ba8d3f4e1ff2f,1200,800,RGB,249038,train
PHYTO_RAW_0671,Dataset of groundnut plant leaf images for classification and detection/Raw_Data/early_leaf_spot/IMG_4303.JPG,IMG_4303.JPG,early_leaf_spot,c1297fc9829495eefb297f66ed87980d50b8c7ce8f123e1f92b016dbcba1edd0,1200,800,RGB,281685,train
PHYTO_RAW_0672,Dataset of groundnut plant leaf images for classification and detection/Raw_Data/early_leaf_spot/IMG_4304.JPG,IMG_4304.JPG,early_leaf_spot,c1eb339ad5a478101b9eee2cbdb36617037e2b8d60ec3f494ad73e6233ab1ef7,1200,800,RGB,276091,validation
PHYTO_RAW_0673,Dataset of groundnut plant leaf images for classification and detection/Raw_Data/early_leaf_spot/IMG_4305.JPG,IMG_4305.JPG,early_leaf_spot,442e41d508161fa901e573e14a240e2f4379ead26e2d258986f56c1397807081,1200,800,RGB,333637,train
PHYTO_RAW_0674,Dataset of groundnut plant leaf images for classification and detection/Raw_Data/early_leaf_spot/IMG_4306.JPG,IMG_4306.JPG,early_leaf_spot,bd033945a7c26d20b673cafef7057a1900b0f71955342832e4ce461361c5c60c,1200,800,RGB,317473,train
PHYTO_RAW_0675,Dataset of groundnut plant leaf images for classification and detection/Raw_Data/early_leaf_spot/IMG_4307.JPG,IMG_4307.JPG,early_leaf_spot,e6fe0cd8b6fe6a79503981f5eb133bd245bb87e2f4d6a2b8bb7e4b8df93398f3,1200,800,RGB,288940,test
PHYTO_RAW_0676,Dataset of groundnut plant leaf images for classification and detection/Raw_Data/early_leaf_spot/IMG_4308.JPG,IMG_4308.JPG,early_leaf_spot,2c1d53efa9ab9bc011224aa9a3807f68646a851c776372e37e1602488ea52734,1200,800,RGB,276862,train
PHYTO_RAW_0677,Dataset of groundnut plant leaf images for classification and detection/Raw_Data/early_leaf_spot/IMG_4309.JPG,IMG_4309.JPG,early_leaf_spot,802708e3158a053ee061235d07573463ee80531a52ab3ee11ddea615b09c46e6,1200,800,RGB,311397,validation
PHYTO_RAW_0678,Dataset of groundnut plant leaf images for classification and detection/Raw_Data/early_leaf_spot/IMG_4310.JPG,IMG_4310.JPG,early_leaf_spot,80efa5c63b5d9213edc6e9f6a5cabf07648fb005e610fb3f0ad5de08d44aed24,1200,800,RGB,304825,train
PHYTO_RAW_0679,Dataset of groundnut plant leaf images for classification and detection/Raw_Data/early_leaf_spot/IMG_4311.JPG,IMG_4311.JPG,early_leaf_spot,0ee1aead78c3e4b3e65ec3ea4e8147afbacbfb3ddbe762342d512b3c89e51b3f,1200,800,RGB,287505,train
PHYTO_RAW_0680,Dataset of groundnut plant leaf images for classification and detection/Raw_Data/early_leaf_spot/IMG_4312.JPG,IMG_4312.JPG,early_leaf_spot,39124dc503c9ebf0c2ef571dd1a1e35b5f8fa3eeb9c40a18a8144204e736b8a9,1200,800,RGB,292656,train
PHYTO_RAW_0681,Dataset of groundnut plant leaf images for classification and detection/Raw_Data/early_leaf_spot/IMG_4313.JPG,IMG_4313.JPG,early_leaf_spot,f195a25725852ba96ea1ad1d08a873625194ef7271f4f83dfa268765e904ebb8,1200,800,RGB,253198,train
PHYTO_RAW_0682,Dataset of groundnut plant leaf images for classification and detection/Raw_Data/early_leaf_spot/IMG_4314.JPG,IMG_4314.JPG,early_leaf_spot,6846f9ba4c6ba8ffc642e1f815ecd7e901d9d42d999587bedff0f2ff1658cfa2,1200,800,RGB,300723,test
PHYTO_RAW_0683,Dataset of groundnut plant leaf images for classification and detection/Raw_Data/early_leaf_spot/IMG_4315.JPG,IMG_4315.JPG,early_leaf_spot,a6cc8bbe6c83406802302dc05c563e126029747d9c11bbb190b84d8b65e344dc,1200,800,RGB,251085,train
PHYTO_RAW_0684,Dataset of groundnut plant leaf images for classification and detection/Raw_Data/early_leaf_spot/IMG_4316.JPG,IMG_4316.JPG,early_leaf_spot,fcaad063a734d34eb13a7a05f7a653e10051d02e98522bb80bad26038d797af9,1200,800,RGB,282560,validation
PHYTO_RAW_0685,Dataset of groundnut plant leaf images for classification and detection/Raw_Data/early_leaf_spot/IMG_4317.JPG,IMG_4317.JPG,early_leaf_spot,7751b21bc92a72958307651c17a25530f0d48546e93043ae0172ab5b4396e924,1200,800,RGB,252650,validation
PHYTO_RAW_0686,Dataset of groundnut plant leaf images for classification and detection/Raw_Data/early_leaf_spot/IMG_4318.JPG,IMG_4318.JPG,early_leaf_spot,6c841368839861c3ed9bb83d42990327b9a3115f6c00278198e551bdf376d998,1200,800,RGB,327492,validation
PHYTO_RAW_0687,Dataset of groundnut plant leaf images for classification and detection/Raw_Data/early_leaf_spot/IMG_4319.JPG,IMG_4319.JPG,early_leaf_spot,4dcf1bafa830bfbbf84e65a6c591ed00637c20982911fbe3bdfd297a847aef9b,1200,800,RGB,235221,test
PHYTO_RAW_0688,Dataset of groundnut plant leaf images for classification and detection/Raw_Data/early_leaf_spot/IMG_4320.JPG,IMG_4320.JPG,early_leaf_spot,5219b06fe69dcae9d095255822967c7ef1ff321502a38cfe9ff0158a0d1209f5,1200,800,RGB,256871,train
PHYTO_RAW_0689,Dataset of groundnut plant leaf images for classification and detection/Raw_Data/early_leaf_spot/IMG_4321.JPG,IMG_4321.JPG,early_leaf_spot,2d563d5f94e001bc5b7cdce859ad5337fbb519e67a8adc151537477ddf489334,1200,800,RGB,240249,train
PHYTO_RAW_0690,Dataset of groundnut plant leaf images for classification and detection/Raw_Data/early_leaf_spot/IMG_4322.JPG,IMG_4322.JPG,early_leaf_spot,f9b74949daca6d8c8b3396d686032ea26683b8e70bebd7283cdeee8c1ead6704,1200,800,RGB,226095,train
PHYTO_RAW_0691,Dataset of groundnut plant leaf images for classification and detection/Raw_Data/early_leaf_spot/IMG_4323.JPG,IMG_4323.JPG,early_leaf_spot,88fb6a3f92be6c994557f97165939849b25e824f1287a2ca0ee8fb5baee848e2,1200,800,RGB,226371,validation
PHYTO_RAW_0692,Dataset of groundnut plant leaf images for classification and detection/Raw_Data/early_leaf_spot/IMG_4324.JPG,IMG_4324.JPG,early_leaf_spot,6a1a6aa4bf00d1dba6486cbb63672b825bf6dae1aff0723127747946dc7461ed,1200,800,RGB,198428,train
PHYTO_RAW_0693,Dataset of groundnut plant leaf images for classification and detection/Raw_Data/early_leaf_spot/IMG_4325.JPG,IMG_4325.JPG,early_leaf_spot,4535096e336e6a8fb4573884b730aa714c51e3d358c784af8c5a4ddc8b125e7a,1200,800,RGB,224082,train
PHYTO_RAW_0694,Dataset of groundnut plant leaf images for classification and detection/Raw_Data/early_leaf_spot/IMG_4326.JPG,IMG_4326.JPG,early_leaf_spot,dcf1fe931627bc36ffba6f06db1be0376907bf684e2296141b6ef5229024fff1,1200,800,RGB,170678,train
PHYTO_RAW_0695,Dataset of groundnut plant leaf images for classification and detection/Raw_Data/early_leaf_spot/IMG_4327.JPG,IMG_4327.JPG,early_leaf_spot,c21f368a38a9c754d503d92a9df66655046416691ae56e93ce9986c67058f4db,1200,800,RGB,171749,train
PHYTO_RAW_0696,Dataset of groundnut plant leaf images for classification and detection/Raw_Data/early_leaf_spot/IMG_4328.JPG,IMG_4328.JPG,early_leaf_spot,8f5c4e3df4d6cc39daaeba7c0834362ad960323ad2ddcc8dfdfe2298f933082d,1200,800,RGB,223676,train
PHYTO_RAW_0697,Dataset of groundnut plant leaf images for classification and detection/Raw_Data/early_leaf_spot/IMG_4329.JPG,IMG_4329.JPG,early_leaf_spot,5b340f51e48181e26e5b538dee62356f6fc9af60f8df0ba06cd7639af3573bd8,1200,800,RGB,218793,validation
PHYTO_RAW_0698,Dataset of groundnut plant leaf images for classification and detection/Raw_Data/early_leaf_spot/IMG_4330.JPG,IMG_4330.JPG,early_leaf_spot,8ce94522d9c2d6e83c48576460483a714719e5c7e960658b7a9a8d9a4e1479e8,1200,800,RGB,231799,validation
PHYTO_RAW_0699,Dataset of groundnut plant leaf images for classification and detection/Raw_Data/early_leaf_spot/IMG_4331.JPG,IMG_4331.JPG,early_leaf_spot,1f77ed1e8da0538972a732d4a0c7eb6379cb9f2c1c809053ef7501061ca65f4a,1200,800,RGB,220284,validation
PHYTO_RAW_0700,Dataset of groundnut plant leaf images for classification and detection/Raw_Data/early_leaf_spot/IMG_4332.JPG,IMG_4332.JPG,early_leaf_spot,107f4748e5400ef40e9c073c262c719d8dba1a79720f7f8fcb861ba86a8b0aca,1200,800,RGB,223385,test
PHYTO_RAW_0701,Dataset of groundnut plant leaf images for classification and detection/Raw_Data/early_leaf_spot/IMG_4333.JPG,IMG_4333.JPG,early_leaf_spot,32ed05684eec18cf1a8c8d305f8df90c5e8f5ab1b154f53015874aa93b76fec8,1200,800,RGB,205305,test
PHYTO_RAW_0702,Dataset of groundnut plant leaf images for classification and detection/Raw_Data/early_leaf_spot/IMG_4334.JPG,IMG_4334.JPG,early_leaf_spot,f9ce1eb5c0070baafecb32414ce7ab4c719f2c41f81d09d7cb8e6a6ef7452d28,1200,800,RGB,332099,test
PHYTO_RAW_0703,Dataset of groundnut plant leaf images for classification and detection/Raw_Data/early_leaf_spot/IMG_4335.JPG,IMG_4335.JPG,early_leaf_spot,5ca77cb6a5f90a0c51341bde0902fd7f0ba2ea765727538617c7423420f64861,1200,800,RGB,285104,test
PHYTO_RAW_0704,Dataset of groundnut plant leaf images for classification and detection/Raw_Data/early_leaf_spot/IMG_4336.JPG,IMG_4336.JPG,early_leaf_spot,138def71459391c1c453f2590393718c6a9efe71b8fa64ed8707af5b3baa8fb5,1200,800,RGB,352567,train
PHYTO_RAW_0705,Dataset of groundnut plant leaf images for classification and detection/Raw_Data/early_leaf_spot/IMG_4337.JPG,IMG_4337.JPG,early_leaf_spot,f714f9caab78e61a9b6c50f17853398281c0a3263268014a3af2aeecae3dc61d,1200,800,RGB,276007,train
PHYTO_RAW_0706,Dataset of groundnut plant leaf images for classification and detection/Raw_Data/early_leaf_spot/IMG_4338.JPG,IMG_4338.JPG,early_leaf_spot,319e7bbcdf88ea2a0687f13ca7e03ba7c8ed908658ba5ac512e619160b583f3a,1200,800,RGB,314941,train
PHYTO_RAW_0707,Dataset of groundnut plant leaf images for classification and detection/Raw_Data/early_leaf_spot/IMG_4339.JPG,IMG_4339.JPG,early_leaf_spot,d72321f061b745ac4f899148bb0c9b8ee37e1d20d04c8226df9956d2a6486896,1200,800,RGB,322982,train
PHYTO_RAW_0708,Dataset of groundnut plant leaf images for classification and detection/Raw_Data/early_leaf_spot/IMG_4340.JPG,IMG_4340.JPG,early_leaf_spot,2cd17f44f1949549c2f64d4b391d0f73296ab0c845231772020f790a48159521,1200,800,RGB,320066,train
PHYTO_RAW_0709,Dataset of groundnut plant leaf images for classification and detection/Raw_Data/early_leaf_spot/IMG_4341.JPG,IMG_4341.JPG,early_leaf_spot,6017181e456f39c98d84246e5878aaabd8f2ac74c051e6ef7e309bbf82767b65,1200,800,RGB,283624,train
PHYTO_RAW_0710,Dataset of groundnut plant leaf images for classification and detection/Raw_Data/early_leaf_spot/IMG_4342.JPG,IMG_4342.JPG,early_leaf_spot,6770294c64156c12e288db4d277bca91e686392269ed889bc7faf2a216e3ade9,1200,800,RGB,412201,train
PHYTO_RAW_0711,Dataset of groundnut plant leaf images for classification and detection/Raw_Data/early_leaf_spot/IMG_4343.JPG,IMG_4343.JPG,early_leaf_spot,927f6597ca12e0beb03c06fdcfddf9c4e63e249d45a7ea5b2b57c4681513acc7,1200,800,RGB,283929,train
PHYTO_RAW_0712,Dataset of groundnut plant leaf images for classification and detection/Raw_Data/early_leaf_spot/IMG_4344.JPG,IMG_4344.JPG,early_leaf_spot,34e123b0aa9d5bffee9acc48605b062c70e5be06d34a65c7d483cefba3270ed4,1200,800,RGB,294271,train
PHYTO_RAW_0713,Dataset of groundnut plant leaf images for classification and detection/Raw_Data/early_leaf_spot/IMG_4345.JPG,IMG_4345.JPG,early_leaf_spot,a8265a2e46370d0a409bc79fdfb621e33e050460e6ac8f3fe9edee953ea64b7c,1200,800,RGB,307067,train
PHYTO_RAW_0714,Dataset of groundnut plant leaf images for classification and detection/Raw_Data/early_leaf_spot/IMG_4346.JPG,IMG_4346.JPG,early_leaf_spot,a56796a7c6d8cb06c7a740c4521025a758a1bb60d49ac4d0c89efdebc639ea59,1200,800,RGB,280275,train
PHYTO_RAW_0715,Dataset of groundnut plant leaf images for classification and detection/Raw_Data/early_leaf_spot/IMG_4347.JPG,IMG_4347.JPG,early_leaf_spot,127c105d83573f7469925f961c9cb66c91aa1a53acdf0e9316cebaf1c47cc802,1200,800,RGB,272636,train
PHYTO_RAW_0716,Dataset of groundnut plant leaf images for classification and detection/Raw_Data/early_leaf_spot/IMG_4348.JPG,IMG_4348.JPG,early_leaf_spot,71c0214a57d9c1ede3f36e8a55a61afc9ac44b0e276a1f6a5a40fb2cac3fc3bc,1200,800,RGB,321522,train
PHYTO_RAW_0717,Dataset of groundnut plant leaf images for classification and detection/Raw_Data/early_leaf_spot/IMG_4349.JPG,IMG_4349.JPG,early_leaf_spot,79bd9a6ceaf4f8f7ad36440a915b3812bb7b109c11bb53baab47d14fde0edfc5,1200,800,RGB,282030,train
PHYTO_RAW_0718,Dataset of groundnut plant leaf images for classification and detection/Raw_Data/early_leaf_spot/IMG_4350.JPG,IMG_4350.JPG,early_leaf_spot,75d8e760dcd0c69de380a3e37b5bfeb68d21a2b63454aabf2ce031d81aa2d067,1200,800,RGB,249610,train
PHYTO_RAW_0719,Dataset of groundnut plant leaf images for classification and detection/Raw_Data/early_leaf_spot/IMG_4351.JPG,IMG_4351.JPG,early_leaf_spot,a71bb6afe6077bb85e4fee9be27a4e0b85b4caf656a1ec0e03419e189758aad8,1200,800,RGB,296805,train
PHYTO_RAW_0720,Dataset of groundnut plant leaf images for classification and detection/Raw_Data/early_leaf_spot/IMG_4352.JPG,IMG_4352.JPG,early_leaf_spot,869d9e14963ba6e8f9a434eb499c3dcdc8f45d5aea44dda5b24d60833f73e87d,1200,800,RGB,226283,test
PHYTO_RAW_0721,Dataset of groundnut plant leaf images for classification and detection/Raw_Data/early_leaf_spot/IMG_4353.JPG,IMG_4353.JPG,early_leaf_spot,07ad9708ed165ae11c5208c75906fe5b843d89ff26c2bba089889260faf62419,1200,800,RGB,258095,train
PHYTO_RAW_0722,Dataset of groundnut plant leaf images for classification and detection/Raw_Data/early_leaf_spot/IMG_4354.JPG,IMG_4354.JPG,early_leaf_spot,1116c082df7e4fcfe0900014b396d7ff1b20aab19079e97065dcb434a03611ea,1200,800,RGB,285653,train
PHYTO_RAW_0723,Dataset of groundnut plant leaf images for classification and detection/Raw_Data/early_leaf_spot/IMG_4355.JPG,IMG_4355.JPG,early_leaf_spot,be36a35ab8ad62cdf87e33bc77c4675887d09948286d2df195b66a2a4edde113,1200,800,RGB,298878,train
PHYTO_RAW_0724,Dataset of groundnut plant leaf images for classification and detection/Raw_Data/early_leaf_spot/IMG_4356.JPG,IMG_4356.JPG,early_leaf_spot,31091b34524c6a4a5a75993b34cbc245730f695c14d462546c8a1a2b9e4037a3,1200,800,RGB,246018,validation
PHYTO_RAW_0725,Dataset of groundnut plant leaf images for classification and detection/Raw_Data/early_leaf_spot/IMG_4357.JPG,IMG_4357.JPG,early_leaf_spot,15ee9adcc59c65323a64bf37290ab6af85463f803c84a69c9e12c12a64927007,1200,800,RGB,297618,test
PHYTO_RAW_0726,Dataset of groundnut plant leaf images for classification and detection/Raw_Data/early_leaf_spot/IMG_4358.JPG,IMG_4358.JPG,early_leaf_spot,ccd7f99ef1cccc178fb37581048d4ac3df8890482eff00ca7c58bc882408a919,1200,800,RGB,292649,validation
PHYTO_RAW_0727,Dataset of groundnut plant leaf images for classification and detection/Raw_Data/early_leaf_spot/IMG_4359.JPG,IMG_4359.JPG,early_leaf_spot,3244152c17d6dd7e26f5c85e16130b45467fc57151635978b6efa69ffc027281,1200,800,RGB,388910,test
PHYTO_RAW_0728,Dataset of groundnut plant leaf images for classification and detection/Raw_Data/early_leaf_spot/IMG_4360.JPG,IMG_4360.JPG,early_leaf_spot,a79d296464ad9abc0b5cef58e35ade1d76a6b164b938c982e009d49e13473b5c,1200,800,RGB,279333,validation
PHYTO_RAW_0729,Dataset of groundnut plant leaf images for classification and detection/Raw_Data/early_leaf_spot/IMG_4361.JPG,IMG_4361.JPG,early_leaf_spot,b7b6c386b2c1f5146c35bab3995554553b471eb6c27d958b56b69015b49e6687,1200,800,RGB,254684,train
PHYTO_RAW_0730,Dataset of groundnut plant leaf images for classification and detection/Raw_Data/early_leaf_spot/IMG_4362.JPG,IMG_4362.JPG,early_leaf_spot,be566397aad8e0d51de075db84425958bdafd5a5386fa55c4fd8f8e1293a706d,1200,800,RGB,227015,test
PHYTO_RAW_0731,Dataset of groundnut plant leaf images for classification and detection/Raw_Data/early_leaf_spot/IMG_4363.JPG,IMG_4363.JPG,early_leaf_spot,30a9434309c7225e7e4fb04b0c7c10fecae97525617290c5f2b4a40c055432d2,1200,800,RGB,264327,train
PHYTO_RAW_0732,Dataset of groundnut plant leaf images for classification and detection/Raw_Data/early_leaf_spot/IMG_4364.JPG,IMG_4364.JPG,early_leaf_spot,e689a014ab49df630e999e4294c0578e0f35d47b94fb6377ab525a3add626447,1200,800,RGB,252207,train
PHYTO_RAW_0733,Dataset of groundnut plant leaf images for classification and detection/Raw_Data/early_leaf_spot/IMG_4365.JPG,IMG_4365.JPG,early_leaf_spot,70c5d4d41bc8d3674a944913af314d3787be67a356487e06ce7cbc261c4c1ade,1200,800,RGB,245130,train
PHYTO_RAW_0734,Dataset of groundnut plant leaf images for classification and detection/Raw_Data/early_leaf_spot/IMG_4366.JPG,IMG_4366.JPG,early_leaf_spot,c1f1bbe5a39781f63c53f4ef1471ddc1bfcf67523acff2e3ca19a85eff6b3d6a,1200,800,RGB,264096,train
PHYTO_RAW_0735,Dataset of groundnut plant leaf images for classification and detection/Raw_Data/early_leaf_spot/IMG_4367.JPG,IMG_4367.JPG,early_leaf_spot,25c8ad285daf8b3b6698560682673c424406f79d48a148a6677e8deec8b20190,1200,800,RGB,299816,train
PHYTO_RAW_0736,Dataset of groundnut plant leaf images for classification and detection/Raw_Data/early_leaf_spot/IMG_4368.JPG,IMG_4368.JPG,early_leaf_spot,177df219721fae417bd4cb6a77438fb587cc1c946ad722f2a5414d126fc1bafc,1200,800,RGB,297936,train
PHYTO_RAW_0737,Dataset of groundnut plant leaf images for classification and detection/Raw_Data/early_leaf_spot/IMG_4369.JPG,IMG_4369.JPG,early_leaf_spot,3bd9d41f0f59a7a457df047d50119a4f2d061ffc756c6a27759e1c205979e7f9,1200,800,RGB,290489,train
PHYTO_RAW_0738,Dataset of groundnut plant leaf images for classification and detection/Raw_Data/early_leaf_spot/IMG_4370.JPG,IMG_4370.JPG,early_leaf_spot,887104b5ada7e7515901c0bbcd92a215a0da9cbc6db058dcfab21da33ff32dbb,1200,800,RGB,304462,train
PHYTO_RAW_0739,Dataset of groundnut plant leaf images for classification and detection/Raw_Data/early_leaf_spot/IMG_4371.JPG,IMG_4371.JPG,early_leaf_spot,5372d38d6750744eb1cf56dd9bb15dfde190cf5fc628c76c2922443d0a113edf,1200,800,RGB,254258,validation
PHYTO_RAW_0740,Dataset of groundnut plant leaf images for classification and detection/Raw_Data/early_leaf_spot/IMG_4372.JPG,IMG_4372.JPG,early_leaf_spot,15ae70793a42240451dcabdce4bb70d4f67a9a38bfca45bd6c4082ea68a57adf,1200,800,RGB,293277,train
PHYTO_RAW_0741,Dataset of groundnut plant leaf images for classification and detection/Raw_Data/early_leaf_spot/IMG_4373.JPG,IMG_4373.JPG,early_leaf_spot,bba901e0e4ce7146e6e2a385c9345c72b21aeb4c18f9265335f4863989ee7bc5,1200,800,RGB,222842,validation
PHYTO_RAW_0742,Dataset of groundnut plant leaf images for classification and detection/Raw_Data/early_leaf_spot/IMG_4374.JPG,IMG_4374.JPG,early_leaf_spot,e6ba182dfd760be78e753edc1b58084cd827aefda898ed67abc690d4348d02c4,1200,800,RGB,207278,train
PHYTO_RAW_0743,Dataset of groundnut plant leaf images for classification and detection/Raw_Data/early_leaf_spot/IMG_4375.JPG,IMG_4375.JPG,early_leaf_spot,2369eb4f963e21b839d292347c8234da3288cdfcc6f8a040db01379ce7c9ac74,1200,800,RGB,228633,validation
PHYTO_RAW_0744,Dataset of groundnut plant leaf images for classification and detection/Raw_Data/early_leaf_spot/IMG_4376.JPG,IMG_4376.JPG,early_leaf_spot,0700e7246de17c29c2d100faa11ddb01a57313ab3ac45053bc0ab02d2631a08d,1200,800,RGB,302152,train
PHYTO_RAW_0745,Dataset of groundnut plant leaf images for classification and detection/Raw_Data/early_leaf_spot/IMG_4377.JPG,IMG_4377.JPG,early_leaf_spot,5be98b27b2673b7c48d5df9744e2df961deae8e188379301740d19c0f85135da,1200,800,RGB,246314,train
PHYTO_RAW_0746,Dataset of groundnut plant leaf images for classification and detection/Raw_Data/early_leaf_spot/IMG_4378.JPG,IMG_4378.JPG,early_leaf_spot,549c5199e746b283814d4a4664ea939b9e147f9f0a4866ea027a73b0364d6037,1200,800,RGB,256473,train
PHYTO_RAW_0747,Dataset of groundnut plant leaf images for classification and detection/Raw_Data/early_leaf_spot/IMG_4379.JPG,IMG_4379.JPG,early_leaf_spot,273b39c0924b820b1980d74816dff1918594b02e40e983a2d258b3ae98083f05,1200,800,RGB,286490,train
PHYTO_RAW_0748,Dataset of groundnut plant leaf images for classification and detection/Raw_Data/early_leaf_spot/IMG_4380.JPG,IMG_4380.JPG,early_leaf_spot,3c8676f60d63e16339e1ea24a8e3d5980cd004e0c6e8f61281999288affd2147,1200,800,RGB,245039,test
PHYTO_RAW_0749,Dataset of groundnut plant leaf images for classification and detection/Raw_Data/early_leaf_spot/IMG_4381.JPG,IMG_4381.JPG,early_leaf_spot,733d1bb622a1d8d810979852b0768be6b27315d201f1e7f35a5d98d80d2532ac,1200,800,RGB,328919,test
PHYTO_RAW_0750,Dataset of groundnut plant leaf images for classification and detection/Raw_Data/early_leaf_spot/IMG_4382.JPG,IMG_4382.JPG,early_leaf_spot,efd352c31d610db71db2550d52088405af4b2a9549f9d49f89347504a3a4aa9d,1200,800,RGB,349274,validation
PHYTO_RAW_0751,Dataset of groundnut plant leaf images for classification and detection/Raw_Data/early_leaf_spot/IMG_4383.JPG,IMG_4383.JPG,early_leaf_spot,2b465242c14617b43e9d4cac0e9f3ff75ca840d40644ce8d9ac6d71f8da56713,1200,800,RGB,260524,validation
PHYTO_RAW_0752,Dataset of groundnut plant leaf images for classification and detection/Raw_Data/early_leaf_spot/IMG_4384.JPG,IMG_4384.JPG,early_leaf_spot,e02e993814b0f51819ceb3cc143a5c1059119ced4199ff41963202df79a298ed,1200,800,RGB,326209,validation
PHYTO_RAW_0753,Dataset of groundnut plant leaf images for classification and detection/Raw_Data/early_leaf_spot/IMG_4385.JPG,IMG_4385.JPG,early_leaf_spot,c851f69bdd23017497df0d632b1256ebfb2bf199b666ac76eba0c47be94467bc,1200,800,RGB,288445,train
PHYTO_RAW_0754,Dataset of groundnut plant leaf images for classification and detection/Raw_Data/early_leaf_spot/IMG_4386.JPG,IMG_4386.JPG,early_leaf_spot,d69aae1905c45a9e0d42ae348afd7e2ae11cef5392813d3591164a4831f8aefc,1200,800,RGB,284168,train
PHYTO_RAW_0755,Dataset of groundnut plant leaf images for classification and detection/Raw_Data/early_leaf_spot/IMG_4387.JPG,IMG_4387.JPG,early_leaf_spot,3661b209bbc04c3e647484ede2d0d1531bad19312ba74f35fa031601267c4021,1200,800,RGB,308613,validation
PHYTO_RAW_0756,Dataset of groundnut plant leaf images for classification and detection/Raw_Data/early_leaf_spot/IMG_4388.JPG,IMG_4388.JPG,early_leaf_spot,c5d6e717dc4a5847e98b8c517a6795c22d646a5d7994f0d19c9d4ee90fdf9aa9,1200,800,RGB,317365,train
PHYTO_RAW_0757,Dataset of groundnut plant leaf images for classification and detection/Raw_Data/early_leaf_spot/IMG_4389.JPG,IMG_4389.JPG,early_leaf_spot,719951ae27961a68c2e6e31fe2c29ca1fb6c0b7c561bc8dcd3d007ee87c8e7b7,1200,800,RGB,315328,validation
PHYTO_RAW_0758,Dataset of groundnut plant leaf images for classification and detection/Raw_Data/early_leaf_spot/IMG_4390.JPG,IMG_4390.JPG,early_leaf_spot,390871689aa4df6b430b6cf507de0b45911a8e0edb5af500dd4cdb2b5b09dc79,1200,800,RGB,284879,train
PHYTO_RAW_0759,Dataset of groundnut plant leaf images for classification and detection/Raw_Data/early_leaf_spot/IMG_4391.JPG,IMG_4391.JPG,early_leaf_spot,45f975f00dd54edb652e9d593262e2379c4bc4e0dea1ca972d0b0142fe57d8a8,1200,800,RGB,271534,validation
PHYTO_RAW_0760,Dataset of groundnut plant leaf images for classification and detection/Raw_Data/early_leaf_spot/IMG_4392.JPG,IMG_4392.JPG,early_leaf_spot,065e5ca6bb3a4a93a8cb3e24d76ef0e217fd2b9d45309e1a4e55bb56366831a8,1200,800,RGB,245872,train
PHYTO_RAW_0761,Dataset of groundnut plant leaf images for classification and detection/Raw_Data/early_leaf_spot/IMG_4393.JPG,IMG_4393.JPG,early_leaf_spot,357a68500a5bf0b0b70fcf839c7dac8af95b2b29a43072f5c7b8c4ed97399389,1200,800,RGB,266389,train
PHYTO_RAW_0762,Dataset of groundnut plant leaf images for classification and detection/Raw_Data/early_leaf_spot/IMG_4394.JPG,IMG_4394.JPG,early_leaf_spot,25481605244e750db1bbeeba312cff9e1a612dea96ca4ec41cb66cfaa60b85fd,1200,800,RGB,280751,train
PHYTO_RAW_0763,Dataset of groundnut plant leaf images for classification and detection/Raw_Data/early_leaf_spot/IMG_4395.JPG,IMG_4395.JPG,early_leaf_spot,92c2d62dab28d81f5ff50846d30cf3e555bf9e4a995a3515f632f4b36d7d24d8,1200,800,RGB,314879,train
PHYTO_RAW_0764,Dataset of groundnut plant leaf images for classification and detection/Raw_Data/early_leaf_spot/IMG_4396.JPG,IMG_4396.JPG,early_leaf_spot,7432aee150ad4f1a43f3a457867616a5754190d7f0e0317330be0e0e0902328f,1200,800,RGB,287324,test
PHYTO_RAW_0765,Dataset of groundnut plant leaf images for classification and detection/Raw_Data/early_leaf_spot/IMG_4397.JPG,IMG_4397.JPG,early_leaf_spot,1e9c9957dc99461673bd53a3f3b4415bfdf37c3d84482ea179072be9e36c1335,1200,800,RGB,289692,train
PHYTO_RAW_0766,Dataset of groundnut plant leaf images for classification and detection/Raw_Data/early_leaf_spot/IMG_4398.JPG,IMG_4398.JPG,early_leaf_spot,e60c519989e3e728f3dca8d83d341f365fbc699de223fcd847139ccf4f87570f,1200,800,RGB,282769,train
PHYTO_RAW_0767,Dataset of groundnut plant leaf images for classification and detection/Raw_Data/early_leaf_spot/IMG_4399.JPG,IMG_4399.JPG,early_leaf_spot,4e1da98fc1e8a379672783ba382af882048e7d10502a722a5442810d708f7a31,1200,800,RGB,300617,train
PHYTO_RAW_0768,Dataset of groundnut plant leaf images for classification and detection/Raw_Data/early_leaf_spot/IMG_4400.JPG,IMG_4400.JPG,early_leaf_spot,689630c0a05bd9f806bf89f959778ddb1776419273277874ae5c50e4a70f4757,1200,800,RGB,283262,train
PHYTO_RAW_0769,Dataset of groundnut plant leaf images for classification and detection/Raw_Data/early_leaf_spot/IMG_4401.JPG,IMG_4401.JPG,early_leaf_spot,3b2a0b354cee968b253c59a5d1e12abfec9b51850d5031cec3e2dbb9bc42d08a,1200,800,RGB,302868,train
PHYTO_RAW_0770,Dataset of groundnut plant leaf images for classification and detection/Raw_Data/early_leaf_spot/IMG_4402.JPG,IMG_4402.JPG,early_leaf_spot,240e4f1ff92fb31a50910b163296718bf4d8d4d90dcc47858c0e3d9f223ba44f,1200,800,RGB,456358,test
PHYTO_RAW_0771,Dataset of groundnut plant leaf images for classification and detection/Raw_Data/early_leaf_spot/IMG_4403.JPG,IMG_4403.JPG,early_leaf_spot,7e8bbe28609dd98907136d65581c40900df68013dd3bf485567e4ef88e43841a,1200,800,RGB,288571,train
PHYTO_RAW_0772,Dataset of groundnut plant leaf images for classification and detection/Raw_Data/early_leaf_spot/IMG_4404.JPG,IMG_4404.JPG,early_leaf_spot,5e5abbd4844225f8e6bfeef55454b42ba7588094ea239533a748a6dbfd9c85d6,1200,800,RGB,283422,test
PHYTO_RAW_0773,Dataset of groundnut plant leaf images for classification and detection/Raw_Data/early_leaf_spot/IMG_4405.JPG,IMG_4405.JPG,early_leaf_spot,1a5532c29b5b30eb10a59114cb47a3072be99ddd6d8668c8dce1a94df890d067,1200,800,RGB,283904,train
PHYTO_RAW_0774,Dataset of groundnut plant leaf images for classification and detection/Raw_Data/early_leaf_spot/IMG_4406.JPG,IMG_4406.JPG,early_leaf_spot,74d910b9f1dde96b58fc5c202c3c3d4a49d4b35f69bb61a8de3db68673a51a4c,1200,800,RGB,306971,train
PHYTO_RAW_0775,Dataset of groundnut plant leaf images for classification and detection/Raw_Data/early_leaf_spot/IMG_4407.JPG,IMG_4407.JPG,early_leaf_spot,2dc80f83e2403f29b771a1396a1e4f8a58fda58442b4512630003908a92eb167,1200,800,RGB,269114,train
PHYTO_RAW_0776,Dataset of groundnut plant leaf images for classification and detection/Raw_Data/early_leaf_spot/IMG_4408.JPG,IMG_4408.JPG,early_leaf_spot,39a263ec4fa9643f8a9857202f2083df0dff4bb1d46c2cad1fce0ebbf852b1ff,1200,800,RGB,297324,test
PHYTO_RAW_0777,Dataset of groundnut plant leaf images for classification and detection/Raw_Data/early_leaf_spot/IMG_4409.JPG,IMG_4409.JPG,early_leaf_spot,402edbdeea34bd45d6d896cfe6104b4d0df6f66b57ea27177f09e2fefe4972ab,1200,800,RGB,330140,test
PHYTO_RAW_0778,Dataset of groundnut plant leaf images for classification and detection/Raw_Data/early_leaf_spot/IMG_4410.JPG,IMG_4410.JPG,early_leaf_spot,cc6fd8fa14a7e3e2bfc398111b4e8ee47afbf2093fd36058efa2e9ed05f88910,1200,800,RGB,280972,test
PHYTO_RAW_0779,Dataset of groundnut plant leaf images for classification and detection/Raw_Data/early_leaf_spot/IMG_4411.JPG,IMG_4411.JPG,early_leaf_spot,dda21179c69394452c3dab10bd9c21496b65c47b10cbbdb530b7461cb71e02ca,1200,800,RGB,315519,train
PHYTO_RAW_0780,Dataset of groundnut plant leaf images for classification and detection/Raw_Data/early_leaf_spot/IMG_4412.JPG,IMG_4412.JPG,early_leaf_spot,2b09e0d5fe12e997e477e72524eeb1d646b602b9126bcea6a2dead7de11e7951,1200,800,RGB,264509,train
PHYTO_RAW_0781,Dataset of groundnut plant leaf images for classification and detection/Raw_Data/early_leaf_spot/IMG_4413.JPG,IMG_4413.JPG,early_leaf_spot,07fd6c6a9809bff5ebb19a22b60cd018ac679828e3fafa58bf80d1b6d20ecb95,1200,800,RGB,295951,train
PHYTO_RAW_0782,Dataset of groundnut plant leaf images for classification and detection/Raw_Data/early_leaf_spot/IMG_4414.JPG,IMG_4414.JPG,early_leaf_spot,9286c5f5d4c53b4d5e9dfd1faed919f070460f0784c9332aeaf3041b79964ac9,1200,800,RGB,291740,train
PHYTO_RAW_0783,Dataset of groundnut plant leaf images for classification and detection/Raw_Data/early_leaf_spot/IMG_4415.JPG,IMG_4415.JPG,early_leaf_spot,fcc1dc7d1492d90bd1d5076bf14a206f35408d18c79a446982b8f581836c2a11,1200,800,RGB,301615,test
PHYTO_RAW_0784,Dataset of groundnut plant leaf images for classification and detection/Raw_Data/early_leaf_spot/IMG_4416.JPG,IMG_4416.JPG,early_leaf_spot,4faf293c6b7d24e359f91bf6f80881519b6b66bfaa36f4ee23336eeabb4e67dd,1200,800,RGB,246282,validation
PHYTO_RAW_0785,Dataset of groundnut plant leaf images for classification and detection/Raw_Data/early_leaf_spot/IMG_4417.JPG,IMG_4417.JPG,early_leaf_spot,83c4e842e1f9b2b4c25903291533da083c015a9e36a824b36846f7df2053ff62,1200,800,RGB,294288,validation
PHYTO_RAW_0786,Dataset of groundnut plant leaf images for classification and detection/Raw_Data/early_leaf_spot/IMG_4418.JPG,IMG_4418.JPG,early_leaf_spot,5f1adec82e46400d9dedd7380903312a1db88498e1efe356587c5c4c8f7efbc4,1200,800,RGB,238957,validation
PHYTO_RAW_0787,Dataset of groundnut plant leaf images for classification and detection/Raw_Data/early_leaf_spot/IMG_4419.JPG,IMG_4419.JPG,early_leaf_spot,0d7041f4bf75f029cf649fe9f9349c5fd51a5c0172613cf37b073a966ce8af15,1200,800,RGB,284635,train
PHYTO_RAW_0788,Dataset of groundnut plant leaf images for classification and detection/Raw_Data/early_leaf_spot/IMG_4420.JPG,IMG_4420.JPG,early_leaf_spot,78d76b20b1903e73cccf7475653df73d291bac7bdac201b5d0b47bc15c054b6a,1200,800,RGB,353957,train
PHYTO_RAW_0789,Dataset of groundnut plant leaf images for classification and detection/Raw_Data/early_leaf_spot/IMG_4421.JPG,IMG_4421.JPG,early_leaf_spot,82ee447faf0da5b4710ab4d206e8a89c4f770812db23ae5b61d7af948529f6fe,1200,800,RGB,326902,train
PHYTO_RAW_0790,Dataset of groundnut plant leaf images for classification and detection/Raw_Data/early_leaf_spot/IMG_4422.JPG,IMG_4422.JPG,early_leaf_spot,aad7dfd4fb97cc603a5c202d37d2da758e254961533ca5efb9d4c5cabbab2e29,1200,800,RGB,298714,train
PHYTO_RAW_0791,Dataset of groundnut plant leaf images for classification and detection/Raw_Data/early_leaf_spot/IMG_4423.JPG,IMG_4423.JPG,early_leaf_spot,318786dc9fd0da909de336fa627f0cc867d079a0514f2fc3531789945c29ca9f,1200,800,RGB,309509,train
PHYTO_RAW_0792,Dataset of groundnut plant leaf images for classification and detection/Raw_Data/early_leaf_spot/IMG_4424.JPG,IMG_4424.JPG,early_leaf_spot,da4833b8ac991e79e8df5ee886c3da5244978d8279c84593e2507ed3355704f2,1200,800,RGB,318646,train
PHYTO_RAW_0793,Dataset of groundnut plant leaf images for classification and detection/Raw_Data/early_leaf_spot/IMG_4425.JPG,IMG_4425.JPG,early_leaf_spot,1c8dc80476ce40c773bb9a42f1532c58c5fe7ed66bd692fe8c6f5baa7becd4de,1200,800,RGB,330284,validation
PHYTO_RAW_0794,Dataset of groundnut plant leaf images for classification and detection/Raw_Data/early_leaf_spot/IMG_4426.JPG,IMG_4426.JPG,early_leaf_spot,7d50b2dae879cb8a4fe692b0c0f7482b1423a93b462117bbe385401f651faee8,1200,800,RGB,257774,validation
PHYTO_RAW_0795,Dataset of groundnut plant leaf images for classification and detection/Raw_Data/early_leaf_spot/IMG_4427.JPG,IMG_4427.JPG,early_leaf_spot,9771aa8bad5ad2beaa73932f8d14b849f5c7f96a5f628323013b3f70e369e5d8,1200,800,RGB,313252,train
PHYTO_RAW_0796,Dataset of groundnut plant leaf images for classification and detection/Raw_Data/early_leaf_spot/IMG_4428.JPG,IMG_4428.JPG,early_leaf_spot,3970bf33a79723315d88b84e8591e89aa53084df0cb0517f0a61d107bb540861,1200,800,RGB,320576,train
PHYTO_RAW_0797,Dataset of groundnut plant leaf images for classification and detection/Raw_Data/early_leaf_spot/IMG_4429.JPG,IMG_4429.JPG,early_leaf_spot,fdf5be68bab764b8021d3bab5fca5058f65f2f8642030cf09129d8e5366299f8,1200,800,RGB,289706,train
PHYTO_RAW_0798,Dataset of groundnut plant leaf images for classification and detection/Raw_Data/early_leaf_spot/IMG_4430.JPG,IMG_4430.JPG,early_leaf_spot,f7d54828f6b64ececf9f846c12836aaf6c4b702a8cca04c88f8846e587da3ff6,1200,800,RGB,318356,train
PHYTO_RAW_0799,Dataset of groundnut plant leaf images for classification and detection/Raw_Data/early_leaf_spot/IMG_4431.JPG,IMG_4431.JPG,early_leaf_spot,d20ef58154971b33d8ebcca805f6621101225fc467843cc7fb3e7281b5998d20,1200,800,RGB,232929,validation
PHYTO_RAW_0800,Dataset of groundnut plant leaf images for classification and detection/Raw_Data/early_leaf_spot/IMG_4432.JPG,IMG_4432.JPG,early_leaf_spot,7d35fb2767ed0e90abc58030bdfec585f1352a60388906900e219f43ccddf3ef,1200,800,RGB,295903,train
PHYTO_RAW_0801,Dataset of groundnut plant leaf images for classification and detection/Raw_Data/early_leaf_spot/IMG_4433.JPG,IMG_4433.JPG,early_leaf_spot,6c3e8539789f0bfe98a5b3474ba303dff3a2c655a53a04c875dd1e20757d062b,1200,800,RGB,258328,train
PHYTO_RAW_0802,Dataset of groundnut plant leaf images for classification and detection/Raw_Data/early_leaf_spot/IMG_4434.JPG,IMG_4434.JPG,early_leaf_spot,b4de08d7b10510f56e62624a17d44b4795be49c192c40927f2eb359a17192825,1200,800,RGB,308768,train
PHYTO_RAW_0803,Dataset of groundnut plant leaf images for classification and detection/Raw_Data/early_leaf_spot/IMG_4435.JPG,IMG_4435.JPG,early_leaf_spot,0c205deb12c7873a8d4f037dbdf17d8cdf8bfc394b606ba88dc4a633c7bb07e5,1200,800,RGB,259320,train
PHYTO_RAW_0804,Dataset of groundnut plant leaf images for classification and detection/Raw_Data/early_leaf_spot/IMG_4436.JPG,IMG_4436.JPG,early_leaf_spot,c9008e0f2d2e1c5eb418e690c9396f177a637d73b51c8f179b62fd398ce8493a,1200,800,RGB,292612,train
PHYTO_RAW_0805,Dataset of groundnut plant leaf images for classification and detection/Raw_Data/early_leaf_spot/IMG_4437.JPG,IMG_4437.JPG,early_leaf_spot,4237dd4ea543a88350845fded32820f6af46873fc8394390c8fc1043215ec642,1200,800,RGB,258512,train
PHYTO_RAW_0806,Dataset of groundnut plant leaf images for classification and detection/Raw_Data/early_leaf_spot/IMG_4438.JPG,IMG_4438.JPG,early_leaf_spot,62485ce4f8fad58038f16868fa28f2c49aefe432f74258a6a6057ccffadb5a31,1200,800,RGB,289151,test
PHYTO_RAW_0807,Dataset of groundnut plant leaf images for classification and detection/Raw_Data/early_leaf_spot/IMG_4439.JPG,IMG_4439.JPG,early_leaf_spot,8b83ad7aee5c3350f3e6ea8a2d6f0f336fd2c99d8958c28e76380fc993993ce7,1200,800,RGB,314333,train
PHYTO_RAW_0808,Dataset of groundnut plant leaf images for classification and detection/Raw_Data/early_leaf_spot/IMG_4440.JPG,IMG_4440.JPG,early_leaf_spot,cb4a007441faa22b2372aa3e645b202e6370e957f857db4d61ab9a77c3f35d69,1200,800,RGB,159694,validation
PHYTO_RAW_0809,Dataset of groundnut plant leaf images for classification and detection/Raw_Data/early_leaf_spot/IMG_4441.JPG,IMG_4441.JPG,early_leaf_spot,d87050b51e9f9c23c0dc64641d5943645acbd6f8f32570ee4350a35cb03c3fc8,1200,800,RGB,233668,train
PHYTO_RAW_0810,Dataset of groundnut plant leaf images for classification and detection/Raw_Data/early_leaf_spot/IMG_4442.JPG,IMG_4442.JPG,early_leaf_spot,16f00e4dba6bc322a9916cb3d6a2d47ad0d5574d95681bedd02ec1cdc1fcaff5,1200,800,RGB,261950,train
PHYTO_RAW_0811,Dataset of groundnut plant leaf images for classification and detection/Raw_Data/early_leaf_spot/IMG_4443.JPG,IMG_4443.JPG,early_leaf_spot,26fecf87499b8c3b9c7334c4ca3ac6a87a0ccf76da7bedc767306e633bbbef15,1200,800,RGB,318400,validation
PHYTO_RAW_0812,Dataset of groundnut plant leaf images for classification and detection/Raw_Data/early_leaf_spot/IMG_4444.JPG,IMG_4444.JPG,early_leaf_spot,0b51e71a696deed77a0ab47c3d64a22f051af4ce30f1936906ec750596d79aea,1200,800,RGB,278587,train
PHYTO_RAW_0813,Dataset of groundnut plant leaf images for classification and detection/Raw_Data/early_leaf_spot/IMG_4445.JPG,IMG_4445.JPG,early_leaf_spot,3e72962bb3b34d36dddd35d16fdbadfde0d38b78d6415ee5b0f0b40b209bd1fb,1200,800,RGB,298571,train
PHYTO_RAW_0814,Dataset of groundnut plant leaf images for classification and detection/Raw_Data/early_leaf_spot/IMG_4446.JPG,IMG_4446.JPG,early_leaf_spot,52e1b8b74bb891516a337fcd6dd89733687212171aee89bd71c84217e8ddeb39,1200,800,RGB,267410,validation
PHYTO_RAW_0815,Dataset of groundnut plant leaf images for classification and detection/Raw_Data/early_leaf_spot/IMG_4447.JPG,IMG_4447.JPG,early_leaf_spot,1c86fe2d9a2e4310192ae8198b085ab5a9458ee4355a26fb91bcd08fa9187203,1200,800,RGB,281599,train
PHYTO_RAW_0816,Dataset of groundnut plant leaf images for classification and detection/Raw_Data/early_leaf_spot/IMG_4448.JPG,IMG_4448.JPG,early_leaf_spot,b87f76b93f6c8ba575847ec42d15d95bf246cbc6a5a447eb8057de70c5f93ec8,1200,800,RGB,273635,train
PHYTO_RAW_0817,Dataset of groundnut plant leaf images for classification and detection/Raw_Data/early_leaf_spot/IMG_4449.JPG,IMG_4449.JPG,early_leaf_spot,319f5c359f4017a7e1cb3452c21a020e5e3b75e178e8e0c333ba08aef0364975,1200,800,RGB,281313,train
PHYTO_RAW_0818,Dataset of groundnut plant leaf images for classification and detection/Raw_Data/early_leaf_spot/IMG_4450.JPG,IMG_4450.JPG,early_leaf_spot,24c5cfc16a04f8765c856ad05ba4bdc1ecd895c06ff9484088af5e1a0c7a371d,1200,800,RGB,282310,train
PHYTO_RAW_0819,Dataset of groundnut plant leaf images for classification and detection/Raw_Data/early_leaf_spot/IMG_4451.JPG,IMG_4451.JPG,early_leaf_spot,4f79d691b8e1628deb259f5edfbfb0fdbf7b36ac8e854f1316513994911f76be,1200,800,RGB,305014,test
PHYTO_RAW_0820,Dataset of groundnut plant leaf images for classification and detection/Raw_Data/early_leaf_spot/IMG_4452.JPG,IMG_4452.JPG,early_leaf_spot,24d90d211cf841e114f51b1279f2a242f6e874f34a081aec6e78116993618293,1200,800,RGB,299935,validation
PHYTO_RAW_0821,Dataset of groundnut plant leaf images for classification and detection/Raw_Data/early_leaf_spot/IMG_4453.JPG,IMG_4453.JPG,early_leaf_spot,758305071b4401f57a20c922429c799ffc856907de6e031aa4fe5d5382282bfc,1200,800,RGB,310709,train
PHYTO_RAW_0822,Dataset of groundnut plant leaf images for classification and detection/Raw_Data/early_leaf_spot/IMG_4454.JPG,IMG_4454.JPG,early_leaf_spot,2a566dc2d6ba59eb561b70a481e361175b3247613ca510f2517c62cacf13ee40,1200,800,RGB,270171,validation
PHYTO_RAW_0823,Dataset of groundnut plant leaf images for classification and detection/Raw_Data/early_leaf_spot/IMG_4455.JPG,IMG_4455.JPG,early_leaf_spot,703a11c2b707ad49cb6faaf7597214a20991d45473d1e4023e7b1195e7e21e9b,1200,800,RGB,251154,train
PHYTO_RAW_0824,Dataset of groundnut plant leaf images for classification and detection/Raw_Data/early_leaf_spot/IMG_4456.JPG,IMG_4456.JPG,early_leaf_spot,680b72a1f2ea1aebe033b878e3c407ee369d8941548556048532b429c4b59dbc,1200,800,RGB,300345,train
PHYTO_RAW_0825,Dataset of groundnut plant leaf images for classification and detection/Raw_Data/early_leaf_spot/IMG_4457.JPG,IMG_4457.JPG,early_leaf_spot,e7730d791100030a53a3a94b16e00ebfa3dbe654aadafa636b785c36bc3b1b2c,1200,800,RGB,281054,train
PHYTO_RAW_0826,Dataset of groundnut plant leaf images for classification and detection/Raw_Data/early_leaf_spot/IMG_4458.JPG,IMG_4458.JPG,early_leaf_spot,e8ffb60682908d271a4d69b39a659e4e211cadb41247b0aa627b6dbbfa3411c3,1200,800,RGB,448517,train
PHYTO_RAW_0827,Dataset of groundnut plant leaf images for classification and detection/Raw_Data/early_leaf_spot/IMG_4459.JPG,IMG_4459.JPG,early_leaf_spot,4fbac89151f18b25ce458d3507b88b45871f006f10431191a506c7c68970d8e8,1200,800,RGB,278181,train
PHYTO_RAW_0828,Dataset of groundnut plant leaf images for classification and detection/Raw_Data/early_leaf_spot/IMG_4460.JPG,IMG_4460.JPG,early_leaf_spot,38f147e70351672c183604a2a6c4485ca13a6b87a385eea7d945daa17ad56537,1200,800,RGB,281706,test
PHYTO_RAW_0829,Dataset of groundnut plant leaf images for classification and detection/Raw_Data/early_leaf_spot/IMG_4461.JPG,IMG_4461.JPG,early_leaf_spot,790a08586cbad261339ac88d1ebf086c823798571dbb84078511b85b39050025,1200,800,RGB,285287,train
PHYTO_RAW_0830,Dataset of groundnut plant leaf images for classification and detection/Raw_Data/early_leaf_spot/IMG_4462.JPG,IMG_4462.JPG,early_leaf_spot,eab4c67d53c2d216ee9823e322d02f1bad2f3e4b2dd207f9fe0a8354ce351865,1200,800,RGB,329614,train
PHYTO_RAW_0831,Dataset of groundnut plant leaf images for classification and detection/Raw_Data/early_leaf_spot/IMG_4463.JPG,IMG_4463.JPG,early_leaf_spot,38ff5d2216d771de1730a8fbf9b26ea51a376c7832a77c424a0e8ab7a7356cd0,1200,800,RGB,406175,train
PHYTO_RAW_0832,Dataset of groundnut plant leaf images for classification and detection/Raw_Data/early_leaf_spot/IMG_4464.JPG,IMG_4464.JPG,early_leaf_spot,ddda31b18cd90578146ebecab7a8bdf081caf3561a2e699d6c213aca8d813495,1200,800,RGB,262987,test
PHYTO_RAW_0833,Dataset of groundnut plant leaf images for classification and detection/Raw_Data/early_leaf_spot/IMG_4465.JPG,IMG_4465.JPG,early_leaf_spot,a30e52f3b00df91172956678530829f40d3d31a57055f02b75a6c887d3b13a8b,1200,800,RGB,280592,train
PHYTO_RAW_0834,Dataset of groundnut plant leaf images for classification and detection/Raw_Data/early_leaf_spot/IMG_4466.JPG,IMG_4466.JPG,early_leaf_spot,8157b3b88dc48fd2e2a05f3777d5f0d66234923f43130e3da37e672f65907851,1200,800,RGB,240225,validation
PHYTO_RAW_0835,Dataset of groundnut plant leaf images for classification and detection/Raw_Data/early_leaf_spot/IMG_4467.JPG,IMG_4467.JPG,early_leaf_spot,601dbb92e4a960383da466280cfbd3e9a8d7794a59f1cbcb7c01d0e72d201f6f,1200,800,RGB,267271,train
PHYTO_RAW_0836,Dataset of groundnut plant leaf images for classification and detection/Raw_Data/early_leaf_spot/IMG_4468.JPG,IMG_4468.JPG,early_leaf_spot,d038553e3867d8bda180768d8ea4bedd0ce89a0ecd162904b9682d381ea9dc52,1200,800,RGB,318446,train
PHYTO_RAW_0837,Dataset of groundnut plant leaf images for classification and detection/Raw_Data/early_leaf_spot/IMG_4469.JPG,IMG_4469.JPG,early_leaf_spot,76fd54ea09c578155a3f849755385bcc37e8ec55b8f6d59dc9abcc9613ffbee5,1200,800,RGB,294538,train
PHYTO_RAW_0838,Dataset of groundnut plant leaf images for classification and detection/Raw_Data/early_leaf_spot/IMG_4470.JPG,IMG_4470.JPG,early_leaf_spot,87980a273b76fb553d4580f91c71b0226cb9096c08c42f4c968b55ef44186f68,1200,800,RGB,301501,train
PHYTO_RAW_0839,Dataset of groundnut plant leaf images for classification and detection/Raw_Data/early_leaf_spot/IMG_4471.JPG,IMG_4471.JPG,early_leaf_spot,d0ef943918a90d51301475e8fc8eae7e1ee45dcadcdae93eac4abfa727aef570,1200,800,RGB,298833,train
PHYTO_RAW_0840,Dataset of groundnut plant leaf images for classification and detection/Raw_Data/early_leaf_spot/IMG_4472.JPG,IMG_4472.JPG,early_leaf_spot,87f3cc41af83e76fac6a7cce866e83b571c138c6d2b30d8d73fd0d53ce831557,1200,800,RGB,317334,train
PHYTO_RAW_0841,Dataset of groundnut plant leaf images for classification and detection/Raw_Data/early_leaf_spot/IMG_4473.JPG,IMG_4473.JPG,early_leaf_spot,3d9731205a554c27f4100d84e084274662d63f4b20a4f9ff768d416b1386565e,1200,800,RGB,285202,train
PHYTO_RAW_0842,Dataset of groundnut plant leaf images for classification and detection/Raw_Data/early_leaf_spot/IMG_4474.JPG,IMG_4474.JPG,early_leaf_spot,c1324a7cbb0139fc4b394bb5c863bc4d84ad78073c5d52314cbae27a41c0d04f,1200,800,RGB,307493,validation
PHYTO_RAW_0843,Dataset of groundnut plant leaf images for classification and detection/Raw_Data/early_leaf_spot/IMG_4475.JPG,IMG_4475.JPG,early_leaf_spot,e2269f5903558cd8480e1095bb0be8a8e2c570b5e415bf5267e0d28ddc36bbfb,1200,800,RGB,290110,train
PHYTO_RAW_0844,Dataset of groundnut plant leaf images for classification and detection/Raw_Data/early_leaf_spot/IMG_4476.JPG,IMG_4476.JPG,early_leaf_spot,3b3aa23861c890e2e153587e4e1fd2df21cb475504ad58faf63826b8a46bae0e,1200,800,RGB,291097,train
PHYTO_RAW_0845,Dataset of groundnut plant leaf images for classification and detection/Raw_Data/early_leaf_spot/IMG_4477.JPG,IMG_4477.JPG,early_leaf_spot,ad346b1a671db00de974f81f26a46b793aa3a4077f55efec5d5c11091742aecc,1200,800,RGB,292157,train
PHYTO_RAW_0846,Dataset of groundnut plant leaf images for classification and detection/Raw_Data/early_leaf_spot/IMG_4478.JPG,IMG_4478.JPG,early_leaf_spot,467d09c89d8f06dadf34f60a33a9ffaf5d2aa8a248599e7273d08aa7623624c5,1200,800,RGB,276604,validation
PHYTO_RAW_0847,Dataset of groundnut plant leaf images for classification and detection/Raw_Data/early_leaf_spot/IMG_4479.JPG,IMG_4479.JPG,early_leaf_spot,0325484c14d8db3f1ef1b485468724f65f60a274a673bf40317324f9c41c9c5e,1200,800,RGB,264366,validation
PHYTO_RAW_0848,Dataset of groundnut plant leaf images for classification and detection/Raw_Data/early_leaf_spot/IMG_4480.JPG,IMG_4480.JPG,early_leaf_spot,1bc98492ea299c3a052e673748e5eabeecc3dec7248a9733710763db3b024621,1200,800,RGB,350742,train
PHYTO_RAW_0849,Dataset of groundnut plant leaf images for classification and detection/Raw_Data/early_leaf_spot/IMG_4481.JPG,IMG_4481.JPG,early_leaf_spot,481020f0b48aa2e0bdb8449deb7972f8b8e8c8f5084400eaffa7a4c087f7280d,1200,800,RGB,259009,train
PHYTO_RAW_0850,Dataset of groundnut plant leaf images for classification and detection/Raw_Data/early_leaf_spot/IMG_4482.JPG,IMG_4482.JPG,early_leaf_spot,0bcede6c21d2d161704a3cca2cf9d1d319503885d0100f18a05cf6a027d3b329,1200,800,RGB,300337,train
PHYTO_RAW_0851,Dataset of groundnut plant leaf images for classification and detection/Raw_Data/early_leaf_spot/IMG_4483.JPG,IMG_4483.JPG,early_leaf_spot,d177933607e8422d8f36cb2094910b71d7063222555d85cd32d1435f677daf4b,1200,800,RGB,263012,train
PHYTO_RAW_0852,Dataset of groundnut plant leaf images for classification and detection/Raw_Data/early_leaf_spot/IMG_4484.JPG,IMG_4484.JPG,early_leaf_spot,ff67c335a5944907fd0436b27e6731b01e498ad4788f97f8c52b4665b6639ebf,1200,800,RGB,258001,train
PHYTO_RAW_0853,Dataset of groundnut plant leaf images for classification and detection/Raw_Data/early_leaf_spot/IMG_4485.JPG,IMG_4485.JPG,early_leaf_spot,458450b7b18ef4a505354d551ffa6f2c1dfce3050a5f65b5ea0c4e648f7d614e,1200,800,RGB,296358,train
PHYTO_RAW_0854,Dataset of groundnut plant leaf images for classification and detection/Raw_Data/early_leaf_spot/IMG_4486.JPG,IMG_4486.JPG,early_leaf_spot,8d1f1d5db2cdb489c12c8a95d44858c9ae178b504e447b1bb95f4158ba338bdb,1200,800,RGB,229738,train
PHYTO_RAW_0855,Dataset of groundnut plant leaf images for classification and detection/Raw_Data/early_leaf_spot/IMG_4487.JPG,IMG_4487.JPG,early_leaf_spot,2b70118004b2650f7bc5aae596fd296897696e32e4d0a391a9fc83c68d275158,1200,800,RGB,263637,train
PHYTO_RAW_0856,Dataset of groundnut plant leaf images for classification and detection/Raw_Data/early_leaf_spot/IMG_4488.JPG,IMG_4488.JPG,early_leaf_spot,41d21acb6ffc100b6ebe1f690062ae7a949ea518203fd82be7e9b47b201ad845,1200,800,RGB,276549,train
PHYTO_RAW_0857,Dataset of groundnut plant leaf images for classification and detection/Raw_Data/early_leaf_spot/IMG_4489.JPG,IMG_4489.JPG,early_leaf_spot,fdcba65abd677dca621d4a3a1ad3951804f15e3203bff5e999db5c434e519244,1200,800,RGB,278899,train
PHYTO_RAW_0858,Dataset of groundnut plant leaf images for classification and detection/Raw_Data/early_leaf_spot/IMG_4490.JPG,IMG_4490.JPG,early_leaf_spot,9dfa6313e0e769890c4492699d21cd94eec2d420a7739f55947293423e6ec6f7,1200,800,RGB,268995,train
PHYTO_RAW_0859,Dataset of groundnut plant leaf images for classification and detection/Raw_Data/early_leaf_spot/IMG_4491.JPG,IMG_4491.JPG,early_leaf_spot,cb574b815dc01c08e673667cfe7f6f845357270646218d658d336ca3c247441f,1200,800,RGB,184499,validation
PHYTO_RAW_0860,Dataset of groundnut plant leaf images for classification and detection/Raw_Data/early_leaf_spot/IMG_4492.JPG,IMG_4492.JPG,early_leaf_spot,f5cca54898aaeb83e3f9723a7ba9bad375f31dfec874a4e47071003c4dc62b18,1200,800,RGB,221221,validation
PHYTO_RAW_0861,Dataset of groundnut plant leaf images for classification and detection/Raw_Data/early_leaf_spot/IMG_4493.JPG,IMG_4493.JPG,early_leaf_spot,c8e6f0642fa3310794b69b891edf2d002fa77d0b64ef0e44bd677b4d6dfaa384,1200,800,RGB,213781,test
PHYTO_RAW_0862,Dataset of groundnut plant leaf images for classification and detection/Raw_Data/early_leaf_spot/IMG_4494.JPG,IMG_4494.JPG,early_leaf_spot,6afcd577cbc14c51bb200b384631c943b86dd7260bbbf5b56be0506f23adf50d,1200,800,RGB,342013,train
PHYTO_RAW_0863,Dataset of groundnut plant leaf images for classification and detection/Raw_Data/early_leaf_spot/IMG_4495.JPG,IMG_4495.JPG,early_leaf_spot,a4e5260156caaabc133bb1db97a97cae53d74df29bff161ed38dc5e815c41e80,1200,800,RGB,317424,test
PHYTO_RAW_0864,Dataset of groundnut plant leaf images for classification and detection/Raw_Data/early_leaf_spot/IMG_4496.JPG,IMG_4496.JPG,early_leaf_spot,f9620f1224d87232e743247ceabf3a1cdfcdab93746f794ba39c30da9fa51d4b,1200,800,RGB,297049,validation
PHYTO_RAW_0865,Dataset of groundnut plant leaf images for classification and detection/Raw_Data/early_leaf_spot/IMG_4497.JPG,IMG_4497.JPG,early_leaf_spot,c163eb2c67520d2207ef3ece2ae8faee492e33352f9c42967af01382d6e16d85,1200,800,RGB,325535,train
PHYTO_RAW_0866,Dataset of groundnut plant leaf images for classification and detection/Raw_Data/early_leaf_spot/IMG_4498.JPG,IMG_4498.JPG,early_leaf_spot,472d1ea8f1c8a44d28b0aaa5ea91b831cd67bc49c4e2bda226172c24722c7e25,1200,800,RGB,321026,train
PHYTO_RAW_0867,Dataset of groundnut plant leaf images for classification and detection/Raw_Data/early_leaf_spot/IMG_4499.JPG,IMG_4499.JPG,early_leaf_spot,6bf8a2152d3055d88c33455b4f25b8edd856c031b4dde01ac47ec6800b6bbdbe,1200,800,RGB,338633,test
PHYTO_RAW_0868,Dataset of groundnut plant leaf images for classification and detection/Raw_Data/early_leaf_spot/IMG_4500.JPG,IMG_4500.JPG,early_leaf_spot,7a5d96a12d2699a3a2fe7ccd0dde3be37ae262e4a914b0abe10b89d4054366f0,1200,800,RGB,230138,validation
PHYTO_RAW_0869,Dataset of groundnut plant leaf images for classification and detection/Raw_Data/early_leaf_spot/IMG_4501.JPG,IMG_4501.JPG,early_leaf_spot,d96e99214bcfb222bdd0ba811f0d6419d4509eb3eb66f199b97413abf124860e,1200,800,RGB,237324,train
PHYTO_RAW_0870,Dataset of groundnut plant leaf images for classification and detection/Raw_Data/early_leaf_spot/IMG_4502.JPG,IMG_4502.JPG,early_leaf_spot,f97e8a6e03ee235ac3b8445ba3f4b4667a178f88fee31066fb464205480cd3cc,1200,800,RGB,219192,train
PHYTO_RAW_0871,Dataset of groundnut plant leaf images for classification and detection/Raw_Data/early_leaf_spot/IMG_4503.JPG,IMG_4503.JPG,early_leaf_spot,32c30d5aa84afdc927f6c59501a6ce19f199f41cbeee66718ae62a0a13fc3eb6,1200,800,RGB,241849,train
PHYTO_RAW_0872,Dataset of groundnut plant leaf images for classification and detection/Raw_Data/early_leaf_spot/IMG_4504.JPG,IMG_4504.JPG,early_leaf_spot,4ce54dc530fe4e7a63d0fc4a4bed939e97fb62ed80a9eb33b5af089bb75a80cb,1200,800,RGB,253212,train
PHYTO_RAW_0873,Dataset of groundnut plant leaf images for classification and detection/Raw_Data/early_leaf_spot/IMG_4505.JPG,IMG_4505.JPG,early_leaf_spot,ed634325686f215badf12a497341ee2b98128e4774ec6f32f23c89f69e12f7ad,1200,800,RGB,226880,validation
PHYTO_RAW_0874,Dataset of groundnut plant leaf images for classification and detection/Raw_Data/early_leaf_spot/IMG_4506.JPG,IMG_4506.JPG,early_leaf_spot,1b66775e74679ad57c32d7e62dabb57409ff8a8100a1f4ac26a225e6945ad937,1200,800,RGB,307084,train
PHYTO_RAW_0875,Dataset of groundnut plant leaf images for classification and detection/Raw_Data/early_leaf_spot/IMG_4507.JPG,IMG_4507.JPG,early_leaf_spot,e13d5426b34afbc9a262b98ec2712ba81b1bdcfb3f557ecf7f6de9fdb8d03b8e,1200,800,RGB,316064,train
PHYTO_RAW_0876,Dataset of groundnut plant leaf images for classification and detection/Raw_Data/early_leaf_spot/IMG_4508.JPG,IMG_4508.JPG,early_leaf_spot,9207b6e51710b4e6ea467811882bc68f18f4a0eb8e53b661de20f7ca9b4ec445,1200,800,RGB,271374,train
PHYTO_RAW_0877,Dataset of groundnut plant leaf images for classification and detection/Raw_Data/early_leaf_spot/IMG_4509.JPG,IMG_4509.JPG,early_leaf_spot,59b22aa3f8a2bcee468fb01427a7323098cfe2ed2880908873941c0fcce2a26a,1200,800,RGB,295910,train
PHYTO_RAW_0878,Dataset of groundnut plant leaf images for classification and detection/Raw_Data/early_leaf_spot/IMG_4510.JPG,IMG_4510.JPG,early_leaf_spot,172ce4082251ea21abcbaacab57886451cf421f68181e4e474a2901ec6dd74bd,1200,800,RGB,238023,test
PHYTO_RAW_0879,Dataset of groundnut plant leaf images for classification and detection/Raw_Data/early_leaf_spot/IMG_4511.JPG,IMG_4511.JPG,early_leaf_spot,a3c9edec7fb3af1b83da27e489e7e53850f7e8d085c6db0f77bd3544856f2dd1,1200,800,RGB,324550,validation
PHYTO_RAW_0880,Dataset of groundnut plant leaf images for classification and detection/Raw_Data/early_leaf_spot/IMG_4512.JPG,IMG_4512.JPG,early_leaf_spot,8d9bf5f7e14edcafac18f7246b6605a645d52e84932d9fda0b244ae1f1c75b4e,1200,800,RGB,309762,train
PHYTO_RAW_0881,Dataset of groundnut plant leaf images for classification and detection/Raw_Data/early_leaf_spot/IMG_4513.JPG,IMG_4513.JPG,early_leaf_spot,c8448ba6285a1a118eefa5640e5aae00ea8d57cdc1d2135d5e5a4bc5ec800cf1,1200,800,RGB,188177,train
PHYTO_RAW_0882,Dataset of groundnut plant leaf images for classification and detection/Raw_Data/early_leaf_spot/IMG_4514.JPG,IMG_4514.JPG,early_leaf_spot,783e498109b3d2fac96df00521d41f3e8c28b2004867d68cf89c4a55b3dacc7d,1200,800,RGB,174263,test
PHYTO_RAW_0883,Dataset of groundnut plant leaf images for classification and detection/Raw_Data/early_leaf_spot/IMG_4515.JPG,IMG_4515.JPG,early_leaf_spot,12c15168c3961607f5c4c4915256304d375b20401480d00227a11eb55ad4c914,1200,800,RGB,225385,train
PHYTO_RAW_0884,Dataset of groundnut plant leaf images for classification and detection/Raw_Data/early_leaf_spot/IMG_4516.JPG,IMG_4516.JPG,early_leaf_spot,e3a5e1ad6efc483b18cd7c8552cb3a2fc108921b7cc0b7f832d7f51e2966bf8c,1200,800,RGB,245851,train
PHYTO_RAW_0885,Dataset of groundnut plant leaf images for classification and detection/Raw_Data/early_leaf_spot/IMG_4517.JPG,IMG_4517.JPG,early_leaf_spot,bae0b113fdd56c28b3b0b441b0dad143c20f3a350e5d1579301cd4501ddebbd7,1200,800,RGB,300181,train
PHYTO_RAW_0886,Dataset of groundnut plant leaf images for classification and detection/Raw_Data/healthy leaf/IMG_0306.JPG,IMG_0306.JPG,healthy_leaf,b68c7e18eafe25ea8100acead257365c7698df713fbdc9968c9b2bcdf78d478f,1200,800,RGB,327408,test
PHYTO_RAW_0887,Dataset of groundnut plant leaf images for classification and detection/Raw_Data/healthy leaf/IMG_0307.JPG,IMG_0307.JPG,healthy_leaf,2e64d38683bf3b730e46328cf6444989cd63ea1c2b6487d05fa27298f77a6fe6,1200,800,RGB,255621,train
PHYTO_RAW_0888,Dataset of groundnut plant leaf images for classification and detection/Raw_Data/healthy leaf/IMG_0308.JPG,IMG_0308.JPG,healthy_leaf,31ce33ab56dbfb32499216c6b6b6322cc48b1b9a270477ef37633e2206686d48,1200,800,RGB,237665,train
PHYTO_RAW_0889,Dataset of groundnut plant leaf images for classification and detection/Raw_Data/healthy leaf/IMG_0309.JPG,IMG_0309.JPG,healthy_leaf,9c9fb6cfc99db2148100aa4cabea68ba894d1b48b3c170ebae8e1875fc58d763,1200,800,RGB,441748,test
PHYTO_RAW_0890,Dataset of groundnut plant leaf images for classification and detection/Raw_Data/healthy leaf/IMG_0310.JPG,IMG_0310.JPG,healthy_leaf,4468da33f2cc52eb70b06aaf6963cc07db205359bf3d58ea94a5631639c203a9,1200,800,RGB,349825,validation
PHYTO_RAW_0891,Dataset of groundnut plant leaf images for classification and detection/Raw_Data/healthy leaf/IMG_0311.JPG,IMG_0311.JPG,healthy_leaf,5000bd88a185c1813815913632431bacfaf730a132ffce58a8c1efdae611e239,1200,800,RGB,431406,test
PHYTO_RAW_0892,Dataset of groundnut plant leaf images for classification and detection/Raw_Data/healthy leaf/IMG_0312.JPG,IMG_0312.JPG,healthy_leaf,1e8969436d25ba412424d7366197855e75f71155aa925a16ca6027468940987d,1200,800,RGB,378846,train
PHYTO_RAW_0893,Dataset of groundnut plant leaf images for classification and detection/Raw_Data/healthy leaf/IMG_0313.JPG,IMG_0313.JPG,healthy_leaf,3335a27484d3d1f2fd1d5f706f189f71c9547832846ca8142e37066839e3ef2a,1200,800,RGB,474710,train
PHYTO_RAW_0894,Dataset of groundnut plant leaf images for classification and detection/Raw_Data/healthy leaf/IMG_0314.JPG,IMG_0314.JPG,healthy_leaf,d0b24ee64689b563d8bc0aaeda544ddb8467fa0d4993b96e83da08d2c0ccef9d,1200,800,RGB,510713,train
PHYTO_RAW_0895,Dataset of groundnut plant leaf images for classification and detection/Raw_Data/healthy leaf/IMG_0315.JPG,IMG_0315.JPG,healthy_leaf,49dc21c6ad65d7305db8da1a4c192f91ed4e54d3ac98c34d146a99d6d2eced83,1200,800,RGB,408921,test
PHYTO_RAW_0896,Dataset of groundnut plant leaf images for classification and detection/Raw_Data/healthy leaf/IMG_0316.JPG,IMG_0316.JPG,healthy_leaf,9d306f2f716fc6b3cb0a8245023cac9e64187983a17fb7a287888ba4e1de1516,1200,800,RGB,384257,validation
PHYTO_RAW_0897,Dataset of groundnut plant leaf images for classification and detection/Raw_Data/healthy leaf/IMG_0317.JPG,IMG_0317.JPG,healthy_leaf,323ef20038d6d7fe70c987daff5b4959ee5a75d48000c72e0d35415cd9171ddf,1200,800,RGB,295917,train
PHYTO_RAW_0898,Dataset of groundnut plant leaf images for classification and detection/Raw_Data/healthy leaf/IMG_0318.JPG,IMG_0318.JPG,healthy_leaf,6a7ab186c1cb9110507bbcad4c699e4eeff5d406d535200312b1a6ae71cd6985,1200,800,RGB,297840,test
PHYTO_RAW_0899,Dataset of groundnut plant leaf images for classification and detection/Raw_Data/healthy leaf/IMG_0319.JPG,IMG_0319.JPG,healthy_leaf,2df7cc9ee455ccb8f12b35fb52e20c7e250299e1847f58178e69ef11aba91c92,1200,800,RGB,361732,train
PHYTO_RAW_0900,Dataset of groundnut plant leaf images for classification and detection/Raw_Data/healthy leaf/IMG_0320.JPG,IMG_0320.JPG,healthy_leaf,dae83929c80428035f0523137ffffc0292d8613e9b5263bcce2dcd4ada7d3f22,1200,800,RGB,346862,validation
PHYTO_RAW_0901,Dataset of groundnut plant leaf images for classification and detection/Raw_Data/healthy leaf/IMG_0321.JPG,IMG_0321.JPG,healthy_leaf,cf55d93e6eb9b76ae116c38522ead26ccdc4d35bbdc3a6f247926d686a2c49ee,1200,800,RGB,325744,train
PHYTO_RAW_0902,Dataset of groundnut plant leaf images for classification and detection/Raw_Data/healthy leaf/IMG_0365.JPG,IMG_0365.JPG,healthy_leaf,314a7ba664b882f5941a8d8ddee22a2259cea6c0d9bf0234162d67d435ba267f,1200,800,RGB,338650,train
PHYTO_RAW_0903,Dataset of groundnut plant leaf images for classification and detection/Raw_Data/healthy leaf/IMG_0366.JPG,IMG_0366.JPG,healthy_leaf,d263ac4b118e44adf7e4d50640abc9b0ae18543a65b231b8e4095158a68c8b1d,1200,800,RGB,243889,train
PHYTO_RAW_0904,Dataset of groundnut plant leaf images for classification and detection/Raw_Data/healthy leaf/IMG_0373.JPG,IMG_0373.JPG,healthy_leaf,e26e1beaa6fb163822e20a78e1543efe2b675fc7826cd7b64cdd5990900549d3,1200,800,RGB,283317,train
PHYTO_RAW_0905,Dataset of groundnut plant leaf images for classification and detection/Raw_Data/healthy leaf/IMG_0374.JPG,IMG_0374.JPG,healthy_leaf,889ee02061b28c79f3c59239ebcbd85b0cb69eec69c415792a0c154b94873ce9,1200,800,RGB,297003,train
PHYTO_RAW_0906,Dataset of groundnut plant leaf images for classification and detection/Raw_Data/healthy leaf/IMG_0420.JPG,IMG_0420.JPG,healthy_leaf,7e2e724a6a6e4cab0141e678b0638e48cdbd4cf5c6405259ea1609a84fcc790b,1200,800,RGB,363187,train
PHYTO_RAW_0907,Dataset of groundnut plant leaf images for classification and detection/Raw_Data/healthy leaf/IMG_0421.JPG,IMG_0421.JPG,healthy_leaf,ce45839c610e1d1dbe2ef71b4c68d698aca4028c6e1e3fdf3cd0cfe9295f6dd1,1200,800,RGB,389984,train
PHYTO_RAW_0908,Dataset of groundnut plant leaf images for classification and detection/Raw_Data/healthy leaf/IMG_0422.JPG,IMG_0422.JPG,healthy_leaf,1876b5c09ed54c9de07f7075d11214cbed96067ea6df1fd8e06a9ec3b790eba1,1200,800,RGB,330377,validation
PHYTO_RAW_0909,Dataset of groundnut plant leaf images for classification and detection/Raw_Data/healthy leaf/IMG_0423.JPG,IMG_0423.JPG,healthy_leaf,2ca2346dc7d3259be836cd13abc5f31cafc97939a25e89503f2e79628bf31491,1200,800,RGB,342383,train
PHYTO_RAW_0910,Dataset of groundnut plant leaf images for classification and detection/Raw_Data/healthy leaf/IMG_0424.JPG,IMG_0424.JPG,healthy_leaf,ccaf0dc673e8b8aa4191a886d4aed5290d29f6f253659147311635262b0be5da,1200,800,RGB,379592,test
PHYTO_RAW_0911,Dataset of groundnut plant leaf images for classification and detection/Raw_Data/healthy leaf/IMG_0425.JPG,IMG_0425.JPG,healthy_leaf,0dbcd6ad62f075f6ffd6bd9f98d96d563be45d850cb5453b5bf33b67f2981f25,1200,800,RGB,261816,test
PHYTO_RAW_0912,Dataset of groundnut plant leaf images for classification and detection/Raw_Data/healthy leaf/IMG_0426.JPG,IMG_0426.JPG,healthy_leaf,4963a4fd6ea1b4a9ba031fbeeca9506e39c35d87043bbf31ce848c4f1340d691,1200,800,RGB,352155,train
PHYTO_RAW_0913,Dataset of groundnut plant leaf images for classification and detection/Raw_Data/healthy leaf/IMG_0427.JPG,IMG_0427.JPG,healthy_leaf,210308482e68f83f2de426d70a3e99e020d73a19a276c6b21842d003b8d27529,1200,800,RGB,283955,train
PHYTO_RAW_0914,Dataset of groundnut plant leaf images for classification and detection/Raw_Data/healthy leaf/IMG_0429.JPG,IMG_0429.JPG,healthy_leaf,44977d810ee3ab4754aed36161aa61b86beae883cc4ac88a23c83b5521c6459d,1200,800,RGB,286368,validation
PHYTO_RAW_0915,Dataset of groundnut plant leaf images for classification and detection/Raw_Data/healthy leaf/IMG_0430.JPG,IMG_0430.JPG,healthy_leaf,d5bb8af85a616450a329367906fb9c811f7200dd4ae4e2f5d4686afce307048e,1200,800,RGB,269716,train
PHYTO_RAW_0916,Dataset of groundnut plant leaf images for classification and detection/Raw_Data/healthy leaf/IMG_0431.JPG,IMG_0431.JPG,healthy_leaf,27d5e67af041d712e73a899881a1c89a3afb6b3b1c6eb89b76bc7cbaee0fcf07,1200,800,RGB,246509,train
PHYTO_RAW_0917,Dataset of groundnut plant leaf images for classification and detection/Raw_Data/healthy leaf/IMG_0432.JPG,IMG_0432.JPG,healthy_leaf,de54a07558e26548c64e09fc3828f360f5625b47c717e67e848e2e126241a86e,1200,800,RGB,323529,train
PHYTO_RAW_0918,Dataset of groundnut plant leaf images for classification and detection/Raw_Data/healthy leaf/IMG_0433.JPG,IMG_0433.JPG,healthy_leaf,b0662a5917018ccaaf6904fee570efefad1fd53431d544e838f00e36a3f107a5,1200,800,RGB,256796,train
PHYTO_RAW_0919,Dataset of groundnut plant leaf images for classification and detection/Raw_Data/healthy leaf/IMG_0434.JPG,IMG_0434.JPG,healthy_leaf,f48b08bc564f0c5b9399eeafc9d59eb58c1b900bd5b75bb27324ac8d8d929918,1200,800,RGB,296568,test
PHYTO_RAW_0920,Dataset of groundnut plant leaf images for classification and detection/Raw_Data/healthy leaf/IMG_0435.JPG,IMG_0435.JPG,healthy_leaf,50e709701489f15d76f9ac66610cdb81931aeb6cc897489269753938ccd56ba0,1200,800,RGB,274774,train
PHYTO_RAW_0921,Dataset of groundnut plant leaf images for classification and detection/Raw_Data/healthy leaf/IMG_0436.JPG,IMG_0436.JPG,healthy_leaf,a6622df0c8cdb195231b62933ffd8527d8d87bc5c59736d30797e18067ea705f,1200,800,RGB,350667,train
PHYTO_RAW_0922,Dataset of groundnut plant leaf images for classification and detection/Raw_Data/healthy leaf/IMG_0437.JPG,IMG_0437.JPG,healthy_leaf,77c0c773ce2c70f3e94f88852a5368e2604e73b22f0e5190d36b9c178c92aa1f,1200,800,RGB,317218,train
PHYTO_RAW_0923,Dataset of groundnut plant leaf images for classification and detection/Raw_Data/healthy leaf/IMG_0438.JPG,IMG_0438.JPG,healthy_leaf,13839493aadc3662578192169208286ea03dfa5ba1f70618a81e1726eaf4e424,1200,800,RGB,310024,train
PHYTO_RAW_0924,Dataset of groundnut plant leaf images for classification and detection/Raw_Data/healthy leaf/IMG_0439.JPG,IMG_0439.JPG,healthy_leaf,de42c780208b10e703f1f3d7e7915fc15544c48c49ad299c2bd848d0c82b146a,1200,800,RGB,541906,validation
PHYTO_RAW_0925,Dataset of groundnut plant leaf images for classification and detection/Raw_Data/healthy leaf/IMG_0440.JPG,IMG_0440.JPG,healthy_leaf,8574bc45315e6669de4ceaf5b2e4edaa1467d5f362820f59ef7a18d42b120cdd,1200,800,RGB,438882,test
PHYTO_RAW_0926,Dataset of groundnut plant leaf images for classification and detection/Raw_Data/healthy leaf/IMG_0441.JPG,IMG_0441.JPG,healthy_leaf,3af549c395b9c5b30953a485b28cfc96ba31d2eca374ce77e376e44d5277c3c4,1200,800,RGB,471637,train
PHYTO_RAW_0927,Dataset of groundnut plant leaf images for classification and detection/Raw_Data/healthy leaf/IMG_0446.JPG,IMG_0446.JPG,healthy_leaf,ea400b23ff6b5d95ed96b55fec2d0ea072dcd5a4fbc48c3340acc795b7981db2,1200,800,RGB,365060,validation
PHYTO_RAW_0928,Dataset of groundnut plant leaf images for classification and detection/Raw_Data/healthy leaf/IMG_0447.JPG,IMG_0447.JPG,healthy_leaf,f3bd50de7d2a5a8464be8031f78fbe33e11cf63db7774bba055fad96288462b9,1200,800,RGB,363188,train
PHYTO_RAW_0929,Dataset of groundnut plant leaf images for classification and detection/Raw_Data/healthy leaf/IMG_0448.JPG,IMG_0448.JPG,healthy_leaf,120ff043765e6ce1d53ec6b2d13e8565b1e0522d1f961b6cda745a4670c4cd95,1200,800,RGB,426355,train
PHYTO_RAW_0930,Dataset of groundnut plant leaf images for classification and detection/Raw_Data/healthy leaf/IMG_0451.JPG,IMG_0451.JPG,healthy_leaf,ca07b921e14729cf7a3974914ff99178a3c3fb48d7da5e36e2870f5283dcf70f,1200,800,RGB,277472,train
PHYTO_RAW_0931,Dataset of groundnut plant leaf images for classification and detection/Raw_Data/healthy leaf/IMG_0452.JPG,IMG_0452.JPG,healthy_leaf,6ceb2c2e8c6ccbd8b662379efb58f5fdc014610a32d287531d908d3a5385f2e8,1200,800,RGB,246009,train
PHYTO_RAW_0932,Dataset of groundnut plant leaf images for classification and detection/Raw_Data/healthy leaf/IMG_0453.JPG,IMG_0453.JPG,healthy_leaf,37a4cfdacde117cbc597295bf70eee9911bfa64239de7404f71108dc3382b7d7,1200,800,RGB,247157,validation
PHYTO_RAW_0933,Dataset of groundnut plant leaf images for classification and detection/Raw_Data/healthy leaf/IMG_0454.JPG,IMG_0454.JPG,healthy_leaf,00f95ab1adf8aa5004a584b6882e4347dbac2a2002cebe992b90d1f6bb612988,1200,800,RGB,264396,train
PHYTO_RAW_0934,Dataset of groundnut plant leaf images for classification and detection/Raw_Data/healthy leaf/IMG_0456.JPG,IMG_0456.JPG,healthy_leaf,ce83eb87f0982cc1adcdd46871a646c8a7a5860e03d0d906befb788b9cce5b7e,1200,800,RGB,471199,train
PHYTO_RAW_0935,Dataset of groundnut plant leaf images for classification and detection/Raw_Data/healthy leaf/IMG_0457.JPG,IMG_0457.JPG,healthy_leaf,31f9447679cf374545a3ede5048a6077fcb6bd7e2f9951c074f7da017047ccad,1200,800,RGB,275681,train
PHYTO_RAW_0936,Dataset of groundnut plant leaf images for classification and detection/Raw_Data/healthy leaf/IMG_0458.JPG,IMG_0458.JPG,healthy_leaf,9387934fa8e8bcc4d51fa85c3481222830f5f3e3948098d76d993a4b9ae9372b,1200,800,RGB,283032,validation
PHYTO_RAW_0937,Dataset of groundnut plant leaf images for classification and detection/Raw_Data/healthy leaf/IMG_0459.JPG,IMG_0459.JPG,healthy_leaf,c49c7eecd0ba5601f07f2de03af524f2082d3bba4cd3f1eac5fbed33d5c133ff,1200,800,RGB,239801,train
PHYTO_RAW_0938,Dataset of groundnut plant leaf images for classification and detection/Raw_Data/healthy leaf/IMG_0461.JPG,IMG_0461.JPG,healthy_leaf,1faf39190784cc8089a52e518e9a60c3712684ac25c7d05475ad72e31574b252,1200,800,RGB,271277,train
PHYTO_RAW_0939,Dataset of groundnut plant leaf images for classification and detection/Raw_Data/healthy leaf/IMG_0465.JPG,IMG_0465.JPG,healthy_leaf,91eead7db36538bc5d7e7104c40de74797ee8a562e2abce800f3db7928fae861,1200,800,RGB,221069,train
PHYTO_RAW_0940,Dataset of groundnut plant leaf images for classification and detection/Raw_Data/healthy leaf/IMG_0466.JPG,IMG_0466.JPG,healthy_leaf,436b2becebc56c89892864e9eeb2e84140533eb946d83410a1f7136430fd2b8a,1200,800,RGB,229648,train
PHYTO_RAW_0941,Dataset of groundnut plant leaf images for classification and detection/Raw_Data/healthy leaf/IMG_0467.JPG,IMG_0467.JPG,healthy_leaf,4c2a13bf88c28ae44dba2188015fc212f5a80ca17c23b101e9c791c3854598de,1200,800,RGB,280847,train
PHYTO_RAW_0942,Dataset of groundnut plant leaf images for classification and detection/Raw_Data/healthy leaf/IMG_0468.JPG,IMG_0468.JPG,healthy_leaf,ae73b31861e0733e64f7fb5e0e79a411df4f350b4fae2b38d141fe1dc6b2b434,1200,800,RGB,224770,train
PHYTO_RAW_0943,Dataset of groundnut plant leaf images for classification and detection/Raw_Data/healthy leaf/IMG_0469.JPG,IMG_0469.JPG,healthy_leaf,896fea84cbd3a0dfff76cf0450910c34156274ed53d8a4da03a8efab1df259f1,1200,800,RGB,286958,train
PHYTO_RAW_0944,Dataset of groundnut plant leaf images for classification and detection/Raw_Data/healthy leaf/IMG_0470.JPG,IMG_0470.JPG,healthy_leaf,b1d897e4e7a77423c2f94ca8f5a6eaedebc4ccb292fbef1ce9a30a4c7a517c4e,1200,800,RGB,243623,train
PHYTO_RAW_0945,Dataset of groundnut plant leaf images for classification and detection/Raw_Data/healthy leaf/IMG_0471.JPG,IMG_0471.JPG,healthy_leaf,6ae37d0c7c57b18677de78914098fca8955c165842d54758dff8df98847a0e8a,1200,800,RGB,303174,train
PHYTO_RAW_0946,Dataset of groundnut plant leaf images for classification and detection/Raw_Data/healthy leaf/IMG_0472.JPG,IMG_0472.JPG,healthy_leaf,cab77c8c808798dd6aeecbaea991862e8fd7bfe0839b0e9989cefe7107e55ebe,1200,800,RGB,266816,train
PHYTO_RAW_0947,Dataset of groundnut plant leaf images for classification and detection/Raw_Data/healthy leaf/IMG_0474.JPG,IMG_0474.JPG,healthy_leaf,472f3e801270daa5fb0fceca3a71fda521994ff176fdaceacae52560a0077a6d,1200,800,RGB,506509,train
PHYTO_RAW_0948,Dataset of groundnut plant leaf images for classification and detection/Raw_Data/healthy leaf/IMG_0475.JPG,IMG_0475.JPG,healthy_leaf,71abf8fff31c14043f5fbe8f45f352f54963abfcd2dba39f6280aca89b3c327f,1200,800,RGB,499739,train
PHYTO_RAW_0949,Dataset of groundnut plant leaf images for classification and detection/Raw_Data/healthy leaf/IMG_0476.JPG,IMG_0476.JPG,healthy_leaf,ed715d7085eba36301cec3b050a0e0dfb6f2f6026fed755063362a4b6f924678,1200,800,RGB,415318,train
PHYTO_RAW_0950,Dataset of groundnut plant leaf images for classification and detection/Raw_Data/healthy leaf/IMG_0477.JPG,IMG_0477.JPG,healthy_leaf,7f3d8dc6c91b475e4bdda4262192da26dc97e5abb738087993b84f5038939f85,1200,800,RGB,404046,train
PHYTO_RAW_0951,Dataset of groundnut plant leaf images for classification and detection/Raw_Data/healthy leaf/IMG_0478.JPG,IMG_0478.JPG,healthy_leaf,5934ad68d09ddccd92fff82bc57c3816b7914402daf52f6a39c9d3d5c5efbd92,1200,800,RGB,363656,train
PHYTO_RAW_0952,Dataset of groundnut plant leaf images for classification and detection/Raw_Data/healthy leaf/IMG_0479.JPG,IMG_0479.JPG,healthy_leaf,31a95d73c5e7495b7e086cc8f4bff316585c7891159b2f3bda604825c9dc4b77,1200,800,RGB,363377,test
PHYTO_RAW_0953,Dataset of groundnut plant leaf images for classification and detection/Raw_Data/healthy leaf/IMG_0527.JPG,IMG_0527.JPG,healthy_leaf,fdb29473bd0f256eadca8fec5c47fb0b6b56e250e01dfe8226092ada45af0c08,1200,800,RGB,501560,train
PHYTO_RAW_0954,Dataset of groundnut plant leaf images for classification and detection/Raw_Data/healthy leaf/IMG_0528.JPG,IMG_0528.JPG,healthy_leaf,5b360dcf03f780bfa1af3f8df7c76be8d9908c99576fbb2fa8d704c076a675b1,1200,800,RGB,475556,validation
PHYTO_RAW_0955,Dataset of groundnut plant leaf images for classification and detection/Raw_Data/healthy leaf/IMG_0529.JPG,IMG_0529.JPG,healthy_leaf,eec6601484e7a20e1cef65039a07009a99dfcd14d922f64a3b0eddf1aaab513d,1200,800,RGB,419880,train
PHYTO_RAW_0956,Dataset of groundnut plant leaf images for classification and detection/Raw_Data/healthy leaf/IMG_0530.JPG,IMG_0530.JPG,healthy_leaf,9174b5e211226176747d8c1243e109ba34924f93eec28f65d506b28e9fd8217a,1200,800,RGB,465362,train
PHYTO_RAW_0957,Dataset of groundnut plant leaf images for classification and detection/Raw_Data/healthy leaf/IMG_0531.JPG,IMG_0531.JPG,healthy_leaf,43451eca5665add62b541e318a6eb6096562a820af0da92e11e36e347faed405,1200,800,RGB,345840,train
PHYTO_RAW_0958,Dataset of groundnut plant leaf images for classification and detection/Raw_Data/healthy leaf/IMG_0532.JPG,IMG_0532.JPG,healthy_leaf,362a519cb68cab00ec5f14e7baecb32b8c143771849d370ddc7996250e11ff24,1200,800,RGB,433272,train
PHYTO_RAW_0959,Dataset of groundnut plant leaf images for classification and detection/Raw_Data/healthy leaf/IMG_0533.JPG,IMG_0533.JPG,healthy_leaf,224cf74aa7f0902720980a1238e207fb82f2303be6b7f9943382cff1b0f52c6d,1200,800,RGB,449877,train
PHYTO_RAW_0960,Dataset of groundnut plant leaf images for classification and detection/Raw_Data/healthy leaf/IMG_0534.JPG,IMG_0534.JPG,healthy_leaf,db28c926e10782a36b892fe0997ee27c77e3545901a67f7b37d40bfd805c1a17,1200,800,RGB,477253,test
PHYTO_RAW_0961,Dataset of groundnut plant leaf images for classification and detection/Raw_Data/healthy leaf/IMG_0535.JPG,IMG_0535.JPG,healthy_leaf,fc755cd29b870f098c2d847d2021c5154d72d29e52fd98ba5dc0cf6cc2362da3,1200,800,RGB,382062,train
PHYTO_RAW_0962,Dataset of groundnut plant leaf images for classification and detection/Raw_Data/healthy leaf/IMG_0536.JPG,IMG_0536.JPG,healthy_leaf,eaeb5ffa8bac009d00c911bfd38ec65672cf64d2b5be762888fcfbf67f010d1a,1200,800,RGB,479264,train
PHYTO_RAW_0963,Dataset of groundnut plant leaf images for classification and detection/Raw_Data/healthy leaf/IMG_0537.JPG,IMG_0537.JPG,healthy_leaf,3b1ac13ff3be8b5005c307ef0e97f83ad6ee84f4d540b1763e8d5726f1485854,1200,800,RGB,337564,validation
PHYTO_RAW_0964,Dataset of groundnut plant leaf images for classification and detection/Raw_Data/healthy leaf/IMG_0538.JPG,IMG_0538.JPG,healthy_leaf,637f0f5509c7a2fd254d34772902920a1aebc6d79ca697ef00856e212ae33f3e,1200,800,RGB,354893,train
PHYTO_RAW_0965,Dataset of groundnut plant leaf images for classification and detection/Raw_Data/healthy leaf/IMG_0539.JPG,IMG_0539.JPG,healthy_leaf,ed621fc83423962eaa6329b92ecd526b50f57d2f2be4f7ff02ee6b2858389f39,1200,800,RGB,466352,train
PHYTO_RAW_0966,Dataset of groundnut plant leaf images for classification and detection/Raw_Data/healthy leaf/IMG_0540.JPG,IMG_0540.JPG,healthy_leaf,10d3b1a344931441def2dd8a160883e23359aadcb4f9d9d994f25b2bb94ed3ae,1200,800,RGB,435609,train
PHYTO_RAW_0967,Dataset of groundnut plant leaf images for classification and detection/Raw_Data/healthy leaf/IMG_0541.JPG,IMG_0541.JPG,healthy_leaf,18f1449bc995fa2165d9ea5fa3060b42fffb458c632190fa6cd0f8ec1214850f,1200,800,RGB,455121,train
PHYTO_RAW_0968,Dataset of groundnut plant leaf images for classification and detection/Raw_Data/healthy leaf/IMG_0542.JPG,IMG_0542.JPG,healthy_leaf,d6b95c70617a5f52f5941b15c32625f00766b4f50edad6de56aaaaea6ccbd731,1200,800,RGB,507652,train
PHYTO_RAW_0969,Dataset of groundnut plant leaf images for classification and detection/Raw_Data/healthy leaf/IMG_0543.JPG,IMG_0543.JPG,healthy_leaf,8c8439a16c655f3a30e38a4cb897723561c5d507c72e6a56c026966e026b19b1,1200,800,RGB,430547,train
PHYTO_RAW_0970,Dataset of groundnut plant leaf images for classification and detection/Raw_Data/healthy leaf/IMG_0544.JPG,IMG_0544.JPG,healthy_leaf,502d00ed03545d3422b3e2f563f9e390fc72458761770c9c9b9d385ecd81cade,1200,800,RGB,630080,train
PHYTO_RAW_0971,Dataset of groundnut plant leaf images for classification and detection/Raw_Data/healthy leaf/IMG_0545.JPG,IMG_0545.JPG,healthy_leaf,20b775d88f47deb2f51948fa37138e256796ef774a2d16124f6d4764baede8d7,1200,800,RGB,580047,test
PHYTO_RAW_0972,Dataset of groundnut plant leaf images for classification and detection/Raw_Data/healthy leaf/IMG_0546.JPG,IMG_0546.JPG,healthy_leaf,af313eabaa4352a67123cf784f4400716a1d842147d1ce9a458718a641025f0a,1200,800,RGB,322282,train
PHYTO_RAW_0973,Dataset of groundnut plant leaf images for classification and detection/Raw_Data/healthy leaf/IMG_0547.JPG,IMG_0547.JPG,healthy_leaf,280db834cc2ad771a1889228f191ef2035c1d7d5cabda30cf28fe96d9ee0470f,1200,800,RGB,331615,train
PHYTO_RAW_0974,Dataset of groundnut plant leaf images for classification and detection/Raw_Data/healthy leaf/IMG_0548.JPG,IMG_0548.JPG,healthy_leaf,7747524dfa11bdd38abac41141b1bb592a5fdc619559efd70aa82fd323a98650,1200,800,RGB,232745,validation
PHYTO_RAW_0975,Dataset of groundnut plant leaf images for classification and detection/Raw_Data/healthy leaf/IMG_0549.JPG,IMG_0549.JPG,healthy_leaf,74a0fdeeee07157ad0940174fa091e0ed1b2e926e6662be0fb631d445ae71c2f,1200,800,RGB,224441,test
PHYTO_RAW_0976,Dataset of groundnut plant leaf images for classification and detection/Raw_Data/healthy leaf/IMG_0550.JPG,IMG_0550.JPG,healthy_leaf,067173faf67ef19278923eae2a8ed7020c1f67462d23a75deca03803945bf8b7,1200,800,RGB,300199,train
PHYTO_RAW_0977,Dataset of groundnut plant leaf images for classification and detection/Raw_Data/healthy leaf/IMG_0551.JPG,IMG_0551.JPG,healthy_leaf,788cc965e2e6a2b13d9e3d16235f6e81406551e9a53015912db82be36337df44,1200,800,RGB,294366,train
PHYTO_RAW_0978,Dataset of groundnut plant leaf images for classification and detection/Raw_Data/healthy leaf/IMG_0552.JPG,IMG_0552.JPG,healthy_leaf,c7243af8396845a1c88345c93fc11e1cd3d239958076b4b89a1cfbe730c63903,1200,800,RGB,282693,train
PHYTO_RAW_0979,Dataset of groundnut plant leaf images for classification and detection/Raw_Data/healthy leaf/IMG_0553.JPG,IMG_0553.JPG,healthy_leaf,439b74d515033b6f65d6db1eb409e54e6b8be00d4ed600ef0660cd61bd0b3de9,1200,800,RGB,262778,train
PHYTO_RAW_0980,Dataset of groundnut plant leaf images for classification and detection/Raw_Data/healthy leaf/IMG_0554.JPG,IMG_0554.JPG,healthy_leaf,df0db9009e94d6163a4994ad42605d2de53a764c99d0f44648944a31f0e1d519,1200,800,RGB,224364,test
PHYTO_RAW_0981,Dataset of groundnut plant leaf images for classification and detection/Raw_Data/healthy leaf/IMG_0555.JPG,IMG_0555.JPG,healthy_leaf,d32aebb4c9d0e56e4ac294f82135f9148c07ae540c7215382621d466792384a7,1200,800,RGB,254359,train
PHYTO_RAW_0982,Dataset of groundnut plant leaf images for classification and detection/Raw_Data/healthy leaf/IMG_0556.JPG,IMG_0556.JPG,healthy_leaf,8813fe8cab44cc4ae28f3b58338c3d5dab0257848dd19ddda9cc1e5617757c6f,1200,800,RGB,252452,validation
PHYTO_RAW_0983,Dataset of groundnut plant leaf images for classification and detection/Raw_Data/healthy leaf/IMG_0557.JPG,IMG_0557.JPG,healthy_leaf,73ab28c0efe4c40f7996973780f81e56b629b11d3a502a7155a246752a5ce7aa,1200,800,RGB,282384,train
PHYTO_RAW_0984,Dataset of groundnut plant leaf images for classification and detection/Raw_Data/healthy leaf/IMG_0558.JPG,IMG_0558.JPG,healthy_leaf,333e3fd9d358261a293493349cee2733e51f70e8b2be10ee9af065c1d32b9a28,1200,800,RGB,245674,train
PHYTO_RAW_0985,Dataset of groundnut plant leaf images for classification and detection/Raw_Data/healthy leaf/IMG_0559.JPG,IMG_0559.JPG,healthy_leaf,0eb43604f170ab87cd6e84b522527f5e8af5a39554e42c55b736254c84400e8b,1200,800,RGB,240219,train
PHYTO_RAW_0986,Dataset of groundnut plant leaf images for classification and detection/Raw_Data/healthy leaf/IMG_0560.JPG,IMG_0560.JPG,healthy_leaf,9c996cf89b8b353d82645838b7dc6feda8237b5bd005cae1aa28bfd7d77c850a,1200,800,RGB,275171,train
PHYTO_RAW_0987,Dataset of groundnut plant leaf images for classification and detection/Raw_Data/healthy leaf/IMG_0561.JPG,IMG_0561.JPG,healthy_leaf,6d0be487dbed3f03d35eade2b693bcd02d2496c334a732374166ff231100ce57,1200,800,RGB,274943,train
PHYTO_RAW_0988,Dataset of groundnut plant leaf images for classification and detection/Raw_Data/healthy leaf/IMG_0562.JPG,IMG_0562.JPG,healthy_leaf,9d5f859f091e3a76878cf40f1a5a24dab289dcaa9d78df0d040cee5cd529270a,1200,800,RGB,279071,train
PHYTO_RAW_0989,Dataset of groundnut plant leaf images for classification and detection/Raw_Data/healthy leaf/IMG_0563.JPG,IMG_0563.JPG,healthy_leaf,243bd7a7fad213583271465f6ab607a8e49c5da149b1cbbad8081385dcb17353,1200,800,RGB,272859,validation
PHYTO_RAW_0990,Dataset of groundnut plant leaf images for classification and detection/Raw_Data/healthy leaf/IMG_0564.JPG,IMG_0564.JPG,healthy_leaf,f32471f7c4d5c2ab21d3efab19723f888ecd7177a2461633db9bcc0e596fe4aa,1200,800,RGB,276103,train
PHYTO_RAW_0991,Dataset of groundnut plant leaf images for classification and detection/Raw_Data/healthy leaf/IMG_0565.JPG,IMG_0565.JPG,healthy_leaf,f4c70dc2acf6072ef09e263fb98a52455da3be4fd7a072fd2711a45c3a4e3093,1200,800,RGB,294624,validation
PHYTO_RAW_0992,Dataset of groundnut plant leaf images for classification and detection/Raw_Data/healthy leaf/IMG_0566.JPG,IMG_0566.JPG,healthy_leaf,0e745da36ad1643f4fa345848adfe68a8d216296699c368601dc431f007d231e,1200,800,RGB,299587,train
PHYTO_RAW_0993,Dataset of groundnut plant leaf images for classification and detection/Raw_Data/healthy leaf/IMG_0567.JPG,IMG_0567.JPG,healthy_leaf,5b7d1dc2b16f30e87613937429410a9817d045979fcf0f1f38dc8a97a61f2632,1200,800,RGB,294143,train
PHYTO_RAW_0994,Dataset of groundnut plant leaf images for classification and detection/Raw_Data/healthy leaf/IMG_0568.JPG,IMG_0568.JPG,healthy_leaf,6fc84c3c7dc8fcd7bfa85445e9c81a3f58b9292f15f5fa3f82d2f57c225491af,1200,800,RGB,251814,test
PHYTO_RAW_0995,Dataset of groundnut plant leaf images for classification and detection/Raw_Data/healthy leaf/IMG_0569.JPG,IMG_0569.JPG,healthy_leaf,8585a7765456c2cdb7734742fb700f0c435c9028e9ecd82b7e25b98fda746437,1200,800,RGB,267285,train
PHYTO_RAW_0996,Dataset of groundnut plant leaf images for classification and detection/Raw_Data/healthy leaf/IMG_0570.JPG,IMG_0570.JPG,healthy_leaf,3dd74de9978891f941455ecfc9aa90b39573472a7015933ce8123d673b1f726f,1200,800,RGB,251448,test
PHYTO_RAW_0997,Dataset of groundnut plant leaf images for classification and detection/Raw_Data/healthy leaf/IMG_0571.JPG,IMG_0571.JPG,healthy_leaf,4c9c311e309673cbbf75017a352b564523b33b8da4e0feb98a617100354ad4fe,1200,800,RGB,220568,train
PHYTO_RAW_0998,Dataset of groundnut plant leaf images for classification and detection/Raw_Data/healthy leaf/IMG_0572.JPG,IMG_0572.JPG,healthy_leaf,0aeaa9d9003ff934aa1ca1909148389537ea9eb4fa38c4322fc603a53352045e,1200,800,RGB,254605,test
PHYTO_RAW_0999,Dataset of groundnut plant leaf images for classification and detection/Raw_Data/healthy leaf/IMG_0680.JPG,IMG_0680.JPG,healthy_leaf,534d49463a3351899c61ac4c7a5e827c2d1a696f326ef4bc1e7753592f9d2f91,1200,800,RGB,217135,train
PHYTO_RAW_1000,Dataset of groundnut plant leaf images for classification and detection/Raw_Data/healthy leaf/IMG_0681.JPG,IMG_0681.JPG,healthy_leaf,2d568cd3a374bc1c1f6318948bbd2220cb22020d0081d60aaa2c0b0c9f4c7f9d,1200,800,RGB,281482,train
PHYTO_RAW_1001,Dataset of groundnut plant leaf images for classification and detection/Raw_Data/healthy leaf/IMG_0682.JPG,IMG_0682.JPG,healthy_leaf,a0e57e37f63f6057b5a1d18fb06b3c402df2c19749f9f676470f26f3f35b010f,1200,800,RGB,277389,train
PHYTO_RAW_1002,Dataset of groundnut plant leaf images for classification and detection/Raw_Data/healthy leaf/IMG_0683.JPG,IMG_0683.JPG,healthy_leaf,16a3c210cdd0427cbe95e71b47f37fa514ddca4de6709804659e8da3637681b4,1200,800,RGB,234947,validation
PHYTO_RAW_1003,Dataset of groundnut plant leaf images for classification and detection/Raw_Data/healthy leaf/IMG_0684.JPG,IMG_0684.JPG,healthy_leaf,77fa23e55ff9aafeb536edc449f88c4c26ed32e057606f4f2e843c32a4755546,1200,800,RGB,247967,test
PHYTO_RAW_1004,Dataset of groundnut plant leaf images for classification and detection/Raw_Data/healthy leaf/IMG_0685.JPG,IMG_0685.JPG,healthy_leaf,f894a667a3df9f266bec87f90d9578564f3c1ef9be5c5aa5d29b96790348fb09,1200,800,RGB,199683,train
PHYTO_RAW_1005,Dataset of groundnut plant leaf images for classification and detection/Raw_Data/healthy leaf/IMG_0686.JPG,IMG_0686.JPG,healthy_leaf,cd0e0c45d3619d93379e163dab6bd4b8c4f132b191e18d19b96c5cb8ec9a4850,1200,800,RGB,226182,train
PHYTO_RAW_1006,Dataset of groundnut plant leaf images for classification and detection/Raw_Data/healthy leaf/IMG_0687.JPG,IMG_0687.JPG,healthy_leaf,3c292592bd7d65f25ca41cdd8d0ef7f29ba6919c1db65eee26d10beb05d77f54,1200,800,RGB,270178,train
PHYTO_RAW_1007,Dataset of groundnut plant leaf images for classification and detection/Raw_Data/healthy leaf/IMG_0688.JPG,IMG_0688.JPG,healthy_leaf,3860adac40a57e13cd4b5a12b79a8e81f2218ed988a6d32afc8653f9f719dfc4,1200,800,RGB,253818,train
PHYTO_RAW_1008,Dataset of groundnut plant leaf images for classification and detection/Raw_Data/healthy leaf/IMG_0689.JPG,IMG_0689.JPG,healthy_leaf,cb194cf726c8cc4a752413b385e6451859a608c5c5d100960b71c7b73c1a369f,1200,800,RGB,221888,train
PHYTO_RAW_1009,Dataset of groundnut plant leaf images for classification and detection/Raw_Data/healthy leaf/IMG_0690.JPG,IMG_0690.JPG,healthy_leaf,5f40f16edf5b5b42e4cc43c3514c1006ac02a6d8b56c545d11ebee2420d56fbb,1200,800,RGB,387213,train
PHYTO_RAW_1010,Dataset of groundnut plant leaf images for classification and detection/Raw_Data/healthy leaf/IMG_0691.JPG,IMG_0691.JPG,healthy_leaf,744aac4d226809b7553263ded7788b05246db4904f1818c7f872672743229615,1200,800,RGB,448419,train
PHYTO_RAW_1011,Dataset of groundnut plant leaf images for classification and detection/Raw_Data/healthy leaf/IMG_0692.JPG,IMG_0692.JPG,healthy_leaf,b90d464d6c72c3fe29d88cbf2c58f4d558568cbc57855047e4c5894aaedd4985,1200,800,RGB,630571,test
PHYTO_RAW_1012,Dataset of groundnut plant leaf images for classification and detection/Raw_Data/healthy leaf/IMG_0726.JPG,IMG_0726.JPG,healthy_leaf,5d1206176fba111cb4d1ec729c37b199521af398ff992ea0bb50951cc3bde24b,1200,800,RGB,242583,validation
PHYTO_RAW_1013,Dataset of groundnut plant leaf images for classification and detection/Raw_Data/healthy leaf/IMG_0727.JPG,IMG_0727.JPG,healthy_leaf,de847e74aeb17582bb7e76da8275bfb3040e413bf7075333dd4fe25be57bbd92,1200,800,RGB,222264,train
PHYTO_RAW_1014,Dataset of groundnut plant leaf images for classification and detection/Raw_Data/healthy leaf/IMG_0728.JPG,IMG_0728.JPG,healthy_leaf,68f7a522cbff1c163673e61386bf4b98bbae3ff05f36a2d9861d85cfc7008041,1200,800,RGB,221043,train
PHYTO_RAW_1015,Dataset of groundnut plant leaf images for classification and detection/Raw_Data/healthy leaf/IMG_0729.JPG,IMG_0729.JPG,healthy_leaf,7489cef40879a59ecf7ce3c4019b48acd51904cc746b271f70c5e4628a3d7d57,1200,800,RGB,252542,validation
PHYTO_RAW_1016,Dataset of groundnut plant leaf images for classification and detection/Raw_Data/healthy leaf/IMG_0731.JPG,IMG_0731.JPG,healthy_leaf,7cb463195e301749c1975d6acb039e2a43a5d96655955f1e50f352803b27d1e3,1200,800,RGB,235894,train
PHYTO_RAW_1017,Dataset of groundnut plant leaf images for classification and detection/Raw_Data/healthy leaf/IMG_0732.JPG,IMG_0732.JPG,healthy_leaf,ce100117b47d67300a88c7715a99bcfbfe4e77d17b6a96bec45cea2ee231a966,1200,800,RGB,226743,validation
PHYTO_RAW_1018,Dataset of groundnut plant leaf images for classification and detection/Raw_Data/healthy leaf/IMG_0733.JPG,IMG_0733.JPG,healthy_leaf,fb4c827dbe7973ea94c175f49483155835e1d3f384225f508382d960ecfb72b4,1200,800,RGB,290392,validation
PHYTO_RAW_1019,Dataset of groundnut plant leaf images for classification and detection/Raw_Data/healthy leaf/IMG_0734.JPG,IMG_0734.JPG,healthy_leaf,6366ca502bcfa2efc3642b775befa5a35f8a465ba9091ac65ccd51e638f17877,1200,800,RGB,288593,validation
PHYTO_RAW_1020,Dataset of groundnut plant leaf images for classification and detection/Raw_Data/healthy leaf/IMG_0735.JPG,IMG_0735.JPG,healthy_leaf,1c2741421eb6788bd4e6c03b8c0e750f7a9e9d1b86fb8598f04fe1d28220a2f3,1200,800,RGB,297582,train
PHYTO_RAW_1021,Dataset of groundnut plant leaf images for classification and detection/Raw_Data/healthy leaf/IMG_0736.JPG,IMG_0736.JPG,healthy_leaf,4a6ca8e3e05092d06d9b0c230e5e6949fbb5479f80124f152f86568662f0c02b,1200,800,RGB,227204,train
PHYTO_RAW_1022,Dataset of groundnut plant leaf images for classification and detection/Raw_Data/healthy leaf/IMG_0737.JPG,IMG_0737.JPG,healthy_leaf,77a3da68e78e07c1d53c8d98e38137996db5c27ec80b187248dd189496531bcf,1200,800,RGB,249000,test
PHYTO_RAW_1023,Dataset of groundnut plant leaf images for classification and detection/Raw_Data/healthy leaf/IMG_0738.JPG,IMG_0738.JPG,healthy_leaf,87872e55366d23306fb28575733b929004ab8fd3993d41bfe29cee1f3ac48193,1200,800,RGB,322497,train
PHYTO_RAW_1024,Dataset of groundnut plant leaf images for classification and detection/Raw_Data/healthy leaf/IMG_0739.JPG,IMG_0739.JPG,healthy_leaf,02ea1196ca445345c93a165d4a839d9b8f66f74a896fd4fa1c7f0567dd25338b,1200,800,RGB,337032,test
PHYTO_RAW_1025,Dataset of groundnut plant leaf images for classification and detection/Raw_Data/healthy leaf/IMG_0740.JPG,IMG_0740.JPG,healthy_leaf,119b321526f4ae21faceb003a62b170253f3521033d3f9509b949ff98f569a58,1200,800,RGB,317355,test
PHYTO_RAW_1026,Dataset of groundnut plant leaf images for classification and detection/Raw_Data/healthy leaf/IMG_0741.JPG,IMG_0741.JPG,healthy_leaf,48474f6a26c55f6d905e7f94ab0e460586e5b9d23f10ad107cf49061b31d44a0,1200,800,RGB,276825,validation
PHYTO_RAW_1027,Dataset of groundnut plant leaf images for classification and detection/Raw_Data/healthy leaf/IMG_0742.JPG,IMG_0742.JPG,healthy_leaf,84dffb7dbfae624c1591b900dfd7ac54346c88042c09a7f998b7e47210954293,1200,800,RGB,318092,train
PHYTO_RAW_1028,Dataset of groundnut plant leaf images for classification and detection/Raw_Data/healthy leaf/IMG_0743.JPG,IMG_0743.JPG,healthy_leaf,bf73d9a9ccc51301ff323c1e50eab1681ee6947be574c41fe6dbc360fd37cd88,1200,800,RGB,289524,validation
PHYTO_RAW_1029,Dataset of groundnut plant leaf images for classification and detection/Raw_Data/healthy leaf/IMG_0744.JPG,IMG_0744.JPG,healthy_leaf,d7ed5072fa5542f4c38e8b69966d1ae3dcfffd7822c06bb1ad84eae30a4e04b9,1200,800,RGB,276118,train
PHYTO_RAW_1030,Dataset of groundnut plant leaf images for classification and detection/Raw_Data/healthy leaf/IMG_0745.JPG,IMG_0745.JPG,healthy_leaf,ac7a947e79559b58c1b5112eddfde869d0c0519547506ebb513ec7c9c3fad020,1200,800,RGB,262527,test
PHYTO_RAW_1031,Dataset of groundnut plant leaf images for classification and detection/Raw_Data/healthy leaf/IMG_0746.JPG,IMG_0746.JPG,healthy_leaf,0c98cf4e98747a4b70e4bee0ac47f1d14298c3e4131f97aaa6b9129905bcc693,1200,800,RGB,257214,test
PHYTO_RAW_1032,Dataset of groundnut plant leaf images for classification and detection/Raw_Data/healthy leaf/IMG_0747.JPG,IMG_0747.JPG,healthy_leaf,272d02159d67e5d9beb814905b93a52dd12d0aa444558c3b877416bd6e5b21e5,1200,800,RGB,289918,train
PHYTO_RAW_1033,Dataset of groundnut plant leaf images for classification and detection/Raw_Data/healthy leaf/IMG_0748.JPG,IMG_0748.JPG,healthy_leaf,4749536b086679069893a2d570c4b2a67835f889746c539553f69185bcd219a4,1200,800,RGB,306553,train
PHYTO_RAW_1034,Dataset of groundnut plant leaf images for classification and detection/Raw_Data/healthy leaf/IMG_0749.JPG,IMG_0749.JPG,healthy_leaf,54cb4850273c4c46f9167762fc8ebdb4d38e491ed2630bf4a0907094cd9dcada,1200,800,RGB,283801,train
PHYTO_RAW_1035,Dataset of groundnut plant leaf images for classification and detection/Raw_Data/healthy leaf/IMG_0750.JPG,IMG_0750.JPG,healthy_leaf,55ff5b06f9cf6b39da9ee6eae49c8ee1cc6351f9ae18fc5167f2f9f311729e0e,1200,800,RGB,241490,train
PHYTO_RAW_1036,Dataset of groundnut plant leaf images for classification and detection/Raw_Data/healthy leaf/IMG_0751.JPG,IMG_0751.JPG,healthy_leaf,6de5fdb21326a11e6709e3f240247e8394613bcabd9b6550f3837b980f88f228,1200,800,RGB,212624,train
PHYTO_RAW_1037,Dataset of groundnut plant leaf images for classification and detection/Raw_Data/healthy leaf/IMG_0752.JPG,IMG_0752.JPG,healthy_leaf,a3dfbc91ce11908ef42954dd5a0cd782f2ca283e7025798bbbe0f38063f6482c,1200,800,RGB,287819,train
PHYTO_RAW_1038,Dataset of groundnut plant leaf images for classification and detection/Raw_Data/healthy leaf/IMG_0753.JPG,IMG_0753.JPG,healthy_leaf,a615fbdbd5deb80ef1fcc9118a58aee80f1fd6b9f6803f7e15cb2c95b99ecf4b,1200,800,RGB,282383,train
PHYTO_RAW_1039,Dataset of groundnut plant leaf images for classification and detection/Raw_Data/healthy leaf/IMG_0795.JPG,IMG_0795.JPG,healthy_leaf,87b70ac3ebd135b57336a4b54a3524078bef54a25ea186f4600da2c69e0dc860,1200,800,RGB,252409,train
PHYTO_RAW_1040,Dataset of groundnut plant leaf images for classification and detection/Raw_Data/healthy leaf/IMG_0796.JPG,IMG_0796.JPG,healthy_leaf,b107d4c7d7e73019799278f30f49c1f8e68032d519449338179bdf95d117d3c1,1200,800,RGB,300351,train
PHYTO_RAW_1041,Dataset of groundnut plant leaf images for classification and detection/Raw_Data/healthy leaf/IMG_0797.JPG,IMG_0797.JPG,healthy_leaf,c9637f1e6d0f097fd5b9edce6cf78d34722b271b5f98892d3f6fcebacb209a7e,1200,800,RGB,299685,train
PHYTO_RAW_1042,Dataset of groundnut plant leaf images for classification and detection/Raw_Data/healthy leaf/IMG_0798.JPG,IMG_0798.JPG,healthy_leaf,a2f278c13851640c23eadea30bca01b481d6f7c1ae2bb8bd54eadf322c253ff6,1200,800,RGB,270493,validation
PHYTO_RAW_1043,Dataset of groundnut plant leaf images for classification and detection/Raw_Data/healthy leaf/IMG_0799.JPG,IMG_0799.JPG,healthy_leaf,89e99a3f255658f22705bcc03cbf4d96b47726723b17960061db184828373f9a,1200,800,RGB,247670,train
PHYTO_RAW_1044,Dataset of groundnut plant leaf images for classification and detection/Raw_Data/healthy leaf/IMG_0800.JPG,IMG_0800.JPG,healthy_leaf,6b0fa2ae86605c2865a5d065c9650378899659d509d86b49d88b6c750b815c02,1200,800,RGB,223760,validation
PHYTO_RAW_1045,Dataset of groundnut plant leaf images for classification and detection/Raw_Data/healthy leaf/IMG_0801.JPG,IMG_0801.JPG,healthy_leaf,6d7e1c4239433d401bd2aca8869914e8ed41dfbf74930de5380cea27ebb9abfe,1200,800,RGB,326718,train
PHYTO_RAW_1046,Dataset of groundnut plant leaf images for classification and detection/Raw_Data/healthy leaf/IMG_0802.JPG,IMG_0802.JPG,healthy_leaf,661e11513630d02323a6f67d76300da535c335614c3c5a9813093886c188d0e6,1200,800,RGB,239997,train
PHYTO_RAW_1047,Dataset of groundnut plant leaf images for classification and detection/Raw_Data/healthy leaf/IMG_0803.JPG,IMG_0803.JPG,healthy_leaf,c7815c9f092bf8e479b6662a626d63638e5f0db81f38a85776f8e98dce31f871,1200,800,RGB,211807,train
PHYTO_RAW_1048,Dataset of groundnut plant leaf images for classification and detection/Raw_Data/healthy leaf/IMG_0804.JPG,IMG_0804.JPG,healthy_leaf,160949f0bf9ae05d1af3b37ded5c67c7ee8ad16df3a47407b9c3376b91b4b7cc,1200,800,RGB,213683,train
PHYTO_RAW_1049,Dataset of groundnut plant leaf images for classification and detection/Raw_Data/healthy leaf/IMG_0805.JPG,IMG_0805.JPG,healthy_leaf,0afe7b9b17dcf90ee7c0c3612c97b847cd9a6966ecd186778e7b48d6cb54f363,1200,800,RGB,268063,train
PHYTO_RAW_1050,Dataset of groundnut plant leaf images for classification and detection/Raw_Data/healthy leaf/IMG_0806.JPG,IMG_0806.JPG,healthy_leaf,991a8d6f268c9f85c2b7cde257d51820636b251190306ee47581c7f49f5bce27,1200,800,RGB,257365,validation
PHYTO_RAW_1051,Dataset of groundnut plant leaf images for classification and detection/Raw_Data/healthy leaf/IMG_0845.JPG,IMG_0845.JPG,healthy_leaf,0268bbc5a51ea41c3ba21aa499a7907fc15e591ff735c412b4e677110cb7b9de,1200,800,RGB,286565,train
PHYTO_RAW_1052,Dataset of groundnut plant leaf images for classification and detection/Raw_Data/healthy leaf/IMG_0846.JPG,IMG_0846.JPG,healthy_leaf,7a4378e1cc81116b52d6c340d0ceea4ffbaddf69509d9ff2f75aefa09f9cc5ef,1200,800,RGB,303192,train
PHYTO_RAW_1053,Dataset of groundnut plant leaf images for classification and detection/Raw_Data/healthy leaf/IMG_0847.JPG,IMG_0847.JPG,healthy_leaf,1bdaaa664fcbd4ee2d61a2c07693013f6f632824959d8ccb6d1dd4f63a8fdd60,1200,800,RGB,255540,test
PHYTO_RAW_1054,Dataset of groundnut plant leaf images for classification and detection/Raw_Data/healthy leaf/IMG_0848.JPG,IMG_0848.JPG,healthy_leaf,6f88f2d637c9900f2ae50747fe5692a34d3d2e727faea5662bc7223d441e0899,1200,800,RGB,413786,train
PHYTO_RAW_1055,Dataset of groundnut plant leaf images for classification and detection/Raw_Data/healthy leaf/IMG_0849.JPG,IMG_0849.JPG,healthy_leaf,252e010354e66bf2e741400d47eaabc5e1ac46f7ac9702dc1b610ac69cbb3544,1200,800,RGB,429190,train
PHYTO_RAW_1056,Dataset of groundnut plant leaf images for classification and detection/Raw_Data/healthy leaf/IMG_0962.JPG,IMG_0962.JPG,healthy_leaf,a550fe370fdef25d12f125be5ca89ef6db4209d6ecf7b0df4daa5acc763c12bd,1200,800,RGB,201585,train
PHYTO_RAW_1057,Dataset of groundnut plant leaf images for classification and detection/Raw_Data/healthy leaf/IMG_0963.JPG,IMG_0963.JPG,healthy_leaf,76a4ee3dc45d7f82093560108b04e0e6b44f38a454589997adc520160bee275e,1200,800,RGB,263918,test
PHYTO_RAW_1058,Dataset of groundnut plant leaf images for classification and detection/Raw_Data/healthy leaf/IMG_0964.JPG,IMG_0964.JPG,healthy_leaf,8f2fef722a21a329080231c87f8451d3d4aa9938654d11884cadcd1e5c086e03,1200,800,RGB,253338,test
PHYTO_RAW_1059,Dataset of groundnut plant leaf images for classification and detection/Raw_Data/healthy leaf/IMG_0965.JPG,IMG_0965.JPG,healthy_leaf,1bae9223108806031a75a8af0509fc297af8fc3400e3457c34717381a393ba8e,1200,800,RGB,261353,train
PHYTO_RAW_1060,Dataset of groundnut plant leaf images for classification and detection/Raw_Data/healthy leaf/IMG_0966.JPG,IMG_0966.JPG,healthy_leaf,e0644f48a7dc2206981c1a63b27f07e8a4fc43e868d729e78d85f765cda9f64c,1200,800,RGB,282049,train
PHYTO_RAW_1061,Dataset of groundnut plant leaf images for classification and detection/Raw_Data/healthy leaf/IMG_0967.JPG,IMG_0967.JPG,healthy_leaf,82aff06047a2525c5418db1df1704cef7ec7c79706bd2259802dcc468fee1dc3,1200,800,RGB,270988,train
PHYTO_RAW_1062,Dataset of groundnut plant leaf images for classification and detection/Raw_Data/healthy leaf/IMG_0968.JPG,IMG_0968.JPG,healthy_leaf,2d3a301631acef4728e9c73047c9ebb8b3d9a26183dbb0875829f391b96d2299,1200,800,RGB,280195,train
PHYTO_RAW_1063,Dataset of groundnut plant leaf images for classification and detection/Raw_Data/healthy leaf/IMG_0969.JPG,IMG_0969.JPG,healthy_leaf,4c0ee9dadf3a42996277991f268beeaadd95988a9747b38ff080eca4a3da427a,1200,800,RGB,285663,train
PHYTO_RAW_1064,Dataset of groundnut plant leaf images for classification and detection/Raw_Data/healthy leaf/IMG_0970.JPG,IMG_0970.JPG,healthy_leaf,34006739c8f4c2ba4f394ded09e4baa28189b443dc4529f7a4ab235b418e9233,1200,800,RGB,271881,validation
PHYTO_RAW_1065,Dataset of groundnut plant leaf images for classification and detection/Raw_Data/healthy leaf/IMG_0971.JPG,IMG_0971.JPG,healthy_leaf,1d3afc49fdc5294c70855dc4f6e9bd6c06c3b4d2ad6ff9414fc71322047db835,1200,800,RGB,246022,train
PHYTO_RAW_1066,Dataset of groundnut plant leaf images for classification and detection/Raw_Data/healthy leaf/IMG_0972.JPG,IMG_0972.JPG,healthy_leaf,3e9386496e975209cac2cd1e12fea18fcf11e2338b031c69e3ebd1f156867253,1200,800,RGB,230312,train
PHYTO_RAW_1067,Dataset of groundnut plant leaf images for classification and detection/Raw_Data/healthy leaf/IMG_0973.JPG,IMG_0973.JPG,healthy_leaf,01bc54a34b3dcee69a1f99029fc4b10a53aa6939e0d0ad0c20b64e1a9246726c,1200,800,RGB,224690,validation
PHYTO_RAW_1068,Dataset of groundnut plant leaf images for classification and detection/Raw_Data/healthy leaf/IMG_0974.JPG,IMG_0974.JPG,healthy_leaf,9805a5924423b7b17f5fe6c0cb596f18ead244e229a5d6d667321d2fc3f58076,1200,800,RGB,197223,train
PHYTO_RAW_1069,Dataset of groundnut plant leaf images for classification and detection/Raw_Data/healthy leaf/IMG_0975.JPG,IMG_0975.JPG,healthy_leaf,29759f6325c5d70ed9660b7b32b2bd13f9414101dbb84e9c1aaac389c251573f,1200,800,RGB,241737,train
PHYTO_RAW_1070,Dataset of groundnut plant leaf images for classification and detection/Raw_Data/healthy leaf/IMG_0976.JPG,IMG_0976.JPG,healthy_leaf,75d63b244c5aa400fa2b2009613755ae7db8a5acac536dc02ec0341261c2b9ee,1200,800,RGB,235970,train
PHYTO_RAW_1071,Dataset of groundnut plant leaf images for classification and detection/Raw_Data/healthy leaf/IMG_0977.JPG,IMG_0977.JPG,healthy_leaf,1ab0fcb21bb3d3b8bfdb3632067caa5448a21a7254b303a75bac8ec9c6a72a0d,1200,800,RGB,246105,train
PHYTO_RAW_1072,Dataset of groundnut plant leaf images for classification and detection/Raw_Data/healthy leaf/IMG_0978.JPG,IMG_0978.JPG,healthy_leaf,6929d27f344125f428aaa496111e722930aecc1ac47f101ef450a1483e0d70fd,1200,800,RGB,275267,train
PHYTO_RAW_1073,Dataset of groundnut plant leaf images for classification and detection/Raw_Data/healthy leaf/IMG_0979.JPG,IMG_0979.JPG,healthy_leaf,253eff04876554577c4b5bbb12a99d9406cc4d9140ae7e34f361667866a50990,1200,800,RGB,238237,train
PHYTO_RAW_1074,Dataset of groundnut plant leaf images for classification and detection/Raw_Data/healthy leaf/IMG_0980.JPG,IMG_0980.JPG,healthy_leaf,11d773f239cbaf4b0f9685230e81d5070f34c8649a5579d739d826d0f68eef3f,1200,800,RGB,243830,train
PHYTO_RAW_1075,Dataset of groundnut plant leaf images for classification and detection/Raw_Data/healthy leaf/IMG_0981.JPG,IMG_0981.JPG,healthy_leaf,c077708ecb70b561f5474e365eed0facae1639d65cfa488f6fc8abcdcd952b68,1200,800,RGB,290649,train
PHYTO_RAW_1076,Dataset of groundnut plant leaf images for classification and detection/Raw_Data/healthy leaf/IMG_0983.JPG,IMG_0983.JPG,healthy_leaf,88be330fd5d741fb5fa2d8dafa078dcaed9468050d64925ecf34be495dd4edc9,1200,800,RGB,317243,train
PHYTO_RAW_1077,Dataset of groundnut plant leaf images for classification and detection/Raw_Data/healthy leaf/IMG_0984.JPG,IMG_0984.JPG,healthy_leaf,81c37377b997b4e94432c8457b5014728f7e8a88c4ab612efed93d1966492778,1200,800,RGB,292918,train
PHYTO_RAW_1078,Dataset of groundnut plant leaf images for classification and detection/Raw_Data/healthy leaf/IMG_0985.JPG,IMG_0985.JPG,healthy_leaf,00bcc38e5e3355bb4fec150acf4c8c69633f6060408575ea8b4d24ffe378bdd9,1200,800,RGB,366737,train
PHYTO_RAW_1079,Dataset of groundnut plant leaf images for classification and detection/Raw_Data/healthy leaf/IMG_0986.JPG,IMG_0986.JPG,healthy_leaf,bec4486ee51be4dae8515877cd0a5c20b48a970197b65c58334c0efd4bde776b,1200,800,RGB,445874,test
PHYTO_RAW_1080,Dataset of groundnut plant leaf images for classification and detection/Raw_Data/healthy leaf/IMG_0987.JPG,IMG_0987.JPG,healthy_leaf,641ceaa684c9b80e6e0883633022e93380c1eea8c0dd9fa4f6fde5d1b1aa278a,1200,800,RGB,247952,train
PHYTO_RAW_1081,Dataset of groundnut plant leaf images for classification and detection/Raw_Data/healthy leaf/IMG_0988.JPG,IMG_0988.JPG,healthy_leaf,b52d98d433d3c67c3b6c64e16e0314d7735259e6897a2bf4392af3f71298d181,1200,800,RGB,267747,validation
PHYTO_RAW_1082,Dataset of groundnut plant leaf images for classification and detection/Raw_Data/healthy leaf/IMG_0989.JPG,IMG_0989.JPG,healthy_leaf,761cb93225d1465f1c1ef73163f3d211c730d2d8915176bc0d069078c04f2324,1200,800,RGB,247603,train
PHYTO_RAW_1083,Dataset of groundnut plant leaf images for classification and detection/Raw_Data/healthy leaf/IMG_0990.JPG,IMG_0990.JPG,healthy_leaf,aed5b1f787829f1e76841325f70e8cdc0022cc74ec1f9e1691c0d6a3efe49d49,1200,800,RGB,235431,validation
PHYTO_RAW_1084,Dataset of groundnut plant leaf images for classification and detection/Raw_Data/healthy leaf/IMG_0991.JPG,IMG_0991.JPG,healthy_leaf,2c843185b14c3e71bec3229ca01d2d07d6930374c5bc726b177fd90b93c62e00,1200,800,RGB,243254,train
PHYTO_RAW_1085,Dataset of groundnut plant leaf images for classification and detection/Raw_Data/healthy leaf/IMG_0992.JPG,IMG_0992.JPG,healthy_leaf,ec0f3af5c785342da78b48f0274a02030eed8e248d47d7e3c22270a4638e415a,1200,800,RGB,263128,train
PHYTO_RAW_1086,Dataset of groundnut plant leaf images for classification and detection/Raw_Data/healthy leaf/IMG_0993.JPG,IMG_0993.JPG,healthy_leaf,0c33bd6580b4b18ecf14ac488392c888d08f946a9acc63ec18b94fd8017221ec,1200,800,RGB,236397,train
PHYTO_RAW_1087,Dataset of groundnut plant leaf images for classification and detection/Raw_Data/healthy leaf/IMG_0994.JPG,IMG_0994.JPG,healthy_leaf,7e1087c8562636c6623a44b35eff456f954917f7afefc9577edb66aca1adb925,1200,800,RGB,278381,validation
PHYTO_RAW_1088,Dataset of groundnut plant leaf images for classification and detection/Raw_Data/healthy leaf/IMG_0995.JPG,IMG_0995.JPG,healthy_leaf,96f2c9a4001eeb70ce5a75c8b06cfc85a774b52730b0436364cc3faf1cbf4859,1200,800,RGB,514162,train
PHYTO_RAW_1089,Dataset of groundnut plant leaf images for classification and detection/Raw_Data/healthy leaf/IMG_0999.JPG,IMG_0999.JPG,healthy_leaf,a5a7b5caaa220804a65382fe0b6a034bdce125c0695be0af1b92b3613b52f7e4,1200,800,RGB,259489,train
PHYTO_RAW_1090,Dataset of groundnut plant leaf images for classification and detection/Raw_Data/healthy leaf/IMG_1000.JPG,IMG_1000.JPG,healthy_leaf,0bd6012fc5701906f601cdecc7fe39b4f6619733281216fd1373819852386f69,1200,800,RGB,229835,train
PHYTO_RAW_1091,Dataset of groundnut plant leaf images for classification and detection/Raw_Data/healthy leaf/IMG_1001.JPG,IMG_1001.JPG,healthy_leaf,98fb9644f8ac80823488d8928125b65febdaba3a8d20f5f7bd6b2a18acd38efc,1200,800,RGB,244900,train
PHYTO_RAW_1092,Dataset of groundnut plant leaf images for classification and detection/Raw_Data/healthy leaf/IMG_1002.JPG,IMG_1002.JPG,healthy_leaf,c8891a88671cc77b1704633f968b093d270b04a866ec58b3c29034f254198b61,1200,800,RGB,238242,train
PHYTO_RAW_1093,Dataset of groundnut plant leaf images for classification and detection/Raw_Data/healthy leaf/IMG_1003.JPG,IMG_1003.JPG,healthy_leaf,5ac92cd8ba7329a1d8589572445387d2b73e09911a7abfe9b12ca7a5d814ae3f,1200,800,RGB,215606,train
PHYTO_RAW_1094,Dataset of groundnut plant leaf images for classification and detection/Raw_Data/healthy leaf/IMG_1004.JPG,IMG_1004.JPG,healthy_leaf,68472f41b80f0458b93a4031fa44d242725d06f81394968c86db4d5782f7aa33,1200,800,RGB,280569,train
PHYTO_RAW_1095,Dataset of groundnut plant leaf images for classification and detection/Raw_Data/healthy leaf/IMG_1005.JPG,IMG_1005.JPG,healthy_leaf,1a5218d06acc9b1fe2b91419aaecda25240f88a3bd7e4e02a767d9931944244c,1200,800,RGB,295069,validation
PHYTO_RAW_1096,Dataset of groundnut plant leaf images for classification and detection/Raw_Data/healthy leaf/IMG_1006.JPG,IMG_1006.JPG,healthy_leaf,e6aa557e97b436b62989c55b454c515baef06e6a87d1cf582b8b9fb9c9e62c7b,1200,800,RGB,251024,train
PHYTO_RAW_1097,Dataset of groundnut plant leaf images for classification and detection/Raw_Data/healthy leaf/IMG_1007.JPG,IMG_1007.JPG,healthy_leaf,a78d891a37d479c32b042ece66446822390ccfb2079f7093f1d70112415bc9eb,1200,800,RGB,280475,test
PHYTO_RAW_1098,Dataset of groundnut plant leaf images for classification and detection/Raw_Data/healthy leaf/IMG_1008.JPG,IMG_1008.JPG,healthy_leaf,cb58029290d9e7a95d1f28972bbe956a9b572f88a1eb8f1c9e528d823b28bfc9,1200,800,RGB,333312,train
PHYTO_RAW_1099,Dataset of groundnut plant leaf images for classification and detection/Raw_Data/healthy leaf/IMG_1009.JPG,IMG_1009.JPG,healthy_leaf,1d9c11296499a355f354a7f8a1b5e2e981505bb43b86df4447509ecab92f6709,1200,800,RGB,317205,train
PHYTO_RAW_1100,Dataset of groundnut plant leaf images for classification and detection/Raw_Data/healthy leaf/IMG_1010.JPG,IMG_1010.JPG,healthy_leaf,68c874458ab614f07fd6bce5d31338eeb38aec88f6ba92059e0edb1a327c9b0b,1200,800,RGB,280790,train
PHYTO_RAW_1101,Dataset of groundnut plant leaf images for classification and detection/Raw_Data/healthy leaf/IMG_1011.JPG,IMG_1011.JPG,healthy_leaf,292c919959e120bbe157a377c94d6cd2076d5876db85a2204a22b5debb3b8ae3,1200,800,RGB,298198,validation
PHYTO_RAW_1102,Dataset of groundnut plant leaf images for classification and detection/Raw_Data/healthy leaf/IMG_1012.JPG,IMG_1012.JPG,healthy_leaf,5aa69f6fdfe3c0903654f97f074370b9dd7a3fe2ec886f7eea3c9dd5c7676005,1200,800,RGB,244639,train
PHYTO_RAW_1103,Dataset of groundnut plant leaf images for classification and detection/Raw_Data/healthy leaf/IMG_1013.JPG,IMG_1013.JPG,healthy_leaf,621124544abd96fcf7b0e82e733ea86dfe43926a54d19ecea70c4005095dbb73,1200,800,RGB,200145,validation
PHYTO_RAW_1104,Dataset of groundnut plant leaf images for classification and detection/Raw_Data/healthy leaf/IMG_1014.JPG,IMG_1014.JPG,healthy_leaf,996961cba8871f91855313580e3658b726264a5aad0a55c3b95c54ce1e27d676,1200,800,RGB,274478,train
PHYTO_RAW_1105,Dataset of groundnut plant leaf images for classification and detection/Raw_Data/healthy leaf/IMG_1015.JPG,IMG_1015.JPG,healthy_leaf,b02ac311a3f6257bbf14ad5f323416aca54b12b02675b4994d46bb584e69f5d4,1200,800,RGB,250390,train
PHYTO_RAW_1106,Dataset of groundnut plant leaf images for classification and detection/Raw_Data/healthy leaf/IMG_1016.JPG,IMG_1016.JPG,healthy_leaf,eb4fd3ecf67c2d5bbd8d9c30c655b26a9345d46604bcc8500551aa126d1cad4e,1200,800,RGB,214591,train
PHYTO_RAW_1107,Dataset of groundnut plant leaf images for classification and detection/Raw_Data/healthy leaf/IMG_1017.JPG,IMG_1017.JPG,healthy_leaf,159ae1541fad7b7fd8f16f99a41f19cfc26f0a0c59f4f7ecbeb13ccbbb45e176,1200,800,RGB,289712,train
PHYTO_RAW_1108,Dataset of groundnut plant leaf images for classification and detection/Raw_Data/healthy leaf/IMG_1018.JPG,IMG_1018.JPG,healthy_leaf,d53aaeb810c8008111b2d1644aa3282eb47c1a367174a2a5ae8462840bdd62e8,1200,800,RGB,270676,test
PHYTO_RAW_1109,Dataset of groundnut plant leaf images for classification and detection/Raw_Data/healthy leaf/IMG_1019.JPG,IMG_1019.JPG,healthy_leaf,47cc0188a61ef711395c62548c4b65bfd3c8719ccd967002999ae73deb6f15c7,1200,800,RGB,231265,train
PHYTO_RAW_1110,Dataset of groundnut plant leaf images for classification and detection/Raw_Data/healthy leaf/IMG_1020.JPG,IMG_1020.JPG,healthy_leaf,51696db2a01fab0833062bf7a7708da8f87f8e32f17b4e3127d9dd285b355082,1200,800,RGB,283789,test
PHYTO_RAW_1111,Dataset of groundnut plant leaf images for classification and detection/Raw_Data/healthy leaf/IMG_1021.JPG,IMG_1021.JPG,healthy_leaf,cb3e91db421f5fd74984496c12cba05bb38968f95481fe9ae996c217d2b456c5,1200,800,RGB,324945,train
PHYTO_RAW_1112,Dataset of groundnut plant leaf images for classification and detection/Raw_Data/healthy leaf/IMG_1022.JPG,IMG_1022.JPG,healthy_leaf,e526f5c86a8f5ffe6c0aa63daa7d2e1ed3fc492a01fe9da233018b03c059dcb3,1200,800,RGB,256365,train
PHYTO_RAW_1113,Dataset of groundnut plant leaf images for classification and detection/Raw_Data/healthy leaf/IMG_1023.JPG,IMG_1023.JPG,healthy_leaf,52e72ee126b29aaf51d4db7d6ca4f20349602f36af5ea3f9937635da82f4e23a,1200,800,RGB,238914,test
PHYTO_RAW_1114,Dataset of groundnut plant leaf images for classification and detection/Raw_Data/healthy leaf/IMG_1024.JPG,IMG_1024.JPG,healthy_leaf,d85e0d7ce9e8684f0d9000d5bd049ad333aca718e81ffb22bcefa010e1145ad1,1200,800,RGB,225909,test
PHYTO_RAW_1115,Dataset of groundnut plant leaf images for classification and detection/Raw_Data/healthy leaf/IMG_1025.JPG,IMG_1025.JPG,healthy_leaf,358495cf4d1a72b83a1ad0995d89eb4a3f9d622756d44c359dda8ab09ba31ec4,1200,800,RGB,259037,train
PHYTO_RAW_1116,Dataset of groundnut plant leaf images for classification and detection/Raw_Data/healthy leaf/IMG_1026.JPG,IMG_1026.JPG,healthy_leaf,6cd9665039782ab8e8767e258d96f05c6dd3d989a92a3db73c4eedff9b6eafee,1200,800,RGB,222489,test
PHYTO_RAW_1117,Dataset of groundnut plant leaf images for classification and detection/Raw_Data/healthy leaf/IMG_1027.JPG,IMG_1027.JPG,healthy_leaf,3ee284554bf05a8aaa045432940953b4cf57d7d98a68f70d72f5dcef4ff27b16,1200,800,RGB,267052,train
PHYTO_RAW_1118,Dataset of groundnut plant leaf images for classification and detection/Raw_Data/healthy leaf/IMG_1028.JPG,IMG_1028.JPG,healthy_leaf,1f8332ee71dcdfcf4414a2c73484e68f1691a8917a3461faa9c6a88161163bf2,1200,800,RGB,226795,test
PHYTO_RAW_1119,Dataset of groundnut plant leaf images for classification and detection/Raw_Data/healthy leaf/IMG_1029.JPG,IMG_1029.JPG,healthy_leaf,a6b19a33e90b0665dcd9c7ddf059f417d5ecb256eaab110b4b4cd15c0e993a0b,1200,800,RGB,272509,train
PHYTO_RAW_1120,Dataset of groundnut plant leaf images for classification and detection/Raw_Data/healthy leaf/IMG_1030.JPG,IMG_1030.JPG,healthy_leaf,ed0481bf2f4b9cc416c8c9a715cff024665ae259508a0375238ce8abed3f1c79,1200,800,RGB,242267,train
PHYTO_RAW_1121,Dataset of groundnut plant leaf images for classification and detection/Raw_Data/healthy leaf/IMG_1031.JPG,IMG_1031.JPG,healthy_leaf,3c4c66bef86df66c8db421c6e738f7498125c7e02eb06f860fcc4250dc04dc52,1200,800,RGB,287019,test
PHYTO_RAW_1122,Dataset of groundnut plant leaf images for classification and detection/Raw_Data/healthy leaf/IMG_1032.JPG,IMG_1032.JPG,healthy_leaf,8cf6360819eba41c75467fa2ca276e6ca34418fa833fd5b07c1c8a350b383f13,1200,800,RGB,278196,train
PHYTO_RAW_1123,Dataset of groundnut plant leaf images for classification and detection/Raw_Data/healthy leaf/IMG_1033.JPG,IMG_1033.JPG,healthy_leaf,091d360485ad6b801fb5d273eaabc188aa435a129ceed380368ec7ede4d45871,1200,800,RGB,290633,train
PHYTO_RAW_1124,Dataset of groundnut plant leaf images for classification and detection/Raw_Data/healthy leaf/IMG_1044.JPG,IMG_1044.JPG,healthy_leaf,8b27956aa27c947998f8a0e1da70580e2028ad63db1c3bb44c7fe852e21e2338,1200,800,RGB,233154,train
PHYTO_RAW_1125,Dataset of groundnut plant leaf images for classification and detection/Raw_Data/healthy leaf/IMG_1045.JPG,IMG_1045.JPG,healthy_leaf,8b82d1cb7f962641cf9679ac9b3b78156778b45b5fcad9d10998760c7bbf60f4,1200,800,RGB,223675,train
PHYTO_RAW_1126,Dataset of groundnut plant leaf images for classification and detection/Raw_Data/healthy leaf/IMG_1046.JPG,IMG_1046.JPG,healthy_leaf,442a8c4aea901289a0ceac41c99c96459c604f4607a0275372f14539c46ca1ee,1200,800,RGB,258109,train
PHYTO_RAW_1127,Dataset of groundnut plant leaf images for classification and detection/Raw_Data/healthy leaf/IMG_1047.JPG,IMG_1047.JPG,healthy_leaf,228dcfb7c6d47c5a99297376a28a8ed5fed2a61a4e63379f06555f8e19b8499c,1200,800,RGB,233014,train
PHYTO_RAW_1128,Dataset of groundnut plant leaf images for classification and detection/Raw_Data/healthy leaf/IMG_1048.JPG,IMG_1048.JPG,healthy_leaf,36f225c45cdfdb232353d815c9c3101dc1ff3373a45130bd1786435d1ce8bb87,1200,800,RGB,271701,test
PHYTO_RAW_1129,Dataset of groundnut plant leaf images for classification and detection/Raw_Data/healthy leaf/IMG_1049.JPG,IMG_1049.JPG,healthy_leaf,b512e74e54b3294bbdafdaf93e83902cdd926c05cefefc73b55f5ac782857bf7,1200,800,RGB,271002,validation
PHYTO_RAW_1130,Dataset of groundnut plant leaf images for classification and detection/Raw_Data/healthy leaf/IMG_1050.JPG,IMG_1050.JPG,healthy_leaf,0ec6a95cf334c05ad18af7453b0b202dede7b34f5560c957065927d50bfe2277,1200,800,RGB,267620,train
PHYTO_RAW_1131,Dataset of groundnut plant leaf images for classification and detection/Raw_Data/healthy leaf/IMG_1051.JPG,IMG_1051.JPG,healthy_leaf,b4664404b83ab31da7231818ce3302dfe1f760202c60c4e0547d06384fbb3715,1200,800,RGB,273995,train
PHYTO_RAW_1132,Dataset of groundnut plant leaf images for classification and detection/Raw_Data/healthy leaf/IMG_1052.JPG,IMG_1052.JPG,healthy_leaf,aa16684d3ae7319d2af623f3b27a331b9fdc5e78ceaedd7d3acb90d7a1cbb46b,1200,800,RGB,250814,train
PHYTO_RAW_1133,Dataset of groundnut plant leaf images for classification and detection/Raw_Data/healthy leaf/IMG_1053.JPG,IMG_1053.JPG,healthy_leaf,1799843a68d6191f628ed7ce919a2f8202af4dccaed1f37151d4fe5202ae7641,1200,800,RGB,257045,train
PHYTO_RAW_1134,Dataset of groundnut plant leaf images for classification and detection/Raw_Data/healthy leaf/IMG_1054.JPG,IMG_1054.JPG,healthy_leaf,3ad9060c71cc602b8a1dc617828334314bbceca24c3e10232bf7a32b80fd1dcd,1200,800,RGB,208470,train
PHYTO_RAW_1135,Dataset of groundnut plant leaf images for classification and detection/Raw_Data/healthy leaf/IMG_1055.JPG,IMG_1055.JPG,healthy_leaf,332647d06e4bec545b584e2800d71beaf3b3f05ef3db9bfded7ca5b9b68067ce,1200,800,RGB,300380,train
PHYTO_RAW_1136,Dataset of groundnut plant leaf images for classification and detection/Raw_Data/healthy leaf/IMG_1056.JPG,IMG_1056.JPG,healthy_leaf,835a6f19d8e3fe44e413ae6790993c4fa731e3f344985b44970a5b1e77517207,1200,800,RGB,272726,train
PHYTO_RAW_1137,Dataset of groundnut plant leaf images for classification and detection/Raw_Data/healthy leaf/IMG_1057.JPG,IMG_1057.JPG,healthy_leaf,3602f04fea066a47c8b551390beb379487cebbeffca59fde37da2409b1b3c818,1200,800,RGB,314471,train
PHYTO_RAW_1138,Dataset of groundnut plant leaf images for classification and detection/Raw_Data/healthy leaf/IMG_1068.JPG,IMG_1068.JPG,healthy_leaf,a1407f523f832142b2ee1c353858714df48b705e852db6990cabb4184ba52931,1200,800,RGB,382323,train
PHYTO_RAW_1139,Dataset of groundnut plant leaf images for classification and detection/Raw_Data/healthy leaf/IMG_1069.JPG,IMG_1069.JPG,healthy_leaf,d56337cbd74f0ec33c8a8a556d4339e3a77d0a1b0ac51d890df38132c9112aa3,1200,800,RGB,369471,validation
PHYTO_RAW_1140,Dataset of groundnut plant leaf images for classification and detection/Raw_Data/healthy leaf/IMG_1070.JPG,IMG_1070.JPG,healthy_leaf,ba18ac3445c40bb082ec337303d5f85bc1e5f12c9e419af8678de180244d216c,1200,800,RGB,349197,train
PHYTO_RAW_1141,Dataset of groundnut plant leaf images for classification and detection/Raw_Data/healthy leaf/IMG_1071.JPG,IMG_1071.JPG,healthy_leaf,8924f5f0773a4e6d082736bf80df66c44aa024e061f2b1094c0b0ffb41e012d4,1200,800,RGB,309704,train
PHYTO_RAW_1142,Dataset of groundnut plant leaf images for classification and detection/Raw_Data/healthy leaf/IMG_1072.JPG,IMG_1072.JPG,healthy_leaf,f946a72749964080c2ec9b04125d7f916d99783e5f21a41cca677a271dbdc72c,1200,800,RGB,211485,train
PHYTO_RAW_1143,Dataset of groundnut plant leaf images for classification and detection/Raw_Data/healthy leaf/IMG_1073.JPG,IMG_1073.JPG,healthy_leaf,56a0e50f39b638084889c89185a9895b6c1bda0055c10415195f726ad66080b8,1200,800,RGB,239020,train
PHYTO_RAW_1144,Dataset of groundnut plant leaf images for classification and detection/Raw_Data/healthy leaf/IMG_1074.JPG,IMG_1074.JPG,healthy_leaf,20f296ddbfbf822e0c5ceaa8481a6f2f6563c8820edee868126bafc5e0740b84,1200,800,RGB,225211,test
PHYTO_RAW_1145,Dataset of groundnut plant leaf images for classification and detection/Raw_Data/healthy leaf/IMG_1075.JPG,IMG_1075.JPG,healthy_leaf,5a62542a3b6e593bb2da152414819cce2b9c7c6108d27ead71d46821558d4fce,1200,800,RGB,213345,train
PHYTO_RAW_1146,Dataset of groundnut plant leaf images for classification and detection/Raw_Data/healthy leaf/IMG_1076.JPG,IMG_1076.JPG,healthy_leaf,71ecaf60b4fdf283234274284ee3aff545586506e767bfa38fad4c9cc31f84be,1200,800,RGB,221797,test
PHYTO_RAW_1147,Dataset of groundnut plant leaf images for classification and detection/Raw_Data/healthy leaf/IMG_1077.JPG,IMG_1077.JPG,healthy_leaf,78f6ab0053b5d8188728edfd62d4c944fa131151d65dd184fe55285fa2620ecd,1200,800,RGB,235208,train
PHYTO_RAW_1148,Dataset of groundnut plant leaf images for classification and detection/Raw_Data/healthy leaf/IMG_1078.JPG,IMG_1078.JPG,healthy_leaf,d312085c29ef69235174fc2d59a740b9557099a5ff60018f2fcd749bc3f6554d,1200,800,RGB,252866,train
PHYTO_RAW_1149,Dataset of groundnut plant leaf images for classification and detection/Raw_Data/healthy leaf/IMG_1079.JPG,IMG_1079.JPG,healthy_leaf,a55311c42ba96b211a6553675f2b2b30f21c6f524f93d86931d2ebf97e038638,1200,800,RGB,212110,train
PHYTO_RAW_1150,Dataset of groundnut plant leaf images for classification and detection/Raw_Data/healthy leaf/IMG_1080.JPG,IMG_1080.JPG,healthy_leaf,47d8fc102581109b9ea296dbe59a9ce1f7e03b03cfc490f30e6714d9bc36263b,1200,800,RGB,203107,train
PHYTO_RAW_1151,Dataset of groundnut plant leaf images for classification and detection/Raw_Data/healthy leaf/IMG_1081.JPG,IMG_1081.JPG,healthy_leaf,a440442ed27c7a0d648b39e03efdf561f88e219fe158c22ca7873a9dad1e77b4,1200,800,RGB,200725,train
PHYTO_RAW_1152,Dataset of groundnut plant leaf images for classification and detection/Raw_Data/healthy leaf/IMG_1082.JPG,IMG_1082.JPG,healthy_leaf,337c2380a646ab801e5277ecff9a18ee0ed16430a72690f315d3d31cc7cf237d,1200,800,RGB,193556,train
PHYTO_RAW_1153,Dataset of groundnut plant leaf images for classification and detection/Raw_Data/healthy leaf/IMG_1083.JPG,IMG_1083.JPG,healthy_leaf,03661fa3fc6d0228ea5d4a7e4627b640c66339e10c5c12e29d0e9d64a9e7859c,1200,800,RGB,216020,train
PHYTO_RAW_1154,Dataset of groundnut plant leaf images for classification and detection/Raw_Data/healthy leaf/IMG_1152.JPG,IMG_1152.JPG,healthy_leaf,d4499605985a04edee001cbc239d07f30e5dff7f44e8196cbf077cb12bc3abf2,1200,800,RGB,207866,train
PHYTO_RAW_1155,Dataset of groundnut plant leaf images for classification and detection/Raw_Data/healthy leaf/IMG_1153.JPG,IMG_1153.JPG,healthy_leaf,9d605c3041f565352f146564d739bd4f032f2f00f63052dadff07132abfb4749,1200,800,RGB,224689,validation
PHYTO_RAW_1156,Dataset of groundnut plant leaf images for classification and detection/Raw_Data/healthy leaf/IMG_1154.JPG,IMG_1154.JPG,healthy_leaf,d869ef7e3367496953286899521bfde3b9cea512dbbaa9f8060e42698385252e,1200,800,RGB,225576,train
PHYTO_RAW_1157,Dataset of groundnut plant leaf images for classification and detection/Raw_Data/healthy leaf/IMG_1155.JPG,IMG_1155.JPG,healthy_leaf,c69bdfecbcd212622be59fd720b5f3049aaa69c95f760629fdebb7484ba9594f,1200,800,RGB,231303,train
PHYTO_RAW_1158,Dataset of groundnut plant leaf images for classification and detection/Raw_Data/healthy leaf/IMG_1156.JPG,IMG_1156.JPG,healthy_leaf,8cc206b047952f10eaa844a613b468c099518ce2e47454dc8cb118e580179c12,1200,800,RGB,254047,test
PHYTO_RAW_1159,Dataset of groundnut plant leaf images for classification and detection/Raw_Data/healthy leaf/IMG_1157.JPG,IMG_1157.JPG,healthy_leaf,8a0c429bf414a21bafb43b20bd61acc96c9a107eb5607c2301adf9c284645246,1200,800,RGB,222759,train
PHYTO_RAW_1160,Dataset of groundnut plant leaf images for classification and detection/Raw_Data/healthy leaf/IMG_1158.JPG,IMG_1158.JPG,healthy_leaf,44ab7616a0f66c8051d32522e5cdc2f45382a94acedc2c0482837a38b8e8644b,1200,800,RGB,241734,train
PHYTO_RAW_1161,Dataset of groundnut plant leaf images for classification and detection/Raw_Data/healthy leaf/IMG_1159.JPG,IMG_1159.JPG,healthy_leaf,930e3832f7163f0c5d001b813c8912a58f2bddeee9463e3a84d95f0175a4bf6e,1200,800,RGB,207806,train
PHYTO_RAW_1162,Dataset of groundnut plant leaf images for classification and detection/Raw_Data/healthy leaf/IMG_1160.JPG,IMG_1160.JPG,healthy_leaf,9e938492affa28bdf889cbf284323915fd5f742b8739995ce2fc5194bf0b0a0c,1200,800,RGB,232886,test
PHYTO_RAW_1163,Dataset of groundnut plant leaf images for classification and detection/Raw_Data/healthy leaf/IMG_1161.JPG,IMG_1161.JPG,healthy_leaf,3547f5228a016c51da55441c15330e2ed53629686d7745f1a877e8e2a8ce2bcb,1200,800,RGB,236390,train
PHYTO_RAW_1164,Dataset of groundnut plant leaf images for classification and detection/Raw_Data/healthy leaf/IMG_1162.JPG,IMG_1162.JPG,healthy_leaf,2f97fbfb51ed1eec68fffe64f9814d417a5a63cd4ab887769ca18e43ed08789e,1200,800,RGB,233861,train
PHYTO_RAW_1165,Dataset of groundnut plant leaf images for classification and detection/Raw_Data/healthy leaf/IMG_1163.JPG,IMG_1163.JPG,healthy_leaf,2b7aa7b25a29c01ea972d57521820c036b943dd0acf2bb28243efc9dcb789e4e,1200,800,RGB,231175,train
PHYTO_RAW_1166,Dataset of groundnut plant leaf images for classification and detection/Raw_Data/healthy leaf/IMG_1164.JPG,IMG_1164.JPG,healthy_leaf,c21db81dc34eba78c6b8e4664079722fc445ed7f30a93dde355d0deaab114fba,1200,800,RGB,226255,train
PHYTO_RAW_1167,Dataset of groundnut plant leaf images for classification and detection/Raw_Data/healthy leaf/IMG_1165.JPG,IMG_1165.JPG,healthy_leaf,11572e52a11ba5ae5ca2a63aa119eab6f5b8f86668435dbd27108b835ac59a25,1200,800,RGB,205128,test
PHYTO_RAW_1168,Dataset of groundnut plant leaf images for classification and detection/Raw_Data/healthy leaf/IMG_1166.JPG,IMG_1166.JPG,healthy_leaf,f7f6add6d3536d9653cd669b00fafe21c27462d4ef1ec29799e72edd1030df6c,1200,800,RGB,202850,validation
PHYTO_RAW_1169,Dataset of groundnut plant leaf images for classification and detection/Raw_Data/healthy leaf/IMG_1167.JPG,IMG_1167.JPG,healthy_leaf,6143cc6ef7ec7f588604b6ded663db81b70a145ddab0ef2caaa2d088e45961aa,1200,800,RGB,222111,train
PHYTO_RAW_1170,Dataset of groundnut plant leaf images for classification and detection/Raw_Data/healthy leaf/IMG_1168.JPG,IMG_1168.JPG,healthy_leaf,1ed2ab184524bc3b31922590b70832c2211dbd36dd22d81233184ce8f1cb0192,1200,800,RGB,239860,train
PHYTO_RAW_1171,Dataset of groundnut plant leaf images for classification and detection/Raw_Data/healthy leaf/IMG_1169.JPG,IMG_1169.JPG,healthy_leaf,52933d63df68c0c0c15d08cbf4159df53d41a225c77e8c9505402f6eefd62048,1200,800,RGB,241533,train
PHYTO_RAW_1172,Dataset of groundnut plant leaf images for classification and detection/Raw_Data/healthy leaf/IMG_1170.JPG,IMG_1170.JPG,healthy_leaf,3166c14dbabb2ef43f675008d0ca045da554b2d28f03bd9e4b4b44a2a7159faf,1200,800,RGB,253806,train
PHYTO_RAW_1173,Dataset of groundnut plant leaf images for classification and detection/Raw_Data/healthy leaf/IMG_1171.JPG,IMG_1171.JPG,healthy_leaf,ac703573da4d80c66af0eef41af78368fdcc98d5f0c34bb359169bd5fa7a5946,1200,800,RGB,263151,train
PHYTO_RAW_1174,Dataset of groundnut plant leaf images for classification and detection/Raw_Data/healthy leaf/IMG_1172.JPG,IMG_1172.JPG,healthy_leaf,0c54927efa699730006d700a8726351d532169edf36abfdea4be1c3c979d141f,1200,800,RGB,249076,test
PHYTO_RAW_1175,Dataset of groundnut plant leaf images for classification and detection/Raw_Data/healthy leaf/IMG_1173.JPG,IMG_1173.JPG,healthy_leaf,9a7f426a8dabb775fc3762de7bae57ff5cae104ea152cb8e9c41862e9dbb8a2d,1200,800,RGB,221341,train
PHYTO_RAW_1176,Dataset of groundnut plant leaf images for classification and detection/Raw_Data/healthy leaf/IMG_1174.JPG,IMG_1174.JPG,healthy_leaf,ef91c5f2987a6c2e219f791094c68ff74264092f3051e3586c41849f6aebeeba,1200,800,RGB,222967,validation
PHYTO_RAW_1177,Dataset of groundnut plant leaf images for classification and detection/Raw_Data/healthy leaf/IMG_1175.JPG,IMG_1175.JPG,healthy_leaf,e24a5d4dde96e954d4c8069f9ffa38c39dd35a18b6422671f5f55b61c6c8a7e9,1200,800,RGB,274275,validation
PHYTO_RAW_1178,Dataset of groundnut plant leaf images for classification and detection/Raw_Data/healthy leaf/IMG_1176.JPG,IMG_1176.JPG,healthy_leaf,ec0c731ef7175f417c8045bf35da99631acfc3f9899aa4cd909401b7b2d58e7b,1200,800,RGB,257573,train
PHYTO_RAW_1179,Dataset of groundnut plant leaf images for classification and detection/Raw_Data/healthy leaf/IMG_1177.JPG,IMG_1177.JPG,healthy_leaf,45e866630deea2cc70188d90079032b4d5deb878bc6b41b18742cf6a2483468a,1200,800,RGB,278779,train
PHYTO_RAW_1180,Dataset of groundnut plant leaf images for classification and detection/Raw_Data/healthy leaf/IMG_1178.JPG,IMG_1178.JPG,healthy_leaf,8918942e2893a2eff1be24ef48ce3634b257e4b69a33ca225b4c432f197d6426,1200,800,RGB,261937,validation
PHYTO_RAW_1181,Dataset of groundnut plant leaf images for classification and detection/Raw_Data/healthy leaf/IMG_1179.JPG,IMG_1179.JPG,healthy_leaf,5ce83f0ddbeee4dcfcead23a6253f9b1946bddf958ce86bc89f6bb22ab2d913a,1200,800,RGB,263726,test
PHYTO_RAW_1182,Dataset of groundnut plant leaf images for classification and detection/Raw_Data/healthy leaf/IMG_1180.JPG,IMG_1180.JPG,healthy_leaf,b0ff355833b4bd2f4437edb9d13213355e2a2352a213513757b3045a8094db5d,1200,800,RGB,252447,validation
PHYTO_RAW_1183,Dataset of groundnut plant leaf images for classification and detection/Raw_Data/healthy leaf/IMG_1181.JPG,IMG_1181.JPG,healthy_leaf,58fe7a56d7d3cacc3d97ea6ce53bc3dd446ddd57d94ce987c47fc92133070c82,1200,800,RGB,269637,train
PHYTO_RAW_1184,Dataset of groundnut plant leaf images for classification and detection/Raw_Data/healthy leaf/IMG_1182.JPG,IMG_1182.JPG,healthy_leaf,68dc65fcceb0677b254e93ce87582bcc1ec5b72265c97719c9d0f0dc2b2e3072,1200,800,RGB,280463,train
PHYTO_RAW_1185,Dataset of groundnut plant leaf images for classification and detection/Raw_Data/healthy leaf/IMG_1183.JPG,IMG_1183.JPG,healthy_leaf,0b68a56129900bb7b62f075a73d2ccfb74d48f15c448caa3394a7889e27ff92b,1200,800,RGB,218718,test
PHYTO_RAW_1186,Dataset of groundnut plant leaf images for classification and detection/Raw_Data/healthy leaf/IMG_1184.JPG,IMG_1184.JPG,healthy_leaf,6c70f650628b5681d7d44f4aff3d0c2499fc263bc75dc2738e3a93d6a88cd968,1200,800,RGB,233572,train
PHYTO_RAW_1187,Dataset of groundnut plant leaf images for classification and detection/Raw_Data/healthy leaf/IMG_1185.JPG,IMG_1185.JPG,healthy_leaf,f549edc1320dbb35c69df7a00e352083aaab7166f2821b969027b4557c70edc7,1200,800,RGB,237698,validation
PHYTO_RAW_1188,Dataset of groundnut plant leaf images for classification and detection/Raw_Data/healthy leaf/IMG_1186.JPG,IMG_1186.JPG,healthy_leaf,b12738d7b90be545c5bda0bf3a81bddff5ad335af97b175da1342c03cf9ea6c9,1200,800,RGB,316483,train
PHYTO_RAW_1189,Dataset of groundnut plant leaf images for classification and detection/Raw_Data/healthy leaf/IMG_1187.JPG,IMG_1187.JPG,healthy_leaf,873d8267f58d9cbb896cd8d549e4b319e43fec9419239e41952fc344fafb3114,1200,800,RGB,319989,train
PHYTO_RAW_1190,Dataset of groundnut plant leaf images for classification and detection/Raw_Data/healthy leaf/IMG_1188.JPG,IMG_1188.JPG,healthy_leaf,eb47322ed3b6bdd99d997335de1ae0d9e208e227ceb3572dcfc8b3cd442b1d79,1200,800,RGB,215532,train
PHYTO_RAW_1191,Dataset of groundnut plant leaf images for classification and detection/Raw_Data/healthy leaf/IMG_1195.JPG,IMG_1195.JPG,healthy_leaf,ec69ca3408d0eddbb4ed3de320da502f7db1c823ad89c76ca5d493cdc005e8c7,1200,800,RGB,224756,train
PHYTO_RAW_1192,Dataset of groundnut plant leaf images for classification and detection/Raw_Data/healthy leaf/IMG_1196.JPG,IMG_1196.JPG,healthy_leaf,06dbe411164182d2df09c221357d56431e92bcf2ec6c13007902a10fcc33f87e,1200,800,RGB,211276,train
PHYTO_RAW_1193,Dataset of groundnut plant leaf images for classification and detection/Raw_Data/healthy leaf/IMG_1197.JPG,IMG_1197.JPG,healthy_leaf,9e42b49365aa4ca479453b38c489c3c425388c58e68722dedd57661fac6f959c,1200,800,RGB,215518,train
PHYTO_RAW_1194,Dataset of groundnut plant leaf images for classification and detection/Raw_Data/healthy leaf/IMG_1198.JPG,IMG_1198.JPG,healthy_leaf,3b8814ee04e05e3058415c15f39f6ef0660be46bff9ae2242217298c9f2d0ed2,1200,800,RGB,222173,validation
PHYTO_RAW_1195,Dataset of groundnut plant leaf images for classification and detection/Raw_Data/healthy leaf/IMG_1199.JPG,IMG_1199.JPG,healthy_leaf,c5bba9e287f58dec2907cae426b1a020cf9b7a20cf26237feb8e1c45611fe311,1200,800,RGB,237816,train
PHYTO_RAW_1196,Dataset of groundnut plant leaf images for classification and detection/Raw_Data/healthy leaf/IMG_1200.JPG,IMG_1200.JPG,healthy_leaf,2ec95c56c93d241957beda133adfa719975874a07059549e695b27d9f8fee573,1200,800,RGB,256861,train
PHYTO_RAW_1197,Dataset of groundnut plant leaf images for classification and detection/Raw_Data/healthy leaf/IMG_1201.JPG,IMG_1201.JPG,healthy_leaf,8c5098fce16f048244c4b3375886b19522cf53e162b5b29893cdfb60218ff5e7,1200,800,RGB,242956,train
PHYTO_RAW_1198,Dataset of groundnut plant leaf images for classification and detection/Raw_Data/healthy leaf/IMG_1202.JPG,IMG_1202.JPG,healthy_leaf,0271753bacb2f5e2e1aca40ce579fea41ce00c002d06a8d8b777dd56ca02b7f6,1200,800,RGB,251277,validation
PHYTO_RAW_1199,Dataset of groundnut plant leaf images for classification and detection/Raw_Data/healthy leaf/IMG_1203.JPG,IMG_1203.JPG,healthy_leaf,17a36b95c4f81f56c4561625c39cd84c9a2a9ce68dcc65ec5cbc11b5dffccdf2,1200,800,RGB,249162,train
PHYTO_RAW_1200,Dataset of groundnut plant leaf images for classification and detection/Raw_Data/healthy leaf/IMG_1204.JPG,IMG_1204.JPG,healthy_leaf,3f6216b7ebf810133883e339c8798a43852821b4d8591f74cf6d9c663fd8b30a,1200,800,RGB,250390,test
PHYTO_RAW_1201,Dataset of groundnut plant leaf images for classification and detection/Raw_Data/healthy leaf/IMG_1205.JPG,IMG_1205.JPG,healthy_leaf,23bb9e4a58fd4ac1f2ef035588147aeb2c00948baa0f1fcccd816568e4b3a2f7,1200,800,RGB,240194,train
PHYTO_RAW_1202,Dataset of groundnut plant leaf images for classification and detection/Raw_Data/healthy leaf/IMG_1206.JPG,IMG_1206.JPG,healthy_leaf,4c9e530dcfe543b20e85941005f20c481963c0d00bddde8572281a61dad38782,1200,800,RGB,234524,train
PHYTO_RAW_1203,Dataset of groundnut plant leaf images for classification and detection/Raw_Data/healthy leaf/IMG_1207.JPG,IMG_1207.JPG,healthy_leaf,0ef69f7013bc056166259323d09edc60fadf66b38b9509f71c9b28854d8aa209,1200,800,RGB,239625,test
PHYTO_RAW_1204,Dataset of groundnut plant leaf images for classification and detection/Raw_Data/healthy leaf/IMG_1208.JPG,IMG_1208.JPG,healthy_leaf,e10f928563ef03831a7c5b0a003a7f655689a80001dfa922b38fad2f3004e9ac,1200,800,RGB,234834,test
PHYTO_RAW_1205,Dataset of groundnut plant leaf images for classification and detection/Raw_Data/healthy leaf/IMG_1209.JPG,IMG_1209.JPG,healthy_leaf,125299a9ba813def807aca9b9614601748f133ea358d0157bb9499167c6cf27b,1200,800,RGB,232134,test
PHYTO_RAW_1206,Dataset of groundnut plant leaf images for classification and detection/Raw_Data/healthy leaf/IMG_1210.JPG,IMG_1210.JPG,healthy_leaf,c04322d4589ee29a269db2d197e283b18e1a006a91af31a7ba3666d4d0fd38a6,1200,800,RGB,199518,test
PHYTO_RAW_1207,Dataset of groundnut plant leaf images for classification and detection/Raw_Data/healthy leaf/IMG_1211.JPG,IMG_1211.JPG,healthy_leaf,7af122f61ee6adf21793204b24d72a681cef1eb21454c22adef5826663ea7f4c,1200,800,RGB,534705,test
PHYTO_RAW_1208,Dataset of groundnut plant leaf images for classification and detection/Raw_Data/healthy leaf/IMG_1216.JPG,IMG_1216.JPG,healthy_leaf,3d24e4ca1bcf3168ff22f08821cb07cb472b4d295e2fc3b3ddb81e5195eb918d,1200,800,RGB,257432,train
PHYTO_RAW_1209,Dataset of groundnut plant leaf images for classification and detection/Raw_Data/healthy leaf/IMG_1217.JPG,IMG_1217.JPG,healthy_leaf,3d5734fb08ece41ca0f311fc83ccec73df897424384ee049789ac99c878d3c8b,1200,800,RGB,210523,validation
PHYTO_RAW_1210,Dataset of groundnut plant leaf images for classification and detection/Raw_Data/healthy leaf/IMG_1218.JPG,IMG_1218.JPG,healthy_leaf,86816a496ea7be1d54b3e0edabc50970fcbcd8597aa67cc51bf0f504d601e94b,1200,800,RGB,259431,train
PHYTO_RAW_1211,Dataset of groundnut plant leaf images for classification and detection/Raw_Data/healthy leaf/IMG_1219.JPG,IMG_1219.JPG,healthy_leaf,eaf9a982567c72eb691ee94429be03f3697808c7475b0252c20193ec38d20520,1200,800,RGB,202521,test
PHYTO_RAW_1212,Dataset of groundnut plant leaf images for classification and detection/Raw_Data/healthy leaf/IMG_1220.JPG,IMG_1220.JPG,healthy_leaf,8c2435965f80869c0a1f3e544acf6205c44723eb3cfd99875669c995d6520a12,1200,800,RGB,226287,train
PHYTO_RAW_1213,Dataset of groundnut plant leaf images for classification and detection/Raw_Data/healthy leaf/IMG_1221.JPG,IMG_1221.JPG,healthy_leaf,c44df64ea851fa22841faa744661f3bb4594579022dd43a57bb35546f1932639,1200,800,RGB,234324,train
PHYTO_RAW_1214,Dataset of groundnut plant leaf images for classification and detection/Raw_Data/healthy leaf/IMG_1222.JPG,IMG_1222.JPG,healthy_leaf,b7434d607a5ed69897231fa2297375ac9692fd105bc7b4fba908dbdbe0188f2a,1200,800,RGB,254827,test
PHYTO_RAW_1215,Dataset of groundnut plant leaf images for classification and detection/Raw_Data/healthy leaf/IMG_1223.JPG,IMG_1223.JPG,healthy_leaf,bd7939d19256a2ebc0041f11a1999aeafffd08ba2a60956ab78cd60a823b4d34,1200,800,RGB,284234,train
PHYTO_RAW_1216,Dataset of groundnut plant leaf images for classification and detection/Raw_Data/healthy leaf/IMG_1224.JPG,IMG_1224.JPG,healthy_leaf,d7bcbf709f91d41dd0bf8b6476eb0e35689a73249208850a8293d768f9b0ffed,1200,800,RGB,278663,train
PHYTO_RAW_1217,Dataset of groundnut plant leaf images for classification and detection/Raw_Data/healthy leaf/IMG_1225.JPG,IMG_1225.JPG,healthy_leaf,aca6955efda0344a63ab0746fcb5dc82eb40d6b6676f6769a41a808268bf8d1b,1200,800,RGB,299930,train
PHYTO_RAW_1218,Dataset of groundnut plant leaf images for classification and detection/Raw_Data/healthy leaf/IMG_1226.JPG,IMG_1226.JPG,healthy_leaf,ecef3f6b96cef105dcf155b1cff444a6bf748dfda0b15d1383631a688048a6f6,1200,800,RGB,249127,train
PHYTO_RAW_1219,Dataset of groundnut plant leaf images for classification and detection/Raw_Data/healthy leaf/IMG_1227.JPG,IMG_1227.JPG,healthy_leaf,34cb991e315c0109eada21a0356e966a41fe2fd26bc655ccd6dee07a3cfd07ce,1200,800,RGB,267614,test
PHYTO_RAW_1220,Dataset of groundnut plant leaf images for classification and detection/Raw_Data/healthy leaf/IMG_1228.JPG,IMG_1228.JPG,healthy_leaf,66711afd9282000ecf7b7ccd26806c3a53250e7d8846d937724273f61e6d7179,1200,800,RGB,246299,train
PHYTO_RAW_1221,Dataset of groundnut plant leaf images for classification and detection/Raw_Data/healthy leaf/IMG_1229.JPG,IMG_1229.JPG,healthy_leaf,e23313fa2a01b0b0952d7288007f589eed1210a389420da54041537673b8897e,1200,800,RGB,210506,train
PHYTO_RAW_1222,Dataset of groundnut plant leaf images for classification and detection/Raw_Data/healthy leaf/IMG_1230.JPG,IMG_1230.JPG,healthy_leaf,4052de432a3410558d03c9a595b91f2004a03fade520c90c3aa1b63916fc1b85,1200,800,RGB,217535,train
PHYTO_RAW_1223,Dataset of groundnut plant leaf images for classification and detection/Raw_Data/healthy leaf/IMG_1231.JPG,IMG_1231.JPG,healthy_leaf,63e7918e0b8a4ee755397a686399c484b2f645e248f1646c1ea60eabf547c873,1200,800,RGB,187522,train
PHYTO_RAW_1224,Dataset of groundnut plant leaf images for classification and detection/Raw_Data/healthy leaf/IMG_1232.JPG,IMG_1232.JPG,healthy_leaf,d5728496fde7cb9f02e4137978174ef5f27a1439071396e0776048f01bffbe3d,1200,800,RGB,261929,train
PHYTO_RAW_1225,Dataset of groundnut plant leaf images for classification and detection/Raw_Data/healthy leaf/IMG_1233.JPG,IMG_1233.JPG,healthy_leaf,fba188f6d1f0ba1c9a21ed4f92625d03c3db6465cbb64d8fd73bad10756d449a,1200,800,RGB,199405,train
PHYTO_RAW_1226,Dataset of groundnut plant leaf images for classification and detection/Raw_Data/healthy leaf/IMG_1234.JPG,IMG_1234.JPG,healthy_leaf,8ecaa41e7c0ab644de68389914669b9f0c189aec4d5a5d1c6f767536abd15ff6,1200,800,RGB,300280,train
PHYTO_RAW_1227,Dataset of groundnut plant leaf images for classification and detection/Raw_Data/healthy leaf/IMG_1235.JPG,IMG_1235.JPG,healthy_leaf,fdf26018d2c85a29db2acf59f06031eeeb73e58eec0e0dd113747459aada4131,1200,800,RGB,250787,train
PHYTO_RAW_1228,Dataset of groundnut plant leaf images for classification and detection/Raw_Data/healthy leaf/IMG_1236.JPG,IMG_1236.JPG,healthy_leaf,8f580b437cb1b1a7d3a363aec39ddbb21bd5ca71d5961d27b8050f964d9c1b0c,1200,800,RGB,279797,train
PHYTO_RAW_1229,Dataset of groundnut plant leaf images for classification and detection/Raw_Data/healthy leaf/IMG_1237.JPG,IMG_1237.JPG,healthy_leaf,0fac5e9e371539ca901a7f431b6317014a65a0ebc9d38afdeaaa704373873546,1200,800,RGB,272579,train
PHYTO_RAW_1230,Dataset of groundnut plant leaf images for classification and detection/Raw_Data/healthy leaf/IMG_1238.JPG,IMG_1238.JPG,healthy_leaf,e6cbfcb31a54a5a9f41ddb6f269feb47f9d7a7c3dc658d83b5b41cf89cfde700,1200,800,RGB,284012,train
PHYTO_RAW_1231,Dataset of groundnut plant leaf images for classification and detection/Raw_Data/healthy leaf/IMG_1239.JPG,IMG_1239.JPG,healthy_leaf,aa7e18577fb565947ef543c3b87574e714f893caf310cf2a2c2c7ac4bc6a00d7,1200,800,RGB,247387,validation
PHYTO_RAW_1232,Dataset of groundnut plant leaf images for classification and detection/Raw_Data/healthy leaf/IMG_1240.JPG,IMG_1240.JPG,healthy_leaf,8b106f196561aa0710ab2f0db2ebec0cbef23823b63809d554c53c3983cfec14,1200,800,RGB,253972,train
PHYTO_RAW_1233,Dataset of groundnut plant leaf images for classification and detection/Raw_Data/healthy leaf/IMG_1241.JPG,IMG_1241.JPG,healthy_leaf,862deab07be80488ea06664dcac8a9274cba38bbd47bea233ec39d305e1b691f,1200,800,RGB,243012,train
PHYTO_RAW_1234,Dataset of groundnut plant leaf images for classification and detection/Raw_Data/healthy leaf/IMG_1242.JPG,IMG_1242.JPG,healthy_leaf,a2073e55a38f83094680f4707cd2e31bb30a072af85f864d84dbf01ebb2f33fa,1200,800,RGB,594315,validation
PHYTO_RAW_1235,Dataset of groundnut plant leaf images for classification and detection/Raw_Data/healthy leaf/IMG_1244.JPG,IMG_1244.JPG,healthy_leaf,1f4c7f8a6aaa862808e420983670caaeee41e291ba430a601adf7b233c4379f8,1200,800,RGB,235231,test
PHYTO_RAW_1236,Dataset of groundnut plant leaf images for classification and detection/Raw_Data/healthy leaf/IMG_1245.JPG,IMG_1245.JPG,healthy_leaf,333aa5457332a479920dc2da991c9e8a16d4949289e32d69e53440b882a09c25,1200,800,RGB,200457,train
PHYTO_RAW_1237,Dataset of groundnut plant leaf images for classification and detection/Raw_Data/healthy leaf/IMG_1246.JPG,IMG_1246.JPG,healthy_leaf,c335f7d0516acef5c072b576ae18fa44b9c74085bb342affc4772c9a0ec4322f,1200,800,RGB,273021,train
PHYTO_RAW_1238,Dataset of groundnut plant leaf images for classification and detection/Raw_Data/healthy leaf/IMG_1247.JPG,IMG_1247.JPG,healthy_leaf,93f135ce7357d489cb0631ad1c7b6a747448329007e35c127b94c459a34ae4b0,1200,800,RGB,243405,train
PHYTO_RAW_1239,Dataset of groundnut plant leaf images for classification and detection/Raw_Data/healthy leaf/IMG_1248.JPG,IMG_1248.JPG,healthy_leaf,d22b8fc8c8e6f1217a9f267205bf188f89eb7d2c3df3f3a9b7523415adf4ca1f,1200,800,RGB,256528,train
PHYTO_RAW_1240,Dataset of groundnut plant leaf images for classification and detection/Raw_Data/healthy leaf/IMG_1249.JPG,IMG_1249.JPG,healthy_leaf,e686c9c3598b98172eeec6d9a3745a7cdb1e9401eb6fd7d171015aa889d767a5,1200,800,RGB,306191,train
PHYTO_RAW_1241,Dataset of groundnut plant leaf images for classification and detection/Raw_Data/healthy leaf/IMG_1250.JPG,IMG_1250.JPG,healthy_leaf,9010dcc1634ebc76e370595b01e4173ce35fc9666c30e74307cb745326b79113,1200,800,RGB,242178,validation
PHYTO_RAW_1242,Dataset of groundnut plant leaf images for classification and detection/Raw_Data/healthy leaf/IMG_1251.JPG,IMG_1251.JPG,healthy_leaf,4aac83f20d483d3a2df64471e0f60df53b5a607cd757f786b172a49abd0f1af9,1200,800,RGB,248320,train
PHYTO_RAW_1243,Dataset of groundnut plant leaf images for classification and detection/Raw_Data/healthy leaf/IMG_1252.JPG,IMG_1252.JPG,healthy_leaf,1d0327a0f90307d7651280b3348afbbff9ebbd6dd14a0d08c04edef56f60a293,1200,800,RGB,223471,train
PHYTO_RAW_1244,Dataset of groundnut plant leaf images for classification and detection/Raw_Data/healthy leaf/IMG_1253.JPG,IMG_1253.JPG,healthy_leaf,0eeffc9a34219d271339f96054caa3a3569ff2fc46d7a6e64c1dd5df80690822,1200,800,RGB,206512,train
PHYTO_RAW_1245,Dataset of groundnut plant leaf images for classification and detection/Raw_Data/healthy leaf/IMG_1254.JPG,IMG_1254.JPG,healthy_leaf,1f3b9e2acd8038d9931a29dc4e15c93574e00ea2cbd4536b32c2dd42d76970e7,1200,800,RGB,264665,train
PHYTO_RAW_1246,Dataset of groundnut plant leaf images for classification and detection/Raw_Data/healthy leaf/IMG_1255.JPG,IMG_1255.JPG,healthy_leaf,4d59ca077e16c9986f9dfca1302157dec3419499292d20a14ab94de4aa33228c,1200,800,RGB,273801,train
PHYTO_RAW_1247,Dataset of groundnut plant leaf images for classification and detection/Raw_Data/healthy leaf/IMG_1256.JPG,IMG_1256.JPG,healthy_leaf,27fdd439dc0bf6671f3b1dd145183e83fd16f492e82f0c1b8c679998250698a4,1200,800,RGB,266496,train
PHYTO_RAW_1248,Dataset of groundnut plant leaf images for classification and detection/Raw_Data/healthy leaf/IMG_1257.JPG,IMG_1257.JPG,healthy_leaf,cd89f78598308891d4403343bf6dd6329e6d983a2ce545142c85d1add484ffba,1200,800,RGB,292931,validation
PHYTO_RAW_1249,Dataset of groundnut plant leaf images for classification and detection/Raw_Data/healthy leaf/IMG_1258.JPG,IMG_1258.JPG,healthy_leaf,6ea60c78aa2670748fc92c3bc197569389032555cea591584745a6a133ac2f06,1200,800,RGB,244849,train
PHYTO_RAW_1250,Dataset of groundnut plant leaf images for classification and detection/Raw_Data/healthy leaf/IMG_1259.JPG,IMG_1259.JPG,healthy_leaf,2a68e7f4309e0f0b3056bac8e207ac62e96c1d4caab5f76fec3f93323c3c86ab,1200,800,RGB,220384,train
PHYTO_RAW_1251,Dataset of groundnut plant leaf images for classification and detection/Raw_Data/healthy leaf/IMG_1260.JPG,IMG_1260.JPG,healthy_leaf,ec9fa3e105b2e9328d08dab3a0ec1b03061fb9fe5a03cb72c2ad9ad9bf329370,1200,800,RGB,216432,train
PHYTO_RAW_1252,Dataset of groundnut plant leaf images for classification and detection/Raw_Data/healthy leaf/IMG_1261.JPG,IMG_1261.JPG,healthy_leaf,5b4e8545a97832068919d1c71123b1c0bd677269698ec4f55c798fab48070e6e,1200,800,RGB,254998,train
PHYTO_RAW_1253,Dataset of groundnut plant leaf images for classification and detection/Raw_Data/healthy leaf/IMG_1262.JPG,IMG_1262.JPG,healthy_leaf,2dc72358ee7fe02e35d00a44a70482d477d732283a129bc59b6be60194dd56a0,1200,800,RGB,291855,train
PHYTO_RAW_1254,Dataset of groundnut plant leaf images for classification and detection/Raw_Data/healthy leaf/IMG_1263.JPG,IMG_1263.JPG,healthy_leaf,98978f6dbd2a3638a2188a58e367641b25b5edcb6769ea57e77c2d8ed70c99b8,1200,800,RGB,270169,test
PHYTO_RAW_1255,Dataset of groundnut plant leaf images for classification and detection/Raw_Data/healthy leaf/IMG_1264.JPG,IMG_1264.JPG,healthy_leaf,401513a80299dbce78ec47b902c7c00e61981871271270b9db47b165c3230d33,1200,800,RGB,244082,train
PHYTO_RAW_1256,Dataset of groundnut plant leaf images for classification and detection/Raw_Data/healthy leaf/IMG_1265.JPG,IMG_1265.JPG,healthy_leaf,54fde355f5ec0077930a175997fff5bed93a3c24ed9c339644dc8bb5aee4efba,1200,800,RGB,267974,validation
PHYTO_RAW_1257,Dataset of groundnut plant leaf images for classification and detection/Raw_Data/healthy leaf/IMG_1266.JPG,IMG_1266.JPG,healthy_leaf,c1919a46ccbe36924e4090a5b16b6a097b0184f3280fb859d705530fcf6b69a0,1200,800,RGB,237753,train
PHYTO_RAW_1258,Dataset of groundnut plant leaf images for classification and detection/Raw_Data/healthy leaf/IMG_1267.JPG,IMG_1267.JPG,healthy_leaf,f5ca0743438efc71b4e8967d6b6a408c82d533cc814965acec46b389b028a37e,1200,800,RGB,266169,train
PHYTO_RAW_1259,Dataset of groundnut plant leaf images for classification and detection/Raw_Data/healthy leaf/IMG_1268.JPG,IMG_1268.JPG,healthy_leaf,e442c6d66552ac97fbc7a2bbefe32c878877b7a8c95023f7c6557a31a8c26a93,1200,800,RGB,291151,train
PHYTO_RAW_1260,Dataset of groundnut plant leaf images for classification and detection/Raw_Data/healthy leaf/IMG_1269.JPG,IMG_1269.JPG,healthy_leaf,473b1b68740460ba0eaa1be6e1f2a048295b1751e54d5d24b0f189b278f5bd1d,1200,800,RGB,316141,train
PHYTO_RAW_1261,Dataset of groundnut plant leaf images for classification and detection/Raw_Data/healthy leaf/IMG_1270.JPG,IMG_1270.JPG,healthy_leaf,aa9009abbd83de9a84ab4f88d857365aae19f33426d01f5b6d72e40a6b6d6bfd,1200,800,RGB,344352,test
PHYTO_RAW_1262,Dataset of groundnut plant leaf images for classification and detection/Raw_Data/healthy leaf/IMG_1271.JPG,IMG_1271.JPG,healthy_leaf,61915693f8e455ba7875e9da3f969b92fa5d7e62de0bae3b51c18b3924cef71b,1200,800,RGB,547477,test
PHYTO_RAW_1263,Dataset of groundnut plant leaf images for classification and detection/Raw_Data/healthy leaf/IMG_1272.JPG,IMG_1272.JPG,healthy_leaf,4bf494402ae78b8f4e092fb5b663e18754c5b951fe91a4fefa3da3422d724b80,1200,800,RGB,432759,validation
PHYTO_RAW_1264,Dataset of groundnut plant leaf images for classification and detection/Raw_Data/healthy leaf/IMG_1273.JPG,IMG_1273.JPG,healthy_leaf,6137c243e4457c10d7a5d8ccaba785601d17ba0a64b27383f6b0baef426839d0,1200,800,RGB,210584,validation
PHYTO_RAW_1265,Dataset of groundnut plant leaf images for classification and detection/Raw_Data/healthy leaf/IMG_1274.JPG,IMG_1274.JPG,healthy_leaf,67a04839693809f5907653b228e12eb32708451189e18f8f57a9dceda34af611,1200,800,RGB,213248,train
PHYTO_RAW_1266,Dataset of groundnut plant leaf images for classification and detection/Raw_Data/healthy leaf/IMG_1275.JPG,IMG_1275.JPG,healthy_leaf,414f15d2091dbc6c6f4acc056f4550fc02b9e0ff2c38f3127bb2fee621c80c98,1200,800,RGB,247978,train
PHYTO_RAW_1267,Dataset of groundnut plant leaf images for classification and detection/Raw_Data/healthy leaf/IMG_1276.JPG,IMG_1276.JPG,healthy_leaf,606248f894d7e0877371825f82fc770370eec1719069bf382259f82366b1b5ba,1200,800,RGB,239745,train
PHYTO_RAW_1268,Dataset of groundnut plant leaf images for classification and detection/Raw_Data/healthy leaf/IMG_1277.JPG,IMG_1277.JPG,healthy_leaf,62722166186538c62f448eef541249c40b8a2836a9f687220441673e2f5e1ce9,1200,800,RGB,256167,train
PHYTO_RAW_1269,Dataset of groundnut plant leaf images for classification and detection/Raw_Data/healthy leaf/IMG_1278.JPG,IMG_1278.JPG,healthy_leaf,45829823f248022fbed61944d4bec46a629b293cd801e31165d5a2ddd2d7b27e,1200,800,RGB,241825,train
PHYTO_RAW_1270,Dataset of groundnut plant leaf images for classification and detection/Raw_Data/healthy leaf/IMG_1279.JPG,IMG_1279.JPG,healthy_leaf,f5f34d78878ff568e981c2873f5ec301e5ba0c7e45298440c37b55857fe2e5e0,1200,800,RGB,247088,train
PHYTO_RAW_1271,Dataset of groundnut plant leaf images for classification and detection/Raw_Data/healthy leaf/IMG_1280.JPG,IMG_1280.JPG,healthy_leaf,55b7b91fcf67496678fa657b2fbcba9d39bd3e663ccb5c5734ed5d715a4c1dc4,1200,800,RGB,213532,validation
PHYTO_RAW_1272,Dataset of groundnut plant leaf images for classification and detection/Raw_Data/healthy leaf/IMG_1281.JPG,IMG_1281.JPG,healthy_leaf,3744ba096a49826bbf68f9e2c19fe3c43360f0927324a4ba8dfebe6d74f5fe1b,1200,800,RGB,232573,train
PHYTO_RAW_1273,Dataset of groundnut plant leaf images for classification and detection/Raw_Data/healthy leaf/IMG_1282.JPG,IMG_1282.JPG,healthy_leaf,4f251018290a9cd347834e60c0ea9adc7016b13d68b066cb400f29514bd8954a,1200,800,RGB,216705,train
PHYTO_RAW_1274,Dataset of groundnut plant leaf images for classification and detection/Raw_Data/healthy leaf/IMG_1283.JPG,IMG_1283.JPG,healthy_leaf,5559067c550c3bd4836e705790919fcdb35e5d33b96e7c59624c48fb0cbd5f29,1200,800,RGB,198777,train
PHYTO_RAW_1275,Dataset of groundnut plant leaf images for classification and detection/Raw_Data/healthy leaf/IMG_1284.JPG,IMG_1284.JPG,healthy_leaf,ad5d646873b9e88484773f57dc13a6179b2e4152c3c0ee7dd5ecef8c0888f91b,1200,800,RGB,195376,train
PHYTO_RAW_1276,Dataset of groundnut plant leaf images for classification and detection/Raw_Data/healthy leaf/IMG_1285.JPG,IMG_1285.JPG,healthy_leaf,ee0f5a0f37ba0f289bfbab2bb1b36745213f0ca963b6506761f42ff4d2332022,1200,800,RGB,215314,validation
PHYTO_RAW_1277,Dataset of groundnut plant leaf images for classification and detection/Raw_Data/healthy leaf/IMG_1286.JPG,IMG_1286.JPG,healthy_leaf,b9e7d4aeb1e2688f885f44f68b7a1151aff81c744b5a874497ada24131e2814b,1200,800,RGB,248895,test
PHYTO_RAW_1278,Dataset of groundnut plant leaf images for classification and detection/Raw_Data/healthy leaf/IMG_1287.JPG,IMG_1287.JPG,healthy_leaf,fa3e690b35e9c59c2a09972a5197f80a3823b4abdec4f3d8d603bf1729539ffc,1200,800,RGB,315152,train
PHYTO_RAW_1279,Dataset of groundnut plant leaf images for classification and detection/Raw_Data/healthy leaf/IMG_1288.JPG,IMG_1288.JPG,healthy_leaf,65cad1d86bf479b164ee8a5fe93e76296d28a9d910197bbd6ac6d917e37f8fbe,1200,800,RGB,320011,test
PHYTO_RAW_1280,Dataset of groundnut plant leaf images for classification and detection/Raw_Data/healthy leaf/IMG_1289.JPG,IMG_1289.JPG,healthy_leaf,6f6fe1271ed770360e962aefa8d0f246a3d8e6984ca96bac6339c82886fa2d11,1200,800,RGB,221159,train
PHYTO_RAW_1281,Dataset of groundnut plant leaf images for classification and detection/Raw_Data/healthy leaf/IMG_1290.JPG,IMG_1290.JPG,healthy_leaf,902f6e04b83ee5bd9ae6d2c2d660ddc92a7265ac63959f80160ad697403daff3,1200,800,RGB,219765,validation
PHYTO_RAW_1282,Dataset of groundnut plant leaf images for classification and detection/Raw_Data/healthy leaf/IMG_1291.JPG,IMG_1291.JPG,healthy_leaf,c05f67167b93c9f0ab7f483263025c2daa8fb4e04337bce1f9fea344fbf35921,1200,800,RGB,220664,train
PHYTO_RAW_1283,Dataset of groundnut plant leaf images for classification and detection/Raw_Data/healthy leaf/IMG_1292.JPG,IMG_1292.JPG,healthy_leaf,6c6d3eede5de1ae9148ee7b1bf23f8bd1ac5de9c22db6bf22289fc54174ab563,1200,800,RGB,239900,train
PHYTO_RAW_1284,Dataset of groundnut plant leaf images for classification and detection/Raw_Data/healthy leaf/IMG_1293.JPG,IMG_1293.JPG,healthy_leaf,703dca565a6545f3afd42b664e1f66d03ecf41b662685761322fb41410fe6dbc,1200,800,RGB,233971,train
PHYTO_RAW_1285,Dataset of groundnut plant leaf images for classification and detection/Raw_Data/healthy leaf/IMG_1294.JPG,IMG_1294.JPG,healthy_leaf,ea62089b10995e499cafe9bb2fbc3d5197aaa89c3c477f76aefcd2bbec2ecfef,1200,800,RGB,211773,train
PHYTO_RAW_1286,Dataset of groundnut plant leaf images for classification and detection/Raw_Data/healthy leaf/IMG_1295.JPG,IMG_1295.JPG,healthy_leaf,33c11aac0c9b51762f0231e7dd4241b462afd53c4af72385e98735f227dc84e1,1200,800,RGB,228760,train
PHYTO_RAW_1287,Dataset of groundnut plant leaf images for classification and detection/Raw_Data/healthy leaf/IMG_1296.JPG,IMG_1296.JPG,healthy_leaf,a75d2b758c98be0aee03ffdc3452695af0f06d418f65dcfd024674be391b9324,1200,800,RGB,203861,validation
PHYTO_RAW_1288,Dataset of groundnut plant leaf images for classification and detection/Raw_Data/healthy leaf/IMG_1297.JPG,IMG_1297.JPG,healthy_leaf,72dcc94db5d86fa8a2464423124bc972363b2d825926afd07eadd3d04a4ba5c4,1200,800,RGB,237153,train
PHYTO_RAW_1289,Dataset of groundnut plant leaf images for classification and detection/Raw_Data/healthy leaf/IMG_1309.JPG,IMG_1309.JPG,healthy_leaf,b51516bb8d4224c23c33d681fe9c9dfa074d0d00775a579da436a5b66a37cae8,1200,800,RGB,219963,train
PHYTO_RAW_1290,Dataset of groundnut plant leaf images for classification and detection/Raw_Data/healthy leaf/IMG_1310.JPG,IMG_1310.JPG,healthy_leaf,5f8e21e14872a0c34e85433e1e97b97865701376e08f69a1ff4d1d8da63a7540,1200,800,RGB,223141,validation
PHYTO_RAW_1291,Dataset of groundnut plant leaf images for classification and detection/Raw_Data/healthy leaf/IMG_1311.JPG,IMG_1311.JPG,healthy_leaf,2993c0179748aea8737e4e0008fd19e3647e1f07d702d075ae816388804853f7,1200,800,RGB,211156,train
PHYTO_RAW_1292,Dataset of groundnut plant leaf images for classification and detection/Raw_Data/healthy leaf/IMG_1312.JPG,IMG_1312.JPG,healthy_leaf,be70bfd54d65d383acc890de3080114a76c4fd040425d12c93d3c935d40cde31,1200,800,RGB,199834,validation
PHYTO_RAW_1293,Dataset of groundnut plant leaf images for classification and detection/Raw_Data/healthy leaf/IMG_1313.JPG,IMG_1313.JPG,healthy_leaf,0f760a1b6d7633f6042ab9f2d621559a6fc9d85db79ec74334b6b7b7df70b081,1200,800,RGB,216492,train
PHYTO_RAW_1294,Dataset of groundnut plant leaf images for classification and detection/Raw_Data/healthy leaf/IMG_1314.JPG,IMG_1314.JPG,healthy_leaf,26188612af7de06fc613a6c0a0860e7cb6062bd407da7b175685a8bcc1f11f31,1200,800,RGB,236299,train
PHYTO_RAW_1295,Dataset of groundnut plant leaf images for classification and detection/Raw_Data/healthy leaf/IMG_1315.JPG,IMG_1315.JPG,healthy_leaf,76c64d382344d7d2d81b36facf2ff9cfe48c91c9668453416ebd53aedf9f37fb,1200,800,RGB,208912,test
PHYTO_RAW_1296,Dataset of groundnut plant leaf images for classification and detection/Raw_Data/healthy leaf/IMG_1316.JPG,IMG_1316.JPG,healthy_leaf,363a5cb6f5bd67475fc709272b643f4d8f55518a8b205aa42ce18c590a306cd1,1200,800,RGB,224824,validation
PHYTO_RAW_1297,Dataset of groundnut plant leaf images for classification and detection/Raw_Data/healthy leaf/IMG_1317.JPG,IMG_1317.JPG,healthy_leaf,e1f89f946490f2e0164958f0d8e8d744acd5fbcd3c4688b7a6071a7e14356402,1200,800,RGB,206577,train
PHYTO_RAW_1298,Dataset of groundnut plant leaf images for classification and detection/Raw_Data/healthy leaf/IMG_1318.JPG,IMG_1318.JPG,healthy_leaf,b2a8f7128d0fdbab0c267c175963e25fb3f03181d9e83b8f2c344036a41b79ab,1200,800,RGB,204257,train
PHYTO_RAW_1299,Dataset of groundnut plant leaf images for classification and detection/Raw_Data/healthy leaf/IMG_1319.JPG,IMG_1319.JPG,healthy_leaf,5a06f8c01a35cbac74b262fd834e677709ccf8a5da66abd54f2f562e8f426f9a,1200,800,RGB,239116,train
PHYTO_RAW_1300,Dataset of groundnut plant leaf images for classification and detection/Raw_Data/healthy leaf/IMG_1320.JPG,IMG_1320.JPG,healthy_leaf,b9c4bc68058e385e67b63a0e24bbc64179cf47b01667d425b1cf0321cb88bb98,1200,800,RGB,203370,train
PHYTO_RAW_1301,Dataset of groundnut plant leaf images for classification and detection/Raw_Data/healthy leaf/IMG_1321.JPG,IMG_1321.JPG,healthy_leaf,929e76baa81e809d92bec3d42b5692fd4a4c0ea5b1e95b32e3b25a4bdac853d0,1200,800,RGB,193502,train
PHYTO_RAW_1302,Dataset of groundnut plant leaf images for classification and detection/Raw_Data/healthy leaf/IMG_1322.JPG,IMG_1322.JPG,healthy_leaf,9d7162c4b576128662399184f095371986d9e50e0f6ba8f8016a46609414ded5,1200,800,RGB,228171,train
PHYTO_RAW_1303,Dataset of groundnut plant leaf images for classification and detection/Raw_Data/healthy leaf/IMG_1323.JPG,IMG_1323.JPG,healthy_leaf,180349cd05037372e16f2a722457efd4e6cfb0504b23b49d8f1052c08c14c482,1200,800,RGB,260773,validation
PHYTO_RAW_1304,Dataset of groundnut plant leaf images for classification and detection/Raw_Data/healthy leaf/IMG_1324.JPG,IMG_1324.JPG,healthy_leaf,0a97cd742ecb4d3725f212bf111b52bdf2705e030962a95b054473240e458890,1200,800,RGB,303586,test
PHYTO_RAW_1305,Dataset of groundnut plant leaf images for classification and detection/Raw_Data/healthy leaf/IMG_1325.JPG,IMG_1325.JPG,healthy_leaf,321ab26dd59267ffb8a76af46277593376a6553931c789305bf702dd8c176c9a,1200,800,RGB,323595,validation
PHYTO_RAW_1306,Dataset of groundnut plant leaf images for classification and detection/Raw_Data/healthy leaf/IMG_1326.JPG,IMG_1326.JPG,healthy_leaf,79849ce2484c74f2842dc51cf65dac243685f94829685adf339bc8f436303861,1200,800,RGB,211062,train
PHYTO_RAW_1307,Dataset of groundnut plant leaf images for classification and detection/Raw_Data/healthy leaf/IMG_1327.JPG,IMG_1327.JPG,healthy_leaf,f20b9bc00175abb35709cef1563108cbcb790922835e9282ba3ed63b953e4b5e,1200,800,RGB,213410,validation
PHYTO_RAW_1308,Dataset of groundnut plant leaf images for classification and detection/Raw_Data/healthy leaf/IMG_1328.JPG,IMG_1328.JPG,healthy_leaf,2051b708f987acfb0e3f7d8f2d79effb41daf042a6c9ceab2acdc9817e711790,1200,800,RGB,214409,train
PHYTO_RAW_1309,Dataset of groundnut plant leaf images for classification and detection/Raw_Data/healthy leaf/IMG_1329.JPG,IMG_1329.JPG,healthy_leaf,c0816df483b8f6058ede3687466ef58a5ab8ec8ebd5bb40103c9e852f2278922,1200,800,RGB,222038,train
PHYTO_RAW_1310,Dataset of groundnut plant leaf images for classification and detection/Raw_Data/healthy leaf/IMG_1330.JPG,IMG_1330.JPG,healthy_leaf,1b54aec6918db8b5594b5295fc047af7a0bdbfb551fd2febf6a46331a42f248d,1200,800,RGB,229058,test
PHYTO_RAW_1311,Dataset of groundnut plant leaf images for classification and detection/Raw_Data/healthy leaf/IMG_1331.JPG,IMG_1331.JPG,healthy_leaf,8986927d34c0060195f5f63c1c62e0129df80e575e009a85a0417d4b34e7b9bb,1200,800,RGB,207406,train
PHYTO_RAW_1312,Dataset of groundnut plant leaf images for classification and detection/Raw_Data/healthy leaf/IMG_1332.JPG,IMG_1332.JPG,healthy_leaf,305a62412305f94cbab74ba9145f1d318c3b207ed9c02f6a35ac57108042a0ea,1200,800,RGB,226521,train
PHYTO_RAW_1313,Dataset of groundnut plant leaf images for classification and detection/Raw_Data/healthy leaf/IMG_1333.JPG,IMG_1333.JPG,healthy_leaf,be999cc17acac0853dac364b0d5e8329e3324181a8a8546adbac303fef1d83be,1200,800,RGB,248792,train
PHYTO_RAW_1314,Dataset of groundnut plant leaf images for classification and detection/Raw_Data/healthy leaf/IMG_1334.JPG,IMG_1334.JPG,healthy_leaf,6d1e6c61bc69ddce5310dcdf022da12ae9cddb13293fcd92e18dbd1fe6d4ffc9,1200,800,RGB,177497,train
PHYTO_RAW_1315,Dataset of groundnut plant leaf images for classification and detection/Raw_Data/healthy leaf/IMG_1338.JPG,IMG_1338.JPG,healthy_leaf,c078a219602cc05b3e497bf5e25d310beb886f6194b8873fd50a4ffe31dfd4d4,1200,800,RGB,226114,train
PHYTO_RAW_1316,Dataset of groundnut plant leaf images for classification and detection/Raw_Data/healthy leaf/IMG_1339.JPG,IMG_1339.JPG,healthy_leaf,99751344839814e172bf28d6e908fe581c3fdcf327d0ec1d2750e788bdef6c2b,1200,800,RGB,254181,validation
PHYTO_RAW_1317,Dataset of groundnut plant leaf images for classification and detection/Raw_Data/healthy leaf/IMG_1340.JPG,IMG_1340.JPG,healthy_leaf,f7f70f468b0c865008d482aa40e8c7b9f288514866edd0de57e6840136471fea,1200,800,RGB,179198,train
PHYTO_RAW_1318,Dataset of groundnut plant leaf images for classification and detection/Raw_Data/healthy leaf/IMG_1341.JPG,IMG_1341.JPG,healthy_leaf,a065f17f1068959ca54949c9893afe9c1910fea790e805800c6f37a43cf23c2b,1200,800,RGB,198931,train
PHYTO_RAW_1319,Dataset of groundnut plant leaf images for classification and detection/Raw_Data/healthy leaf/IMG_1342.JPG,IMG_1342.JPG,healthy_leaf,d13a9add7c65738db5eb2e1ec5f3832abf45e5015f7ea948f31d5ca3d2a7fc52,1200,800,RGB,211713,train
PHYTO_RAW_1320,Dataset of groundnut plant leaf images for classification and detection/Raw_Data/healthy leaf/IMG_1343.JPG,IMG_1343.JPG,healthy_leaf,55214a3c51ae65ab266f028730a73b3e8cbf907a3474cdf093c52c9c01a6f1eb,1200,800,RGB,230622,test
PHYTO_RAW_1321,Dataset of groundnut plant leaf images for classification and detection/Raw_Data/healthy leaf/IMG_1344.JPG,IMG_1344.JPG,healthy_leaf,889f4575a9c078b4538b01817d2318b33456f5035a003b525db484cb915310fc,1200,800,RGB,243994,validation
PHYTO_RAW_1322,Dataset of groundnut plant leaf images for classification and detection/Raw_Data/healthy leaf/IMG_1345.JPG,IMG_1345.JPG,healthy_leaf,2420c68db4ae4a962a79d596fcc7de0efb3d1467029b7497b64e704fcfc4d3de,1200,800,RGB,208895,test
PHYTO_RAW_1323,Dataset of groundnut plant leaf images for classification and detection/Raw_Data/healthy leaf/IMG_1346.JPG,IMG_1346.JPG,healthy_leaf,6f233cff64910d19394bc4678b3e229e78a3e6fc464f81f4214b2e4f64a63b4f,1200,800,RGB,204503,train
PHYTO_RAW_1324,Dataset of groundnut plant leaf images for classification and detection/Raw_Data/healthy leaf/IMG_1347.JPG,IMG_1347.JPG,healthy_leaf,eee36453e9090e291512d8f72363924de2081edd83c1e6022f7cac7551d2d736,1200,800,RGB,186419,train
PHYTO_RAW_1325,Dataset of groundnut plant leaf images for classification and detection/Raw_Data/healthy leaf/IMG_1348.JPG,IMG_1348.JPG,healthy_leaf,d1bf7c2def53071ed06a33c898e266ea8e5cdd6ee8cfed338b730d5765a7b56b,1200,800,RGB,175969,train
PHYTO_RAW_1326,Dataset of groundnut plant leaf images for classification and detection/Raw_Data/healthy leaf/IMG_1349.JPG,IMG_1349.JPG,healthy_leaf,17cf87bcb7d3ecf7c14885150acea019fa7fea7f72b085ae154acb4b9694ee3a,1200,800,RGB,198347,test
PHYTO_RAW_1327,Dataset of groundnut plant leaf images for classification and detection/Raw_Data/healthy leaf/IMG_1350.JPG,IMG_1350.JPG,healthy_leaf,b71900eca1c108972552a582860fe4ec3aff1ae7a5cfb72feec4c5c8c46e2d1b,1200,800,RGB,219703,train
PHYTO_RAW_1328,Dataset of groundnut plant leaf images for classification and detection/Raw_Data/healthy leaf/IMG_1351.JPG,IMG_1351.JPG,healthy_leaf,cba1fb7a4176013fd16a60a33d2d0f3ceca25e44bb2a91717fdd33b1fc6796bc,1200,800,RGB,218467,test
PHYTO_RAW_1329,Dataset of groundnut plant leaf images for classification and detection/Raw_Data/healthy leaf/IMG_1352.JPG,IMG_1352.JPG,healthy_leaf,2f7608f59d70ee571ce4544341525ab51554483b47818b3fe3544a0552f74d57,1200,800,RGB,214626,train
PHYTO_RAW_1330,Dataset of groundnut plant leaf images for classification and detection/Raw_Data/healthy leaf/IMG_1364.JPG,IMG_1364.JPG,healthy_leaf,a61af6396823d227b104b20a141bf719dc5be4d0165f458de30e647c82dfae91,1200,800,RGB,280750,train
PHYTO_RAW_1331,Dataset of groundnut plant leaf images for classification and detection/Raw_Data/healthy leaf/IMG_1365.JPG,IMG_1365.JPG,healthy_leaf,16de0b1391484eb0320d616b1974bf608849fd964fff007e41046eda114c877e,1200,800,RGB,268677,test
PHYTO_RAW_1332,Dataset of groundnut plant leaf images for classification and detection/Raw_Data/healthy leaf/IMG_1366.JPG,IMG_1366.JPG,healthy_leaf,b64585daed819fe18634237d902793db98880ab2f8153877a740ba3e1a0af3d8,1200,800,RGB,243550,train
PHYTO_RAW_1333,Dataset of groundnut plant leaf images for classification and detection/Raw_Data/healthy leaf/IMG_1367.JPG,IMG_1367.JPG,healthy_leaf,ab023b7e9c46bc8fc0e743d5e3b1f3099bf27e27367245e183693b00d394b89f,1200,800,RGB,161903,validation
PHYTO_RAW_1334,Dataset of groundnut plant leaf images for classification and detection/Raw_Data/healthy leaf/IMG_1368.JPG,IMG_1368.JPG,healthy_leaf,90abcc3dd251ae65a14ef3aa958799392c3ffda4bb99c1df785d79c8b223d3d9,1200,800,RGB,176899,train
PHYTO_RAW_1335,Dataset of groundnut plant leaf images for classification and detection/Raw_Data/healthy leaf/IMG_1369.JPG,IMG_1369.JPG,healthy_leaf,56e8980ace853234366758045312621c12f6b6dd472fda5e884042aa993c3bb3,1200,800,RGB,178083,train
PHYTO_RAW_1336,Dataset of groundnut plant leaf images for classification and detection/Raw_Data/healthy leaf/IMG_1370.JPG,IMG_1370.JPG,healthy_leaf,eed8cdf10803b69ccf783af07511bce21dc9ee78f087357108d17979946a86cf,1200,800,RGB,178787,train
PHYTO_RAW_1337,Dataset of groundnut plant leaf images for classification and detection/Raw_Data/healthy leaf/IMG_1375.JPG,IMG_1375.JPG,healthy_leaf,86b8ef164f44c4405637e634767f96b4b8aae2a272bc5f37f3bbd2de457cb9d1,1200,800,RGB,231458,train
PHYTO_RAW_1338,Dataset of groundnut plant leaf images for classification and detection/Raw_Data/healthy leaf/IMG_1376.JPG,IMG_1376.JPG,healthy_leaf,6fd0ce761cdac8a19793e3ce0866ace1cd69b72bb74b9fbbe8848a2b2eff410c,1200,800,RGB,267315,train
PHYTO_RAW_1339,Dataset of groundnut plant leaf images for classification and detection/Raw_Data/healthy leaf/IMG_1377.JPG,IMG_1377.JPG,healthy_leaf,f94c23cac122d7f10991e03abcd9db7954722979387c5285fed4da082affc733,1200,800,RGB,267146,train
PHYTO_RAW_1340,Dataset of groundnut plant leaf images for classification and detection/Raw_Data/healthy leaf/IMG_1378.JPG,IMG_1378.JPG,healthy_leaf,e7fa4fe325b172d33adb2433675699c5fb7dde5c6f868e33d428840115aaf62e,1200,800,RGB,238293,train
PHYTO_RAW_1341,Dataset of groundnut plant leaf images for classification and detection/Raw_Data/healthy leaf/IMG_1379.JPG,IMG_1379.JPG,healthy_leaf,f8f5ef1cf3e647fe663567f4b0e7099ea0bc051478965d087d4399fa7e8a4a1f,1200,800,RGB,232702,train
PHYTO_RAW_1342,Dataset of groundnut plant leaf images for classification and detection/Raw_Data/healthy leaf/IMG_1380.JPG,IMG_1380.JPG,healthy_leaf,b48bc02929a1139b5134d9cb716833804b125c376bde3668cfd482b6399d4834,1200,800,RGB,222311,train
PHYTO_RAW_1343,Dataset of groundnut plant leaf images for classification and detection/Raw_Data/healthy leaf/IMG_1381.JPG,IMG_1381.JPG,healthy_leaf,59e9c0d15d6610cc89676e70626c1f76032ea10406729226575c25fbb813d890,1200,800,RGB,219980,train
PHYTO_RAW_1344,Dataset of groundnut plant leaf images for classification and detection/Raw_Data/healthy leaf/IMG_1382.JPG,IMG_1382.JPG,healthy_leaf,88eb2c5f35938b90e696bc48c6ca188171fb278f06f6918eb561f70881b5a187,1200,800,RGB,215530,test
PHYTO_RAW_1345,Dataset of groundnut plant leaf images for classification and detection/Raw_Data/healthy leaf/IMG_1383.JPG,IMG_1383.JPG,healthy_leaf,c16f23f820ecbf93e6ba2bde6f5ca7216d564c28541815cc11511a12e0e094e1,1200,800,RGB,211320,validation
PHYTO_RAW_1346,Dataset of groundnut plant leaf images for classification and detection/Raw_Data/healthy leaf/IMG_1384.JPG,IMG_1384.JPG,healthy_leaf,39952edef5b23b27968935a3beea99f509626375dad89eee5652535f75ad9f77,1200,800,RGB,259204,train
PHYTO_RAW_1347,Dataset of groundnut plant leaf images for classification and detection/Raw_Data/healthy leaf/IMG_1385.JPG,IMG_1385.JPG,healthy_leaf,e3031444b8dd2e3a6b8c7e73e3daadffb79bba523d31026cff41fdabce46f91d,1200,800,RGB,259000,validation
PHYTO_RAW_1348,Dataset of groundnut plant leaf images for classification and detection/Raw_Data/healthy leaf/IMG_1386.JPG,IMG_1386.JPG,healthy_leaf,fd0f2f14efe420f3ec0a17c44e622c71a87c12e31f17e49aa528595137c6945d,1200,800,RGB,224751,train
PHYTO_RAW_1349,Dataset of groundnut plant leaf images for classification and detection/Raw_Data/healthy leaf/IMG_1387.JPG,IMG_1387.JPG,healthy_leaf,5fc50d1cece87b456a26285ffd9ddf7440a7ac7dd391fe16e1677830ae0285b8,1200,800,RGB,209429,train
PHYTO_RAW_1350,Dataset of groundnut plant leaf images for classification and detection/Raw_Data/healthy leaf/IMG_1388.JPG,IMG_1388.JPG,healthy_leaf,ef6a38a90169a47ae4a3837ebd5aac750c597ee9f9948a2896f7121b6123a4f8,1200,800,RGB,271940,train
PHYTO_RAW_1351,Dataset of groundnut plant leaf images for classification and detection/Raw_Data/healthy leaf/IMG_1389.JPG,IMG_1389.JPG,healthy_leaf,37958088621a65c71ac133944c2b14fa10d9f6cb176fdda2c517f2f03302fa69,1200,800,RGB,252174,train
PHYTO_RAW_1352,Dataset of groundnut plant leaf images for classification and detection/Raw_Data/healthy leaf/IMG_1390.JPG,IMG_1390.JPG,healthy_leaf,1b2f72273f4dca13f0b00bc8f7db710e38408934fc84500f8e108be27ca48cfc,1200,800,RGB,247346,train
PHYTO_RAW_1353,Dataset of groundnut plant leaf images for classification and detection/Raw_Data/healthy leaf/IMG_1391.JPG,IMG_1391.JPG,healthy_leaf,c1515e08b9c447f191e4178aea88f472c70d1eb678d4df7340a5e2e231308198,1200,800,RGB,206476,test
PHYTO_RAW_1354,Dataset of groundnut plant leaf images for classification and detection/Raw_Data/healthy leaf/IMG_1392.JPG,IMG_1392.JPG,healthy_leaf,8114d48f3ffec0ee96926a062b71b2273fc5c1f9943dcaafbbb4322cb571a57a,1200,800,RGB,231958,train
PHYTO_RAW_1355,Dataset of groundnut plant leaf images for classification and detection/Raw_Data/healthy leaf/IMG_1393.JPG,IMG_1393.JPG,healthy_leaf,4f12e7319c58fd5c93586c454be45f473ded584e22004687a1b06321f90ae6cf,1200,800,RGB,248309,test
PHYTO_RAW_1356,Dataset of groundnut plant leaf images for classification and detection/Raw_Data/healthy leaf/IMG_1394.JPG,IMG_1394.JPG,healthy_leaf,4e84fbf473811640e1985415cb1a3a59dbf45e9a31d4abc9a970f32ac9de6b15,1200,800,RGB,564824,train
PHYTO_RAW_1357,Dataset of groundnut plant leaf images for classification and detection/Raw_Data/healthy leaf/IMG_1420.JPG,IMG_1420.JPG,healthy_leaf,48798b3e0d9823be3be1c1235f95966c631d8676d9703704ca98413a9eacea89,1200,800,RGB,251218,train
PHYTO_RAW_1358,Dataset of groundnut plant leaf images for classification and detection/Raw_Data/healthy leaf/IMG_1421.JPG,IMG_1421.JPG,healthy_leaf,fba2b890f1feacd6ec85e844a413130eb3412b508d289b63fa3ce42786e6643d,1200,800,RGB,253013,train
PHYTO_RAW_1359,Dataset of groundnut plant leaf images for classification and detection/Raw_Data/healthy leaf/IMG_1422.JPG,IMG_1422.JPG,healthy_leaf,1687a14a50eaee5319c984478dec36af1bcca3445ae7b56a1391ada8f63e1fa4,1200,800,RGB,221980,test
PHYTO_RAW_1360,Dataset of groundnut plant leaf images for classification and detection/Raw_Data/healthy leaf/IMG_1426.JPG,IMG_1426.JPG,healthy_leaf,7a5d2e26b48748ab3afb01ef79351e59204bd98832ed78d879042c73a6889c57,1200,800,RGB,265914,validation
PHYTO_RAW_1361,Dataset of groundnut plant leaf images for classification and detection/Raw_Data/healthy leaf/IMG_1427.JPG,IMG_1427.JPG,healthy_leaf,7162a9fd8d778844a0a0f108d7454f815d71bbcd4ed26f8d9b1ca2651778179e,1200,800,RGB,281042,train
PHYTO_RAW_1362,Dataset of groundnut plant leaf images for classification and detection/Raw_Data/healthy leaf/IMG_1428.JPG,IMG_1428.JPG,healthy_leaf,0732966c0c7895982ad502feee19c9f9aa8590d81db33a52d164c488a7e72995,1200,800,RGB,265128,train
PHYTO_RAW_1363,Dataset of groundnut plant leaf images for classification and detection/Raw_Data/healthy leaf/IMG_1429.JPG,IMG_1429.JPG,healthy_leaf,5a37557a31b1d0083a9ffc7002822766c658ae64fb053f501d39237e7f8d3892,1200,800,RGB,274065,validation
PHYTO_RAW_1364,Dataset of groundnut plant leaf images for classification and detection/Raw_Data/healthy leaf/IMG_1430.JPG,IMG_1430.JPG,healthy_leaf,704e553efae22d5f7df1e61497c00781d15469a574c322dbeb2205c210a65623,1200,800,RGB,277956,train
PHYTO_RAW_1365,Dataset of groundnut plant leaf images for classification and detection/Raw_Data/healthy leaf/IMG_1431.JPG,IMG_1431.JPG,healthy_leaf,bac3aae5d62965e65d40ae95196e67d4e91a6e31dcf1fb4c30d272d7e457df1a,1200,800,RGB,236068,train
PHYTO_RAW_1366,Dataset of groundnut plant leaf images for classification and detection/Raw_Data/healthy leaf/IMG_1432.JPG,IMG_1432.JPG,healthy_leaf,97b482be4747f8b7171ec59457e8bf926c80ec303bbb812fcc3b5085f03a1f9b,1200,800,RGB,234435,train
PHYTO_RAW_1367,Dataset of groundnut plant leaf images for classification and detection/Raw_Data/healthy leaf/IMG_1433.JPG,IMG_1433.JPG,healthy_leaf,be2427758507b658742d9cdb3c8db01c30f6112c1a3fbe29ea065d03bb962d5d,1200,800,RGB,206538,train
PHYTO_RAW_1368,Dataset of groundnut plant leaf images for classification and detection/Raw_Data/healthy leaf/IMG_1434.JPG,IMG_1434.JPG,healthy_leaf,628d04dcebd9d9a02c5b8efbbd1f823766d40fa3defc058eabefbd91b33449ef,1200,800,RGB,199249,train
PHYTO_RAW_1369,Dataset of groundnut plant leaf images for classification and detection/Raw_Data/healthy leaf/IMG_1435.JPG,IMG_1435.JPG,healthy_leaf,45bf5bf731cf9b4c17d6d8df1b439cee95bc65b10623c472d17783158badd3d1,1200,800,RGB,243492,train
PHYTO_RAW_1370,Dataset of groundnut plant leaf images for classification and detection/Raw_Data/healthy leaf/IMG_1436.JPG,IMG_1436.JPG,healthy_leaf,095c4dcb6701b6609d7e45bf91b946fd8a0fd35f18e09ff043c2f6211f2f1652,1200,800,RGB,253471,train
PHYTO_RAW_1371,Dataset of groundnut plant leaf images for classification and detection/Raw_Data/healthy leaf/IMG_1437.JPG,IMG_1437.JPG,healthy_leaf,9af65cc8a036a801008dccd58709f66e523d485dd76a8f85f6cfb05a9e62c05d,1200,800,RGB,277156,train
PHYTO_RAW_1372,Dataset of groundnut plant leaf images for classification and detection/Raw_Data/healthy leaf/IMG_1438.JPG,IMG_1438.JPG,healthy_leaf,8ec05bde19bf7811a308307dc4adac0ce01e57951becf98d90a542f1f3b95b9b,1200,800,RGB,276609,train
PHYTO_RAW_1373,Dataset of groundnut plant leaf images for classification and detection/Raw_Data/healthy leaf/IMG_1439.JPG,IMG_1439.JPG,healthy_leaf,2e46666c4f58f114cbb063c2d08f632afd7ca3ad8c647899ab50ded60a553590,1200,800,RGB,354020,train
PHYTO_RAW_1374,Dataset of groundnut plant leaf images for classification and detection/Raw_Data/healthy leaf/IMG_1440.JPG,IMG_1440.JPG,healthy_leaf,14bfcced67f847d905cca2d514ca84ddfcb21cd285dd47208cb3075b4873b850,1200,800,RGB,624217,train
PHYTO_RAW_1375,Dataset of groundnut plant leaf images for classification and detection/Raw_Data/healthy leaf/IMG_1444.JPG,IMG_1444.JPG,healthy_leaf,7f17adfd4a96b757b3149c078e60bb66c048a8dcd2168cec98f249bfb6055337,1200,800,RGB,268871,train
PHYTO_RAW_1376,Dataset of groundnut plant leaf images for classification and detection/Raw_Data/healthy leaf/IMG_1445.JPG,IMG_1445.JPG,healthy_leaf,72af938dfb69fa53c345379b45873acf03fc3bcec744c0c06854c932d3917210,1200,800,RGB,269890,train
PHYTO_RAW_1377,Dataset of groundnut plant leaf images for classification and detection/Raw_Data/healthy leaf/IMG_1446.JPG,IMG_1446.JPG,healthy_leaf,a571f0c4da15a669c2efab179226e6ea054de5157bcbfcd1f52beefb333815de,1200,800,RGB,322788,train
PHYTO_RAW_1378,Dataset of groundnut plant leaf images for classification and detection/Raw_Data/healthy leaf/IMG_1447.JPG,IMG_1447.JPG,healthy_leaf,84eed4fd2259ba6361546e010616b12fe2bd1535514cee66b5f33a30b051519f,1200,800,RGB,296539,train
PHYTO_RAW_1379,Dataset of groundnut plant leaf images for classification and detection/Raw_Data/healthy leaf/IMG_1448.JPG,IMG_1448.JPG,healthy_leaf,2ff4e2d5c31195a569844b4d978c363971653c0b7c3832b25b15c6b64741c62e,1200,800,RGB,245489,train
PHYTO_RAW_1380,Dataset of groundnut plant leaf images for classification and detection/Raw_Data/healthy leaf/IMG_1449.JPG,IMG_1449.JPG,healthy_leaf,a42d04f0958db1a2cf7cef137647c3ed6f12a2e986176214f883f9ecbc79a7be,1200,800,RGB,247920,train
PHYTO_RAW_1381,Dataset of groundnut plant leaf images for classification and detection/Raw_Data/healthy leaf/IMG_1450.JPG,IMG_1450.JPG,healthy_leaf,2adbccb55ad3f406338d5abf40c73500af25374ae2bcc0aa22b53fe7f897c3ac,1200,800,RGB,260177,train
PHYTO_RAW_1382,Dataset of groundnut plant leaf images for classification and detection/Raw_Data/healthy leaf/IMG_1451.JPG,IMG_1451.JPG,healthy_leaf,ca0a1e22011ea75bb8fb43787eb10fcf42c1fde1148ac7ff2621a9d19c6f3fb0,1200,800,RGB,219703,train
PHYTO_RAW_1383,Dataset of groundnut plant leaf images for classification and detection/Raw_Data/healthy leaf/IMG_1452.JPG,IMG_1452.JPG,healthy_leaf,969cf66ac3885268f4aec482c60d893208c3a73ce49e3d4f672eadbc2aaf1e2c,1200,800,RGB,257070,train
PHYTO_RAW_1384,Dataset of groundnut plant leaf images for classification and detection/Raw_Data/healthy leaf/IMG_1453.JPG,IMG_1453.JPG,healthy_leaf,150bfa093408bbdac467087ed26ccdcbe5c63f104a8c80139189ca7a420deaf9,1200,800,RGB,262201,train
PHYTO_RAW_1385,Dataset of groundnut plant leaf images for classification and detection/Raw_Data/healthy leaf/IMG_1454.JPG,IMG_1454.JPG,healthy_leaf,42c8d36f6f3e675035689873a8d07b2b316c35188b45c2fbae5523694203a933,1200,800,RGB,276960,validation
PHYTO_RAW_1386,Dataset of groundnut plant leaf images for classification and detection/Raw_Data/healthy leaf/IMG_1455.JPG,IMG_1455.JPG,healthy_leaf,3a49956bcccddaacc2b58de16848b520ba075a40a193d2e9988690172f82fd49,1200,800,RGB,250657,train
PHYTO_RAW_1387,Dataset of groundnut plant leaf images for classification and detection/Raw_Data/healthy leaf/IMG_1456.JPG,IMG_1456.JPG,healthy_leaf,f145cbabbd6290bb7d9e5205a5dff5892aeaa2a8c83972dc62a76be6a98ec203,1200,800,RGB,235385,train
PHYTO_RAW_1388,Dataset of groundnut plant leaf images for classification and detection/Raw_Data/healthy leaf/IMG_1457.JPG,IMG_1457.JPG,healthy_leaf,de728f1771706b70fa753264e86c55b1d2f572a397fd4b37a8e4783ace63f5c0,1200,800,RGB,233821,test
PHYTO_RAW_1389,Dataset of groundnut plant leaf images for classification and detection/Raw_Data/healthy leaf/IMG_1458.JPG,IMG_1458.JPG,healthy_leaf,1faf5c072b4ce4233ed1aa35fc0b0361d0783d950f34269d429d82e37143296e,1200,800,RGB,254488,test
PHYTO_RAW_1390,Dataset of groundnut plant leaf images for classification and detection/Raw_Data/healthy leaf/IMG_1459.JPG,IMG_1459.JPG,healthy_leaf,7b07c14edf859999fcae10e5c1ecc45fbe60d65c5b41f8c0fe4d9d3941df4b5c,1200,800,RGB,242233,train
PHYTO_RAW_1391,Dataset of groundnut plant leaf images for classification and detection/Raw_Data/healthy leaf/IMG_1460.JPG,IMG_1460.JPG,healthy_leaf,78c76a1b25d201f3fc5e683a67b655adb9b73c72ec16a319a340a6655a8fc140,1200,800,RGB,254316,train
PHYTO_RAW_1392,Dataset of groundnut plant leaf images for classification and detection/Raw_Data/healthy leaf/IMG_1461.JPG,IMG_1461.JPG,healthy_leaf,05bdd89571d68acaf574e881365d2d17e0462e24a01e87b98de4450ea3954125,1200,800,RGB,263288,train
PHYTO_RAW_1393,Dataset of groundnut plant leaf images for classification and detection/Raw_Data/healthy leaf/IMG_1462.JPG,IMG_1462.JPG,healthy_leaf,493372ef4926781ff629d066b57a3a3c2ae109d0d4568a834b9a4cdf03567fcb,1200,800,RGB,258207,train
PHYTO_RAW_1394,Dataset of groundnut plant leaf images for classification and detection/Raw_Data/healthy leaf/IMG_1463.JPG,IMG_1463.JPG,healthy_leaf,df6f9c9217e1636b3b2975599f5619df0c35e2a328c3af002663e5d0456a5732,1200,800,RGB,234343,train
PHYTO_RAW_1395,Dataset of groundnut plant leaf images for classification and detection/Raw_Data/healthy leaf/IMG_1464.JPG,IMG_1464.JPG,healthy_leaf,ec5dd721080347b6146767824d2ace96cd57a264f26e3de6bbfe6730400450b7,1200,800,RGB,257098,train
PHYTO_RAW_1396,Dataset of groundnut plant leaf images for classification and detection/Raw_Data/healthy leaf/IMG_1465.JPG,IMG_1465.JPG,healthy_leaf,97ea7eb9eb53ab68fd2b6b9337994000f177ec65015112c1bf5c571d24a970f7,1200,800,RGB,275522,test
PHYTO_RAW_1397,Dataset of groundnut plant leaf images for classification and detection/Raw_Data/healthy leaf/IMG_1466.JPG,IMG_1466.JPG,healthy_leaf,18d79810893a2eedc5cf5b97f130a4874ff3f4ded96a804a8be89c4fbbb9772f,1200,800,RGB,309526,train
PHYTO_RAW_1398,Dataset of groundnut plant leaf images for classification and detection/Raw_Data/healthy leaf/IMG_1467.JPG,IMG_1467.JPG,healthy_leaf,abb420527d28923fdb04f29a4cd9c8c9576d1c4d018fcc90e1f0b37f3d36cd5c,1200,800,RGB,271464,test
PHYTO_RAW_1399,Dataset of groundnut plant leaf images for classification and detection/Raw_Data/healthy leaf/IMG_1468.JPG,IMG_1468.JPG,healthy_leaf,dd3930a57d1984522ec72443d0dcbe82f2a259689fa2319a494c70ce6f83f32c,1200,800,RGB,215429,train
PHYTO_RAW_1400,Dataset of groundnut plant leaf images for classification and detection/Raw_Data/healthy leaf/IMG_1469.JPG,IMG_1469.JPG,healthy_leaf,6ccbed9cc9870cf3d58acfbc6d37035a29c0bc2adb93653a247f2cf3cf9f5ac8,1200,800,RGB,257135,train
PHYTO_RAW_1401,Dataset of groundnut plant leaf images for classification and detection/Raw_Data/healthy leaf/IMG_1470.JPG,IMG_1470.JPG,healthy_leaf,27655ee18288c749afe1b7dec1b78f9e7b7e5d43804345626d4abe22a6620e64,1200,800,RGB,279662,test
PHYTO_RAW_1402,Dataset of groundnut plant leaf images for classification and detection/Raw_Data/healthy leaf/IMG_1471.JPG,IMG_1471.JPG,healthy_leaf,7279c68b49698f36ef90052ce757fec216763473f8adc215f57e6e214e545593,1200,800,RGB,281576,validation
PHYTO_RAW_1403,Dataset of groundnut plant leaf images for classification and detection/Raw_Data/healthy leaf/IMG_1472.JPG,IMG_1472.JPG,healthy_leaf,2f1dafaec51f63fa4f2e4a8f3942ab85be79d58a897a35386e21a2f29fbf2a8a,1200,800,RGB,259185,test
PHYTO_RAW_1404,Dataset of groundnut plant leaf images for classification and detection/Raw_Data/healthy leaf/IMG_1473.JPG,IMG_1473.JPG,healthy_leaf,74a5906713d7a7415112a86b5c4576e6fbed8d91d53d18dccd951601da366674,1200,800,RGB,240261,train
PHYTO_RAW_1405,Dataset of groundnut plant leaf images for classification and detection/Raw_Data/healthy leaf/IMG_1474.JPG,IMG_1474.JPG,healthy_leaf,149c0aa9fc70f6935801e9075e5768ff52f630be1cd18ae84a861771534c477c,1200,800,RGB,263836,train
PHYTO_RAW_1406,Dataset of groundnut plant leaf images for classification and detection/Raw_Data/healthy leaf/IMG_1475.JPG,IMG_1475.JPG,healthy_leaf,e06c0d70a75b0b4b32fefafd975bccbb7ab82d6a41e3faf7a47c5dbebc489f5d,1200,800,RGB,289792,train
PHYTO_RAW_1407,Dataset of groundnut plant leaf images for classification and detection/Raw_Data/healthy leaf/IMG_1476.JPG,IMG_1476.JPG,healthy_leaf,ecf83ae3fc14020562026f19b4132864012692f7bc187caca018507faf943a05,1200,800,RGB,304217,validation
PHYTO_RAW_1408,Dataset of groundnut plant leaf images for classification and detection/Raw_Data/healthy leaf/IMG_1477.JPG,IMG_1477.JPG,healthy_leaf,5c59a24467e38d359e5f5f8aa97e5c9a318ef7591743e26325b679024d192dd9,1200,800,RGB,316067,train
PHYTO_RAW_1409,Dataset of groundnut plant leaf images for classification and detection/Raw_Data/healthy leaf/IMG_1478.JPG,IMG_1478.JPG,healthy_leaf,60128bee1fc683e4057caef6f7e3883ab70d715a570178fbe204c28ff5795da4,1200,800,RGB,333412,train
PHYTO_RAW_1410,Dataset of groundnut plant leaf images for classification and detection/Raw_Data/healthy leaf/IMG_1479.JPG,IMG_1479.JPG,healthy_leaf,1ace968a00957cbc4ecfa334857fae45a77991eaa0844211761f48d9065a4b7a,1200,800,RGB,289177,test
PHYTO_RAW_1411,Dataset of groundnut plant leaf images for classification and detection/Raw_Data/healthy leaf/IMG_1480.JPG,IMG_1480.JPG,healthy_leaf,fb44b9a8769a2d246ed790034bfcf4c86f3d04766415e91b7116aaecc50a949e,1200,800,RGB,276525,validation
PHYTO_RAW_1412,Dataset of groundnut plant leaf images for classification and detection/Raw_Data/healthy leaf/IMG_1481.JPG,IMG_1481.JPG,healthy_leaf,bd0ee0d514dfde71a3834d74884f3499626eb0cabef7df57ef6715c57d53750f,1200,800,RGB,261144,train
PHYTO_RAW_1413,Dataset of groundnut plant leaf images for classification and detection/Raw_Data/healthy leaf/IMG_1482.JPG,IMG_1482.JPG,healthy_leaf,e2fd35486bfd0ba5b7b36b810ac0750f615f99788d396aa15e666cf22256e42c,1200,800,RGB,296479,train
PHYTO_RAW_1414,Dataset of groundnut plant leaf images for classification and detection/Raw_Data/healthy leaf/IMG_1483.JPG,IMG_1483.JPG,healthy_leaf,08369f2aaebfbecedc8b30afaf954f881adcf6e45f63317db2b3f50e13891e4e,1200,800,RGB,287587,train
PHYTO_RAW_1415,Dataset of groundnut plant leaf images for classification and detection/Raw_Data/healthy leaf/IMG_1484.JPG,IMG_1484.JPG,healthy_leaf,2b282ba733b80f781271ff90c2b9ff7396de9c063f233bcca6b46df3e9ed5579,1200,800,RGB,310326,train
PHYTO_RAW_1416,Dataset of groundnut plant leaf images for classification and detection/Raw_Data/healthy leaf/IMG_1485.JPG,IMG_1485.JPG,healthy_leaf,74df69dbdaff975848689b342edf925340fe528d7e98dc6e999d19b502ef1dbc,1200,800,RGB,300972,train
PHYTO_RAW_1417,Dataset of groundnut plant leaf images for classification and detection/Raw_Data/healthy leaf/IMG_1486.JPG,IMG_1486.JPG,healthy_leaf,afac34221aff5682289c3c6fc6e39d38edccb4ca248807f766a18c02240e6bc7,1200,800,RGB,288604,test
PHYTO_RAW_1418,Dataset of groundnut plant leaf images for classification and detection/Raw_Data/healthy leaf/IMG_1487.JPG,IMG_1487.JPG,healthy_leaf,b7c3646a3c72726a30163c3cf29d82cfa5c5b5843832211de6c42d51bde51509,1200,800,RGB,291606,train
PHYTO_RAW_1419,Dataset of groundnut plant leaf images for classification and detection/Raw_Data/healthy leaf/IMG_1488.JPG,IMG_1488.JPG,healthy_leaf,da46b5178c7dcc58511604c7f827dc88ae3bb8dfb17243bbd26f41a438fd15e9,1200,800,RGB,312629,train
PHYTO_RAW_1420,Dataset of groundnut plant leaf images for classification and detection/Raw_Data/healthy leaf/IMG_1489.JPG,IMG_1489.JPG,healthy_leaf,b2fe3d99fec83cdecd32ea893d15a0038101008c6079dc867191ddf7a42cb2d8,1200,800,RGB,316286,train
PHYTO_RAW_1421,Dataset of groundnut plant leaf images for classification and detection/Raw_Data/healthy leaf/IMG_1490.JPG,IMG_1490.JPG,healthy_leaf,bcd441c9f7b10d6a3ad8a6419a3d0ca79577bc80bed8abb304dd3599644f9c26,1200,800,RGB,325647,train
PHYTO_RAW_1422,Dataset of groundnut plant leaf images for classification and detection/Raw_Data/healthy leaf/IMG_1582.JPG,IMG_1582.JPG,healthy_leaf,504b547b5883b793fd0b0ce7934860860f87395ebc29280501a0c16b6ec9fcbb,1200,800,RGB,234963,test
PHYTO_RAW_1423,Dataset of groundnut plant leaf images for classification and detection/Raw_Data/healthy leaf/IMG_1583.JPG,IMG_1583.JPG,healthy_leaf,9a345ae0fe9839f80bc5b46dba6e959671058c52a6d30a176949e0bd2129d3b5,1200,800,RGB,236668,train
PHYTO_RAW_1424,Dataset of groundnut plant leaf images for classification and detection/Raw_Data/healthy leaf/IMG_1584.JPG,IMG_1584.JPG,healthy_leaf,5c4bccd51a4c3dfb2d321992b4413ec2021c03d51be3460f92e434cdfcd05c84,1200,800,RGB,181998,train
PHYTO_RAW_1425,Dataset of groundnut plant leaf images for classification and detection/Raw_Data/healthy leaf/IMG_1585.JPG,IMG_1585.JPG,healthy_leaf,86792b57e3fc98339d25d29826215cd5ca1d718e1fdbf63f411820f9ea066b27,1200,800,RGB,263313,train
PHYTO_RAW_1426,Dataset of groundnut plant leaf images for classification and detection/Raw_Data/healthy leaf/IMG_1586.JPG,IMG_1586.JPG,healthy_leaf,bbdf0617861d2fff2cd7af496410f3ca9e352fad12ed28a578e8c2909a1a9e1f,1200,800,RGB,222179,train
PHYTO_RAW_1427,Dataset of groundnut plant leaf images for classification and detection/Raw_Data/healthy leaf/IMG_1587.JPG,IMG_1587.JPG,healthy_leaf,a34de88b26b852ad4e90855c8e5b4fd0aababf09d8b8ea7ceabd162b9d251ee6,1200,800,RGB,255933,train
PHYTO_RAW_1428,Dataset of groundnut plant leaf images for classification and detection/Raw_Data/healthy leaf/IMG_1588.JPG,IMG_1588.JPG,healthy_leaf,3c96f6af6d6406b519f677216f658d12e10e54452754ea2f456bc144e826df46,1200,800,RGB,201474,test
PHYTO_RAW_1429,Dataset of groundnut plant leaf images for classification and detection/Raw_Data/healthy leaf/IMG_1589.JPG,IMG_1589.JPG,healthy_leaf,235a5977a019f5c081c5fc4c23538e37cfa29dddba909613b560e02692801ee1,1200,800,RGB,195415,train
PHYTO_RAW_1430,Dataset of groundnut plant leaf images for classification and detection/Raw_Data/healthy leaf/IMG_1590.JPG,IMG_1590.JPG,healthy_leaf,d27f42a6aeb5119fcc24e6be2727f5959fcacf3ad3ff67e3469e59460b917251,1200,800,RGB,246476,train
PHYTO_RAW_1431,Dataset of groundnut plant leaf images for classification and detection/Raw_Data/healthy leaf/IMG_1591.JPG,IMG_1591.JPG,healthy_leaf,47d5cc894f477d41efc3f7697ca7a78775bf6be75e45c4fc6e06534f8b948dca,1200,800,RGB,254306,train
PHYTO_RAW_1432,Dataset of groundnut plant leaf images for classification and detection/Raw_Data/healthy leaf/IMG_1592.JPG,IMG_1592.JPG,healthy_leaf,a5dc10e8f4fc7db15864a1922fcb55adbe8523d1db97de80762608a26f92ae53,1200,800,RGB,226394,test
PHYTO_RAW_1433,Dataset of groundnut plant leaf images for classification and detection/Raw_Data/healthy leaf/IMG_1593.JPG,IMG_1593.JPG,healthy_leaf,fadc98c587a8de6488c10c5ad1d2379b8990ebede5e26f551e9591485a8cdcc7,1200,800,RGB,254858,test
PHYTO_RAW_1434,Dataset of groundnut plant leaf images for classification and detection/Raw_Data/healthy leaf/IMG_1594.JPG,IMG_1594.JPG,healthy_leaf,d70e0a9a0f2d872c46a932d2a7ce0f004b964bc9447d46f16ed2563a64730622,1200,800,RGB,232417,train
PHYTO_RAW_1435,Dataset of groundnut plant leaf images for classification and detection/Raw_Data/healthy leaf/IMG_1595.JPG,IMG_1595.JPG,healthy_leaf,158a1e2a8166e7ddc8a458ac010d6185dfa2ff8ddbdfc34bc71ea8e232b6bf6e,1200,800,RGB,235841,test
PHYTO_RAW_1436,Dataset of groundnut plant leaf images for classification and detection/Raw_Data/healthy leaf/IMG_1596.JPG,IMG_1596.JPG,healthy_leaf,97281eebb393bd4c4136e09c764aca47849f04ce40e9f25cf4f5c8309a3b3073,1200,800,RGB,247574,train
PHYTO_RAW_1437,Dataset of groundnut plant leaf images for classification and detection/Raw_Data/healthy leaf/IMG_1597.JPG,IMG_1597.JPG,healthy_leaf,3a8de615800148e65193db56d4be5399b5c382832f88dc1ae17694a4265f219f,1200,800,RGB,240266,train
PHYTO_RAW_1438,Dataset of groundnut plant leaf images for classification and detection/Raw_Data/healthy leaf/IMG_1598.JPG,IMG_1598.JPG,healthy_leaf,f1000a8424612358dcee64c4ccc2886fb85f11f7429e5a597b160c97062ba9ca,1200,800,RGB,245931,train
PHYTO_RAW_1439,Dataset of groundnut plant leaf images for classification and detection/Raw_Data/healthy leaf/IMG_1599.JPG,IMG_1599.JPG,healthy_leaf,dedcbb0140eabe27c149454b280764c628355bcaf4fb9c96232d7b956ff4313e,1200,800,RGB,254469,test
PHYTO_RAW_1440,Dataset of groundnut plant leaf images for classification and detection/Raw_Data/healthy leaf/IMG_1600.JPG,IMG_1600.JPG,healthy_leaf,443dc83aba2f0f1fdffd35628bf0d71053efa8b3f6e3aecaa5a3af56e8fad1af,1200,800,RGB,224622,train
PHYTO_RAW_1441,Dataset of groundnut plant leaf images for classification and detection/Raw_Data/healthy leaf/IMG_1601.JPG,IMG_1601.JPG,healthy_leaf,8e789a5a300de79d93ef8416877bf2d31ed6843f011802256921fb382ac69ddf,1200,800,RGB,260298,train
PHYTO_RAW_1442,Dataset of groundnut plant leaf images for classification and detection/Raw_Data/healthy leaf/IMG_1602.JPG,IMG_1602.JPG,healthy_leaf,87fb9e3e7772ade225b71c851dfc6db60559f8bde21276b387763c9fda535cee,1200,800,RGB,247306,train
PHYTO_RAW_1443,Dataset of groundnut plant leaf images for classification and detection/Raw_Data/healthy leaf/IMG_1603.JPG,IMG_1603.JPG,healthy_leaf,b7a6cbd427c02bc46fc2907420fa9b5967942df7aa72d6dcea6f1d31e8301f1f,1200,800,RGB,237433,train
PHYTO_RAW_1444,Dataset of groundnut plant leaf images for classification and detection/Raw_Data/healthy leaf/IMG_1604.JPG,IMG_1604.JPG,healthy_leaf,5e1a4ad6d4bed6f61a329794b51c6d0996621f454a5c01e36da179c440a6942a,1200,800,RGB,253718,test
PHYTO_RAW_1445,Dataset of groundnut plant leaf images for classification and detection/Raw_Data/healthy leaf/IMG_1605.JPG,IMG_1605.JPG,healthy_leaf,0fddedf2b9fd3d84d1cfd37ec8aefa65a0d7b39e3a16577ebed5b92e3ba4dceb,1200,800,RGB,256956,train
PHYTO_RAW_1446,Dataset of groundnut plant leaf images for classification and detection/Raw_Data/healthy leaf/IMG_1606.JPG,IMG_1606.JPG,healthy_leaf,833019070d06367b180742d457a157373685a708c428301389c62317d243d163,1200,800,RGB,260782,train
PHYTO_RAW_1447,Dataset of groundnut plant leaf images for classification and detection/Raw_Data/healthy leaf/IMG_1607.JPG,IMG_1607.JPG,healthy_leaf,77d659fc73b82bb4370af3f983ce203cd0826d75a932686ed2fff114f8573937,1200,800,RGB,221758,train
PHYTO_RAW_1448,Dataset of groundnut plant leaf images for classification and detection/Raw_Data/healthy leaf/IMG_1608.JPG,IMG_1608.JPG,healthy_leaf,d612ea876cbc98529f843854aaf75ed864ac181084ffb6da11e9cf2940bc8723,1200,800,RGB,216575,train
PHYTO_RAW_1449,Dataset of groundnut plant leaf images for classification and detection/Raw_Data/healthy leaf/IMG_1609.JPG,IMG_1609.JPG,healthy_leaf,589241607e4fceeed3b58195c8ab1890a3801f4c3c01e074df7cbee06bd6a33a,1200,800,RGB,232043,train
PHYTO_RAW_1450,Dataset of groundnut plant leaf images for classification and detection/Raw_Data/healthy leaf/IMG_1610.JPG,IMG_1610.JPG,healthy_leaf,3fcb0cc4b1cfb427e2504dca4d08746106406dbef50458167d0b1e2814b196ae,1200,800,RGB,229992,train
PHYTO_RAW_1451,Dataset of groundnut plant leaf images for classification and detection/Raw_Data/healthy leaf/IMG_1611.JPG,IMG_1611.JPG,healthy_leaf,9bf0cbee73ca02226f23a350006f76d1cfc15b7e5ade7917f8e8ce99d040f82b,1200,800,RGB,236750,train
PHYTO_RAW_1452,Dataset of groundnut plant leaf images for classification and detection/Raw_Data/healthy leaf/IMG_1615.JPG,IMG_1615.JPG,healthy_leaf,93b0886885e8285ebf9c93fcc7584590abd520cba90a9e37df8c997d391a58f7,1200,800,RGB,190464,validation
PHYTO_RAW_1453,Dataset of groundnut plant leaf images for classification and detection/Raw_Data/healthy leaf/IMG_1616.JPG,IMG_1616.JPG,healthy_leaf,f975fcfd1852ccad2a091e48e982470fd1b738478433caa0c6918f93258f446a,1200,800,RGB,262386,train
PHYTO_RAW_1454,Dataset of groundnut plant leaf images for classification and detection/Raw_Data/healthy leaf/IMG_1617.JPG,IMG_1617.JPG,healthy_leaf,6b19c00ca6cdcca965ba801324d935d18d31f2de13e050aa0da4fdad849fe59d,1200,800,RGB,205739,train
PHYTO_RAW_1455,Dataset of groundnut plant leaf images for classification and detection/Raw_Data/healthy leaf/IMG_1618.JPG,IMG_1618.JPG,healthy_leaf,e00cf7946625627e6f84bef3eb6cc617b54dae55f4c844c26b1af7e1068b43bb,1200,800,RGB,213405,train
PHYTO_RAW_1456,Dataset of groundnut plant leaf images for classification and detection/Raw_Data/healthy leaf/IMG_1619.JPG,IMG_1619.JPG,healthy_leaf,971fe3ee6e3e85b522373ce159bf3b1927244ae39a5a7ded412ffda338944af3,1200,800,RGB,238949,train
PHYTO_RAW_1457,Dataset of groundnut plant leaf images for classification and detection/Raw_Data/healthy leaf/IMG_1620.JPG,IMG_1620.JPG,healthy_leaf,a51bfdd5da97f648a4cb89271b6725e4169bc210cf00cc0fff45f6bf826174b5,1200,800,RGB,221451,test
PHYTO_RAW_1458,Dataset of groundnut plant leaf images for classification and detection/Raw_Data/healthy leaf/IMG_1621.JPG,IMG_1621.JPG,healthy_leaf,edc32c7eb3b4f50a45a66370e6f5172700f59f86c29e011c1ed94b4151e7618f,1200,800,RGB,240698,train
PHYTO_RAW_1459,Dataset of groundnut plant leaf images for classification and detection/Raw_Data/healthy leaf/IMG_1622.JPG,IMG_1622.JPG,healthy_leaf,98de44057d923435a756453760014cd6ca91248bc20a6cde2e0034ae447cf011,1200,800,RGB,216664,test
PHYTO_RAW_1460,Dataset of groundnut plant leaf images for classification and detection/Raw_Data/healthy leaf/IMG_1623.JPG,IMG_1623.JPG,healthy_leaf,f939be62ba66374219fd4e7c2abeeb45aa6357314fc0f7ea2b086895473489a6,1200,800,RGB,217768,validation
PHYTO_RAW_1461,Dataset of groundnut plant leaf images for classification and detection/Raw_Data/healthy leaf/IMG_1624.JPG,IMG_1624.JPG,healthy_leaf,7036f37a5e398393ab4fba52fd837a7960c3fcb439772262bb6b8f00989d52db,1200,800,RGB,206535,train
PHYTO_RAW_1462,Dataset of groundnut plant leaf images for classification and detection/Raw_Data/healthy leaf/IMG_1625.JPG,IMG_1625.JPG,healthy_leaf,8c808e48ddf92c44a410496fd3c4001d106382d55e2f1bf99524f899df99cf95,1200,800,RGB,239240,train
PHYTO_RAW_1463,Dataset of groundnut plant leaf images for classification and detection/Raw_Data/healthy leaf/IMG_1626.JPG,IMG_1626.JPG,healthy_leaf,f1496d1d3afc28cbeda140e27003b64f9d55f815dc966d6801b309bd39aea96b,1200,800,RGB,223168,train
PHYTO_RAW_1464,Dataset of groundnut plant leaf images for classification and detection/Raw_Data/healthy leaf/IMG_1627.JPG,IMG_1627.JPG,healthy_leaf,3200f04d39fb08f721a70a5261ba68057467c65c653a4d7d96ee57c7733ec4de,1200,800,RGB,217817,validation
PHYTO_RAW_1465,Dataset of groundnut plant leaf images for classification and detection/Raw_Data/healthy leaf/IMG_1628.JPG,IMG_1628.JPG,healthy_leaf,433a1a57857c0c9f464a820648d5d410e6547fb70a8f48dfd63e2797e6e7d0f0,1200,800,RGB,242896,test
PHYTO_RAW_1466,Dataset of groundnut plant leaf images for classification and detection/Raw_Data/healthy leaf/IMG_1629.JPG,IMG_1629.JPG,healthy_leaf,cddf78f4c4410ccdff88d9e777855e23eeca521750cb226062c0849b238e1f83,1200,800,RGB,295913,test
PHYTO_RAW_1467,Dataset of groundnut plant leaf images for classification and detection/Raw_Data/healthy leaf/IMG_1630.JPG,IMG_1630.JPG,healthy_leaf,1ea6596d1835eb3a8f5c80ecaa0820e1195d8320748242692d13389b4ef00452,1200,800,RGB,254099,test
PHYTO_RAW_1468,Dataset of groundnut plant leaf images for classification and detection/Raw_Data/healthy leaf/IMG_1631.JPG,IMG_1631.JPG,healthy_leaf,341d0c736454f97bf82b948ce4a02626532936590f7096f0312286609d5b4bad,1200,800,RGB,215056,train
PHYTO_RAW_1469,Dataset of groundnut plant leaf images for classification and detection/Raw_Data/healthy leaf/IMG_1632.JPG,IMG_1632.JPG,healthy_leaf,d87d0edbe9897a5dd42423980dab5e48d3790dfab1fdaa5b242110775766441a,1200,800,RGB,243064,train
PHYTO_RAW_1470,Dataset of groundnut plant leaf images for classification and detection/Raw_Data/healthy leaf/IMG_1633.JPG,IMG_1633.JPG,healthy_leaf,90f45e25d610e9904b805e673aba023db54fd1452016ccbc4033f526ce08cbfd,1200,800,RGB,222648,train
PHYTO_RAW_1471,Dataset of groundnut plant leaf images for classification and detection/Raw_Data/healthy leaf/IMG_1634.JPG,IMG_1634.JPG,healthy_leaf,e3f6941332f185c4c93e8ab0bd3e5f8125087d6ac4563596e5bf1fa79e3488d3,1200,800,RGB,260428,train
PHYTO_RAW_1472,Dataset of groundnut plant leaf images for classification and detection/Raw_Data/healthy leaf/IMG_1635.JPG,IMG_1635.JPG,healthy_leaf,2d5e5f214d6269addd49a899dc87b33449f6aeaed7ef44ab2867e090d331472c,1200,800,RGB,267731,train
PHYTO_RAW_1473,Dataset of groundnut plant leaf images for classification and detection/Raw_Data/healthy leaf/IMG_1636.JPG,IMG_1636.JPG,healthy_leaf,dce41d7792f651d26ba6d147448a3d380e6c7d4da12ef4ba7b959329830145f7,1200,800,RGB,304076,test
PHYTO_RAW_1474,Dataset of groundnut plant leaf images for classification and detection/Raw_Data/healthy leaf/IMG_1637.JPG,IMG_1637.JPG,healthy_leaf,f09ca97377beb6d2ac93c689e69bf3c1e2f4869fb5b0a55d0c8a7d7f7ddd07ce,1200,800,RGB,252295,train
PHYTO_RAW_1475,Dataset of groundnut plant leaf images for classification and detection/Raw_Data/healthy leaf/IMG_1638.JPG,IMG_1638.JPG,healthy_leaf,31fe751dbdde591de903e3d7f27f101a20b2269df9a38349423f24cc3899f15c,1200,800,RGB,267195,train
PHYTO_RAW_1476,Dataset of groundnut plant leaf images for classification and detection/Raw_Data/healthy leaf/IMG_1639.JPG,IMG_1639.JPG,healthy_leaf,f837111eac5a7222f1e04e02d7b94178fa4905d1ca9376f467453b9ca70dfd37,1200,800,RGB,258586,train
PHYTO_RAW_1477,Dataset of groundnut plant leaf images for classification and detection/Raw_Data/healthy leaf/IMG_1640.JPG,IMG_1640.JPG,healthy_leaf,37d295a1bf4a9252f69669f7b777f82b4e8b70c57182fee19832808307bc6367,1200,800,RGB,241565,train
PHYTO_RAW_1478,Dataset of groundnut plant leaf images for classification and detection/Raw_Data/healthy leaf/IMG_1641.JPG,IMG_1641.JPG,healthy_leaf,338180e7abc8911b8d7f059be25fb5e2cd054f92dda92fd7caafc45738dbaf37,1200,800,RGB,271175,train
PHYTO_RAW_1479,Dataset of groundnut plant leaf images for classification and detection/Raw_Data/healthy leaf/IMG_1642.JPG,IMG_1642.JPG,healthy_leaf,f29728dfa3c4743e02591d65c59fecb8959fe4a55521d9277eec371d8c0c2f0e,1200,800,RGB,250361,train
PHYTO_RAW_1480,Dataset of groundnut plant leaf images for classification and detection/Raw_Data/healthy leaf/IMG_1643.JPG,IMG_1643.JPG,healthy_leaf,7fff07efc0608498db08a298a381090d53b9357191a0fb4e6da9078423b133ef,1200,800,RGB,239389,test
PHYTO_RAW_1481,Dataset of groundnut plant leaf images for classification and detection/Raw_Data/healthy leaf/IMG_1644.JPG,IMG_1644.JPG,healthy_leaf,3e27e6fc037e6f7427dc05c5db4357656b2d51bf4af179abf10ce690d0e40e2e,1200,800,RGB,231479,test
PHYTO_RAW_1482,Dataset of groundnut plant leaf images for classification and detection/Raw_Data/healthy leaf/IMG_1645.JPG,IMG_1645.JPG,healthy_leaf,6a07e6545f8d489b8e279eadaf7c8f6d389e7c304ca2caf95006723e67264fad,1200,800,RGB,259190,train
PHYTO_RAW_1483,Dataset of groundnut plant leaf images for classification and detection/Raw_Data/healthy leaf/IMG_1646.JPG,IMG_1646.JPG,healthy_leaf,b81aa69184b0ba07736f4be9cb575bab25414b740506b7872518426e22cee769,1200,800,RGB,264751,validation
PHYTO_RAW_1484,Dataset of groundnut plant leaf images for classification and detection/Raw_Data/healthy leaf/IMG_1647.JPG,IMG_1647.JPG,healthy_leaf,f66b389ed2b27059e23f5baf7d7bb5699ec2991e2c35fcb8e8a45f3eabf393c3,1200,800,RGB,258874,train
PHYTO_RAW_1485,Dataset of groundnut plant leaf images for classification and detection/Raw_Data/healthy leaf/IMG_1648.JPG,IMG_1648.JPG,healthy_leaf,4bf44ddefc97be7503e9ac4544760960c05150f4f874a56b9c6f0403938f5871,1200,800,RGB,225833,train
PHYTO_RAW_1486,Dataset of groundnut plant leaf images for classification and detection/Raw_Data/healthy leaf/IMG_1649.JPG,IMG_1649.JPG,healthy_leaf,21cc29447be29db75183c7daa3044bf73c5413accd8bc531d03a62692aec02fe,1200,800,RGB,219920,validation
PHYTO_RAW_1487,Dataset of groundnut plant leaf images for classification and detection/Raw_Data/healthy leaf/IMG_1650.JPG,IMG_1650.JPG,healthy_leaf,1f413ab6e4f8d2ca669b1c467b85291abce974f00f12de048ca29b0d669c47ae,1200,800,RGB,279179,validation
PHYTO_RAW_1488,Dataset of groundnut plant leaf images for classification and detection/Raw_Data/healthy leaf/IMG_1651.JPG,IMG_1651.JPG,healthy_leaf,1687b3832bedf9b2158844db7d22186633e2862047bb266b4ed8ba437c6d7d92,1200,800,RGB,237816,train
PHYTO_RAW_1489,Dataset of groundnut plant leaf images for classification and detection/Raw_Data/healthy leaf/IMG_1652.JPG,IMG_1652.JPG,healthy_leaf,595af8ef8dc48e844964baf1af9f0268849ec574440338f79e57b6aeb41edf16,1200,800,RGB,258321,validation
PHYTO_RAW_1490,Dataset of groundnut plant leaf images for classification and detection/Raw_Data/healthy leaf/IMG_1653.JPG,IMG_1653.JPG,healthy_leaf,060b42678249dd72994839107c45e95de36e351afa2f487de82bc16a1d268e1a,1200,800,RGB,225510,train
PHYTO_RAW_1491,Dataset of groundnut plant leaf images for classification and detection/Raw_Data/healthy leaf/IMG_1654.JPG,IMG_1654.JPG,healthy_leaf,b48c655ed3876d4db271e548d1f34e48629e64e5841f799fa07b9b8b7e43bd24,1200,800,RGB,248301,test
PHYTO_RAW_1492,Dataset of groundnut plant leaf images for classification and detection/Raw_Data/healthy leaf/IMG_1655.JPG,IMG_1655.JPG,healthy_leaf,a8ceb344911a498019d4a31a63b5af9ca01637a900b15a88ea0309ac187cf9e2,1200,800,RGB,277890,test
PHYTO_RAW_1493,Dataset of groundnut plant leaf images for classification and detection/Raw_Data/healthy leaf/IMG_1656.JPG,IMG_1656.JPG,healthy_leaf,f53af10b3f453043e8c09231f511025e6a4037e257db413ed0e7c07e9a070936,1200,800,RGB,255827,train
PHYTO_RAW_1494,Dataset of groundnut plant leaf images for classification and detection/Raw_Data/healthy leaf/IMG_1657.JPG,IMG_1657.JPG,healthy_leaf,c3bbe6b490f0fc2512166f7e1fe95517855ee164e59082988d2ee2c258fd1f60,1200,800,RGB,286989,train
PHYTO_RAW_1495,Dataset of groundnut plant leaf images for classification and detection/Raw_Data/healthy leaf/IMG_1658.JPG,IMG_1658.JPG,healthy_leaf,285c74010a334454ddab8b38820c77f6c57f472b45474d134b3f2fd5b6b63147,1200,800,RGB,338777,train
PHYTO_RAW_1496,Dataset of groundnut plant leaf images for classification and detection/Raw_Data/healthy leaf/IMG_1659.JPG,IMG_1659.JPG,healthy_leaf,06601ee0792f5391791e65936d35b6cbd0b54339e6995e8a110bf32818ef994b,1200,800,RGB,285836,train
PHYTO_RAW_1497,Dataset of groundnut plant leaf images for classification and detection/Raw_Data/healthy leaf/IMG_1660.JPG,IMG_1660.JPG,healthy_leaf,e5a3c7cf579268194048cb6fe65e734410ae5521738ad8d18affb21df9f9c7dd,1200,800,RGB,257660,train
PHYTO_RAW_1498,Dataset of groundnut plant leaf images for classification and detection/Raw_Data/healthy leaf/IMG_1661.JPG,IMG_1661.JPG,healthy_leaf,558dac3e6040f22de610095893ea596453ef8118424edb05ede6ce03f91761de,1200,800,RGB,247630,test
PHYTO_RAW_1499,Dataset of groundnut plant leaf images for classification and detection/Raw_Data/healthy leaf/IMG_1662.JPG,IMG_1662.JPG,healthy_leaf,319255f25c7c662c55ee38679961fb5d84836672eee9477b0dded24eb21d21f0,1200,800,RGB,233467,train
PHYTO_RAW_1500,Dataset of groundnut plant leaf images for classification and detection/Raw_Data/healthy leaf/IMG_1663.JPG,IMG_1663.JPG,healthy_leaf,1645c06c4d64335548bda23bdd2d8a6da0b8f4d9195386c9bfffc0a18fec7beb,1200,800,RGB,213104,train
PHYTO_RAW_1501,Dataset of groundnut plant leaf images for classification and detection/Raw_Data/healthy leaf/IMG_1664.JPG,IMG_1664.JPG,healthy_leaf,47a86939fd28da30f36f1396200b403d622b786ca9d1f62cc6d0eca84e61bcf3,1200,800,RGB,220170,validation
PHYTO_RAW_1502,Dataset of groundnut plant leaf images for classification and detection/Raw_Data/healthy leaf/IMG_1665.JPG,IMG_1665.JPG,healthy_leaf,ea035f28de174a7d636b19371c4043f1242529a0dd6ad8226364e0468c5f02b0,1200,800,RGB,230588,train
PHYTO_RAW_1503,Dataset of groundnut plant leaf images for classification and detection/Raw_Data/healthy leaf/IMG_1666.JPG,IMG_1666.JPG,healthy_leaf,0dbcc8e0af2d181b44ed251d06a627b9b153ccd08e3b1c3199c9666edb4db366,1200,800,RGB,253503,train
PHYTO_RAW_1504,Dataset of groundnut plant leaf images for classification and detection/Raw_Data/healthy leaf/IMG_1667.JPG,IMG_1667.JPG,healthy_leaf,73da680fca6fd2646164ef60d0e162a32a37a60cec6f9d822a2335b079562f14,1200,800,RGB,260255,train
PHYTO_RAW_1505,Dataset of groundnut plant leaf images for classification and detection/Raw_Data/healthy leaf/IMG_1668.JPG,IMG_1668.JPG,healthy_leaf,97617cf6f66c3ab36a07978af6caa398dab1ed28828db3ffb7ac7957783aadd5,1200,800,RGB,258996,train
PHYTO_RAW_1506,Dataset of groundnut plant leaf images for classification and detection/Raw_Data/healthy leaf/IMG_1669.JPG,IMG_1669.JPG,healthy_leaf,eb9fa6128d398ede20bac9301949bf37d806285fe41295b4de9c5d0e9d7484a5,1200,800,RGB,276973,train
PHYTO_RAW_1507,Dataset of groundnut plant leaf images for classification and detection/Raw_Data/healthy leaf/IMG_1670.JPG,IMG_1670.JPG,healthy_leaf,203422837fb77842d5247ee454808bd4d06a959d585b7e1670a57e2b1e4a3801,1200,800,RGB,276630,validation
PHYTO_RAW_1508,Dataset of groundnut plant leaf images for classification and detection/Raw_Data/healthy leaf/IMG_1671.JPG,IMG_1671.JPG,healthy_leaf,3bb53aa2b9fe032fda4141c0e9d4a5a956909f4264f95049ed32bcfae09fe493,1200,800,RGB,343482,test
PHYTO_RAW_1509,Dataset of groundnut plant leaf images for classification and detection/Raw_Data/healthy leaf/IMG_1672.JPG,IMG_1672.JPG,healthy_leaf,cccf7a8927f3db713b6c6d3b21f28b879450016f05a7fbfca7d78b453de4b550,1200,800,RGB,327344,test
PHYTO_RAW_1510,Dataset of groundnut plant leaf images for classification and detection/Raw_Data/healthy leaf/IMG_1673.JPG,IMG_1673.JPG,healthy_leaf,e2ed26f942abe3fc6fe3237956abc9349e2a58dab3846b639d949c1de2d4e177,1200,800,RGB,604215,train
PHYTO_RAW_1511,Dataset of groundnut plant leaf images for classification and detection/Raw_Data/healthy leaf/IMG_1674.JPG,IMG_1674.JPG,healthy_leaf,9cd8df522dad090079d6083e7ff6aa44f2d17e58018ada6c1d949ae001487608,1200,800,RGB,338649,train
PHYTO_RAW_1512,Dataset of groundnut plant leaf images for classification and detection/Raw_Data/healthy leaf/IMG_1675.JPG,IMG_1675.JPG,healthy_leaf,1cd8a011ee9de3c1c86288bb94893af5d465053b552c1ecc809c13bdfb5d2570,1200,800,RGB,329602,validation
PHYTO_RAW_1513,Dataset of groundnut plant leaf images for classification and detection/Raw_Data/healthy leaf/IMG_1685.JPG,IMG_1685.JPG,healthy_leaf,ffb618b101a0f7fddb7b7cce9fba0517ce7c9e407c6281a3bb97bb62e91192dd,1200,800,RGB,223443,train
PHYTO_RAW_1514,Dataset of groundnut plant leaf images for classification and detection/Raw_Data/healthy leaf/IMG_1686.JPG,IMG_1686.JPG,healthy_leaf,cd7e0eae571463a5972e34b83ca5568e2cce1b6f45dc8cc6fbe52cb172a23e25,1200,800,RGB,226997,train
PHYTO_RAW_1515,Dataset of groundnut plant leaf images for classification and detection/Raw_Data/healthy leaf/IMG_1687.JPG,IMG_1687.JPG,healthy_leaf,b78a04f68346ee33ed304baf9d9d3affb531ee09112c53657c4193453ac1b260,1200,800,RGB,231729,train
PHYTO_RAW_1516,Dataset of groundnut plant leaf images for classification and detection/Raw_Data/healthy leaf/IMG_1688.JPG,IMG_1688.JPG,healthy_leaf,75d78f937858d8ddc126288ecdb4a35a731ff89cdc2907e225b464a60edb3612,1200,800,RGB,236252,train
PHYTO_RAW_1517,Dataset of groundnut plant leaf images for classification and detection/Raw_Data/healthy leaf/IMG_1689.JPG,IMG_1689.JPG,healthy_leaf,23c93ad14b9da0de40ee0824eb7ab8bfd5e5ccfad69217f920e690078e95f740,1200,800,RGB,287283,train
PHYTO_RAW_1518,Dataset of groundnut plant leaf images for classification and detection/Raw_Data/healthy leaf/IMG_1690.JPG,IMG_1690.JPG,healthy_leaf,01fbfff0907c5906a1ec7d34739b39b3451ca04b29773efb6e9ced187b8b73aa,1200,800,RGB,262782,train
PHYTO_RAW_1519,Dataset of groundnut plant leaf images for classification and detection/Raw_Data/healthy leaf/IMG_1691.JPG,IMG_1691.JPG,healthy_leaf,8478083cf61b9a2ced1b8fde99c25ab9cc07e04bff52e6ace8ec945a83da7a22,1200,800,RGB,228599,train
PHYTO_RAW_1520,Dataset of groundnut plant leaf images for classification and detection/Raw_Data/healthy leaf/IMG_1692.JPG,IMG_1692.JPG,healthy_leaf,7cef9df5e4f630a5a999b4de50505bd19334bbe758d7fe04dc76878a9b8dc060,1200,800,RGB,282995,validation
PHYTO_RAW_1521,Dataset of groundnut plant leaf images for classification and detection/Raw_Data/healthy leaf/IMG_1693.JPG,IMG_1693.JPG,healthy_leaf,da0b3bf147e2e25cf819202294f6fe3385383a8bc50050cadc052e12f52bcf0c,1200,800,RGB,288213,train
PHYTO_RAW_1522,Dataset of groundnut plant leaf images for classification and detection/Raw_Data/healthy leaf/IMG_1694.JPG,IMG_1694.JPG,healthy_leaf,604b133be460fd0af2f6227a3348c8d43443d8a4a12c395e52ac2c64647d3cac,1200,800,RGB,270239,validation
PHYTO_RAW_1523,Dataset of groundnut plant leaf images for classification and detection/Raw_Data/healthy leaf/IMG_1695.JPG,IMG_1695.JPG,healthy_leaf,1751b94a1331cf0bf693182b9e129b31bf9931d8343d3ef741ae8a3652a13add,1200,800,RGB,269152,train
PHYTO_RAW_1524,Dataset of groundnut plant leaf images for classification and detection/Raw_Data/healthy leaf/IMG_1696.JPG,IMG_1696.JPG,healthy_leaf,5dbaa83d2ae1f7b4fae63f7915681b2d97b404110397918a0b7b415711742d73,1200,800,RGB,285053,train
PHYTO_RAW_1525,Dataset of groundnut plant leaf images for classification and detection/Raw_Data/healthy leaf/IMG_1697.JPG,IMG_1697.JPG,healthy_leaf,41fe709d3b9b94d1de4a60bac3b2b407a4ae28a50521deb59a3b209953048003,1200,800,RGB,293304,train
PHYTO_RAW_1526,Dataset of groundnut plant leaf images for classification and detection/Raw_Data/healthy leaf/IMG_1698.JPG,IMG_1698.JPG,healthy_leaf,bed94cd7745d2b5daea34061d367ff4b338611be95fc0ab15fb07281ccfccf54,1200,800,RGB,333744,train
PHYTO_RAW_1527,Dataset of groundnut plant leaf images for classification and detection/Raw_Data/healthy leaf/IMG_1699.JPG,IMG_1699.JPG,healthy_leaf,07563ccf93ee3a0b5ff30b0fcb64cd530210c775bedbdd8ac43baef608a42b3d,1200,800,RGB,264545,test
PHYTO_RAW_1528,Dataset of groundnut plant leaf images for classification and detection/Raw_Data/healthy leaf/IMG_1700.JPG,IMG_1700.JPG,healthy_leaf,d3af385f4672e18d1bdf0a76ee197e3457962a7f08975395c2377b3574c32194,1200,800,RGB,261557,train
PHYTO_RAW_1529,Dataset of groundnut plant leaf images for classification and detection/Raw_Data/healthy leaf/IMG_1701.JPG,IMG_1701.JPG,healthy_leaf,c8bce1e0a2dd87dfdb8d0f78230b0a9756fcb753f01453e3814997190f926c0c,1200,800,RGB,229301,train
PHYTO_RAW_1530,Dataset of groundnut plant leaf images for classification and detection/Raw_Data/healthy leaf/IMG_1702.JPG,IMG_1702.JPG,healthy_leaf,51c9f466793771b2a22e7d3dde0f8dc7a6193507b78c42482394d8a5b6aef92a,1200,800,RGB,318644,test
PHYTO_RAW_1531,Dataset of groundnut plant leaf images for classification and detection/Raw_Data/healthy leaf/IMG_1703.JPG,IMG_1703.JPG,healthy_leaf,04a9aaf01e1907908a8fcf641d3b2a77189a3845f1069efd759b9c3b397e66f2,1200,800,RGB,313569,test
PHYTO_RAW_1532,Dataset of groundnut plant leaf images for classification and detection/Raw_Data/healthy leaf/IMG_1704.JPG,IMG_1704.JPG,healthy_leaf,f60f7242d387e7946e0ace0e97a7631a70ab9ec7d91227be837cc6105a9cb27f,1200,800,RGB,295344,train
PHYTO_RAW_1533,Dataset of groundnut plant leaf images for classification and detection/Raw_Data/healthy leaf/IMG_1705.JPG,IMG_1705.JPG,healthy_leaf,44866cd9c01f870474feac87966d957d5a41e2b80728288511d4fda3aebc9e26,1200,800,RGB,297606,validation
PHYTO_RAW_1534,Dataset of groundnut plant leaf images for classification and detection/Raw_Data/healthy leaf/IMG_1706.JPG,IMG_1706.JPG,healthy_leaf,f3a838f7c6a0505756f025aa0e8d0f4dc3bc1c29ed3a87a05d041860d2ce1306,1200,800,RGB,246313,train
PHYTO_RAW_1535,Dataset of groundnut plant leaf images for classification and detection/Raw_Data/healthy leaf/IMG_1707.JPG,IMG_1707.JPG,healthy_leaf,c9a4e4b6784d491b280eaf4a494b5da7321c9f318ccde9189ae170d8f62f0689,1200,800,RGB,306409,test
PHYTO_RAW_1536,Dataset of groundnut plant leaf images for classification and detection/Raw_Data/healthy leaf/IMG_1708.JPG,IMG_1708.JPG,healthy_leaf,cee44278f006e41252efb25e7feae0f5551262e0df19257d2d47dcccc332a4f0,1200,800,RGB,607424,train
PHYTO_RAW_1537,Dataset of groundnut plant leaf images for classification and detection/Raw_Data/healthy leaf/IMG_1709.JPG,IMG_1709.JPG,healthy_leaf,ee5b34fc20972aac1b9ff3408ef392912014da74b910d51356385584e05ad3af,1200,800,RGB,663910,train
PHYTO_RAW_1538,Dataset of groundnut plant leaf images for classification and detection/Raw_Data/healthy leaf/IMG_2092.JPG,IMG_2092.JPG,healthy_leaf,4f178d6e1ed88e21c1b098ac06a6dc29863eace0cc73d95a8d409248d2d66e1c,1200,800,RGB,239405,train
PHYTO_RAW_1539,Dataset of groundnut plant leaf images for classification and detection/Raw_Data/healthy leaf/IMG_2093.JPG,IMG_2093.JPG,healthy_leaf,5f253a83b6eea7e7e206fc1f238b34ad6ec30b2a4091ce57ed048ef45637fcff,1200,800,RGB,240040,test
PHYTO_RAW_1540,Dataset of groundnut plant leaf images for classification and detection/Raw_Data/healthy leaf/IMG_2094.JPG,IMG_2094.JPG,healthy_leaf,5e5c48268c1ce9cad1245f6dd3ddcc5907259c9a786e29575d7977d3f23a7341,1200,800,RGB,188162,train
PHYTO_RAW_1541,Dataset of groundnut plant leaf images for classification and detection/Raw_Data/healthy leaf/IMG_2095.JPG,IMG_2095.JPG,healthy_leaf,5b5936de3886b62b8faa99e44e087f55835e58e2f304835c2c02b8bc5078bc14,1200,800,RGB,248188,train
PHYTO_RAW_1542,Dataset of groundnut plant leaf images for classification and detection/Raw_Data/healthy leaf/IMG_2096.JPG,IMG_2096.JPG,healthy_leaf,a3d143e9bb8c0942f4705e25e12601a61a3eff5005810e6531b07c972adea707,1200,800,RGB,202411,train
PHYTO_RAW_1543,Dataset of groundnut plant leaf images for classification and detection/Raw_Data/healthy leaf/IMG_2097.JPG,IMG_2097.JPG,healthy_leaf,012582a18be71ad4a084752b3e164493ab9b4b9e917180f2c271f73a7d123993,1200,800,RGB,189154,train
PHYTO_RAW_1544,Dataset of groundnut plant leaf images for classification and detection/Raw_Data/healthy leaf/IMG_2098.JPG,IMG_2098.JPG,healthy_leaf,69f17807e5b1e44a7ec04fa4367b6e244997f245c5694b8be3fe2dc7675070ba,1200,800,RGB,193079,train
PHYTO_RAW_1545,Dataset of groundnut plant leaf images for classification and detection/Raw_Data/healthy leaf/IMG_2099.JPG,IMG_2099.JPG,healthy_leaf,8e0722fd4ec7f6feacd6e8d20e52b093e2866e4b380505577cb28a6afbc5b094,1200,800,RGB,192697,validation
PHYTO_RAW_1546,Dataset of groundnut plant leaf images for classification and detection/Raw_Data/healthy leaf/IMG_2100.JPG,IMG_2100.JPG,healthy_leaf,3683f47e21b0e9d7c397e46cd2addf7f77d1c6356e7a8e1c8f3bf7b1c88d0de6,1200,800,RGB,212840,validation
PHYTO_RAW_1547,Dataset of groundnut plant leaf images for classification and detection/Raw_Data/healthy leaf/IMG_2101.JPG,IMG_2101.JPG,healthy_leaf,71bfc3a7c92833bc48927b1657b7b2ee50342722bc7eeb3ce3469611340c1bdf,1200,800,RGB,211126,test
PHYTO_RAW_1548,Dataset of groundnut plant leaf images for classification and detection/Raw_Data/healthy leaf/IMG_2102.JPG,IMG_2102.JPG,healthy_leaf,4f9e4d8880d9d11163f0a735aa79a88a2bfc942c0c974edc29f277ae458407f5,1200,800,RGB,221864,train
PHYTO_RAW_1549,Dataset of groundnut plant leaf images for classification and detection/Raw_Data/healthy leaf/IMG_2103.JPG,IMG_2103.JPG,healthy_leaf,0fa646990ff02b850ab14dfa169a909ec1c030ca695a26ea848967f0b2f9f08c,1200,800,RGB,181951,test
PHYTO_RAW_1550,Dataset of groundnut plant leaf images for classification and detection/Raw_Data/healthy leaf/IMG_2104.JPG,IMG_2104.JPG,healthy_leaf,38ecb16f7f58f899b87c8467addf46ed06540edff05ea1237fae8bde3e3fe076,1200,800,RGB,225511,validation
PHYTO_RAW_1551,Dataset of groundnut plant leaf images for classification and detection/Raw_Data/healthy leaf/IMG_2202.JPG,IMG_2202.JPG,healthy_leaf,bd449377fbcf3b3cd55161016f3fd1ec1b39b2ca0fd6f04b56b55c49301e6bad,1200,800,RGB,237527,train
PHYTO_RAW_1552,Dataset of groundnut plant leaf images for classification and detection/Raw_Data/healthy leaf/IMG_2203.JPG,IMG_2203.JPG,healthy_leaf,f3c4bab803e6a581fb284a7e7d73f987874c482bd1c4874726446ab47c722b5c,1200,800,RGB,243254,train
PHYTO_RAW_1553,Dataset of groundnut plant leaf images for classification and detection/Raw_Data/healthy leaf/IMG_2204.JPG,IMG_2204.JPG,healthy_leaf,8428f53c43c1a17f185b980d4423a793b144630fd42509782fe2576652e376fa,1200,800,RGB,247353,train
PHYTO_RAW_1554,Dataset of groundnut plant leaf images for classification and detection/Raw_Data/healthy leaf/IMG_2205.JPG,IMG_2205.JPG,healthy_leaf,9e598cf751dd9a7635b0de8e3ee87e633b8561bc54276034cdb059024ce98d70,1200,800,RGB,255118,validation
PHYTO_RAW_1555,Dataset of groundnut plant leaf images for classification and detection/Raw_Data/healthy leaf/IMG_2206.JPG,IMG_2206.JPG,healthy_leaf,cd83bf92bb7836b1be1f20cd02842d6e7db7a5c56ce8debd943da5c17ceb0aa3,1200,800,RGB,211784,train
PHYTO_RAW_1556,Dataset of groundnut plant leaf images for classification and detection/Raw_Data/healthy leaf/IMG_2207.JPG,IMG_2207.JPG,healthy_leaf,bfa0937b0dc7cdc21bf0149cb47f8790b3418b0f17305e757cc9011db3e9d9ed,1200,800,RGB,231101,train
PHYTO_RAW_1557,Dataset of groundnut plant leaf images for classification and detection/Raw_Data/healthy leaf/IMG_2208.JPG,IMG_2208.JPG,healthy_leaf,b7dea8592b6c45b140d767fb7c4f5bc18b0195773e3044d5e909a4b739d4a95f,1200,800,RGB,222383,train
PHYTO_RAW_1558,Dataset of groundnut plant leaf images for classification and detection/Raw_Data/healthy leaf/IMG_2209.JPG,IMG_2209.JPG,healthy_leaf,3a1ea0221dc8fa4e80e7b409c7cdd22cb865c20fe5193d478e93263ab2058b4e,1200,800,RGB,223409,test
PHYTO_RAW_1559,Dataset of groundnut plant leaf images for classification and detection/Raw_Data/healthy leaf/IMG_2210.JPG,IMG_2210.JPG,healthy_leaf,ca6d1b0301430e912cd78fc1e5323402616e9888d777b19ec947730e8261179e,1200,800,RGB,211879,train
PHYTO_RAW_1560,Dataset of groundnut plant leaf images for classification and detection/Raw_Data/healthy leaf/IMG_2211.JPG,IMG_2211.JPG,healthy_leaf,5e1c27111a15b2fa64949ac75c3233f53628696205df75937e1947d6718d08c7,1200,800,RGB,229894,train
PHYTO_RAW_1561,Dataset of groundnut plant leaf images for classification and detection/Raw_Data/healthy leaf/IMG_2212.JPG,IMG_2212.JPG,healthy_leaf,8665b460190ef1435c2a703a2d0512aabdb7aab48ca12782e77cabc16593cd6d,1200,800,RGB,232988,train
PHYTO_RAW_1562,Dataset of groundnut plant leaf images for classification and detection/Raw_Data/healthy leaf/IMG_2213.JPG,IMG_2213.JPG,healthy_leaf,169a5442eae3bba12e3d3c485e32e225863640b70566d8a9e971d75f40eb648f,1200,800,RGB,242815,train
PHYTO_RAW_1563,Dataset of groundnut plant leaf images for classification and detection/Raw_Data/healthy leaf/IMG_2214.JPG,IMG_2214.JPG,healthy_leaf,06bd4817d1c3442ce067f313ce53ed9cde66c022452e13a78be3845283e445b1,1200,800,RGB,243411,train
PHYTO_RAW_1564,Dataset of groundnut plant leaf images for classification and detection/Raw_Data/healthy leaf/IMG_2215.JPG,IMG_2215.JPG,healthy_leaf,9ce23bc7258ad68f39fef7f500daf8596ec7b99bc2e5f274ba466b8471305eb9,1200,800,RGB,226693,train
PHYTO_RAW_1565,Dataset of groundnut plant leaf images for classification and detection/Raw_Data/healthy leaf/IMG_2216.JPG,IMG_2216.JPG,healthy_leaf,80b00305f5ad26cf0dd57e7a6f1571617df7fd2da2712433c46cffe3934c5127,1200,800,RGB,213223,train
PHYTO_RAW_1566,Dataset of groundnut plant leaf images for classification and detection/Raw_Data/healthy leaf/IMG_2217.JPG,IMG_2217.JPG,healthy_leaf,bdb37b5bd6fa570883e81529efc5df77a8405c24e07be154caed8eb9c613a915,1200,800,RGB,198614,train
PHYTO_RAW_1567,Dataset of groundnut plant leaf images for classification and detection/Raw_Data/healthy leaf/IMG_2218.JPG,IMG_2218.JPG,healthy_leaf,72e19a841d9e595d77bec4032931050314fe40156af5b0f7732afe99a27ee5fe,1200,800,RGB,203832,train
PHYTO_RAW_1568,Dataset of groundnut plant leaf images for classification and detection/Raw_Data/healthy leaf/IMG_2219.JPG,IMG_2219.JPG,healthy_leaf,2c41bc9e8dbf2205e7cf56adcf1dc40a735d15d0abeef0cc50a8f931ac4167ae,1200,800,RGB,279157,validation
PHYTO_RAW_1569,Dataset of groundnut plant leaf images for classification and detection/Raw_Data/healthy leaf/IMG_2220.JPG,IMG_2220.JPG,healthy_leaf,3c02260b39760a4518881e1f25eaba5c839b0c4e6b2484de52781ff018cdc952,1200,800,RGB,285743,train
PHYTO_RAW_1570,Dataset of groundnut plant leaf images for classification and detection/Raw_Data/healthy leaf/IMG_2221.JPG,IMG_2221.JPG,healthy_leaf,b6ebd6e47c6434bc070ff14e7001ea72786a312e2b9590418a19b9a153ce5cf2,1200,800,RGB,282658,validation
PHYTO_RAW_1571,Dataset of groundnut plant leaf images for classification and detection/Raw_Data/healthy leaf/IMG_2222.JPG,IMG_2222.JPG,healthy_leaf,d16d2f38115f541d17bea863beda896a7f70c0c92c8362de447379953c9b2aee,1200,800,RGB,336470,train
PHYTO_RAW_1572,Dataset of groundnut plant leaf images for classification and detection/Raw_Data/healthy leaf/IMG_2223.JPG,IMG_2223.JPG,healthy_leaf,e4ca1d9decefe7b0924135a8c177a9ab31ed4714cb6171912ea706812c3f1aa8,1200,800,RGB,250976,train
PHYTO_RAW_1573,Dataset of groundnut plant leaf images for classification and detection/Raw_Data/healthy leaf/IMG_2224.JPG,IMG_2224.JPG,healthy_leaf,7ec4bc691773cd0fc99f1be36a7294c08b543ae8c9dd0f6692a803564404e6f0,1200,800,RGB,265600,train
PHYTO_RAW_1574,Dataset of groundnut plant leaf images for classification and detection/Raw_Data/healthy leaf/IMG_2225.JPG,IMG_2225.JPG,healthy_leaf,f2afbf8cc57e024407f49f55e2d89fb170c403855537f5c69440a53c7897270d,1200,800,RGB,232890,train
PHYTO_RAW_1575,Dataset of groundnut plant leaf images for classification and detection/Raw_Data/healthy leaf/IMG_2226.JPG,IMG_2226.JPG,healthy_leaf,dd542dbf862469fc5fce261641fb6df307441038b5dfed499fe4562cf60e1765,1200,800,RGB,231058,test
PHYTO_RAW_1576,Dataset of groundnut plant leaf images for classification and detection/Raw_Data/healthy leaf/IMG_2227.JPG,IMG_2227.JPG,healthy_leaf,9aafe3ac87d9756503433aef4a6b72e89ea27db8b63d3c0c8761d0f89cad9a63,1200,800,RGB,227897,validation
PHYTO_RAW_1577,Dataset of groundnut plant leaf images for classification and detection/Raw_Data/healthy leaf/IMG_2228.JPG,IMG_2228.JPG,healthy_leaf,91e15001e9de82bf0f889cac0eeed44ea67f1cccbb9bf8fdb0d4e90acf3a8622,1200,800,RGB,309850,test
PHYTO_RAW_1578,Dataset of groundnut plant leaf images for classification and detection/Raw_Data/healthy leaf/IMG_2229.JPG,IMG_2229.JPG,healthy_leaf,8c2eb9faee486dd30dec7901c19e7b38f0ad295b3086d0ffcb456072aceeb0e6,1200,800,RGB,287835,train
PHYTO_RAW_1579,Dataset of groundnut plant leaf images for classification and detection/Raw_Data/healthy leaf/IMG_2230.JPG,IMG_2230.JPG,healthy_leaf,78797d55f41b17b7d15de2c449f7f081c5c530c5dd59c3f78684569537514a29,1200,800,RGB,281750,validation
PHYTO_RAW_1580,Dataset of groundnut plant leaf images for classification and detection/Raw_Data/healthy leaf/IMG_2231.JPG,IMG_2231.JPG,healthy_leaf,d1441c1c23fbd9d5ffa837241e7608c22c8caced8a5af4372fde277b4e72fcc3,1200,800,RGB,248315,validation
PHYTO_RAW_1581,Dataset of groundnut plant leaf images for classification and detection/Raw_Data/healthy leaf/IMG_2232.JPG,IMG_2232.JPG,healthy_leaf,92346a29ec77dda52d6d17881957c4da4e19c379f893b84d9dd8d364aa0d3121,1200,800,RGB,229371,validation
PHYTO_RAW_1582,Dataset of groundnut plant leaf images for classification and detection/Raw_Data/healthy leaf/IMG_2233.JPG,IMG_2233.JPG,healthy_leaf,ec27b8c06353d976766b840f0840f6119514b10695aa9e05bb92ea309c094405,1200,800,RGB,633431,train
PHYTO_RAW_1583,Dataset of groundnut plant leaf images for classification and detection/Raw_Data/healthy leaf/IMG_2241.JPG,IMG_2241.JPG,healthy_leaf,1d400a285d4f3628d10f55ba7c356b9211a281e9eed4f759c328b95a1b38a299,1200,800,RGB,256746,train
PHYTO_RAW_1584,Dataset of groundnut plant leaf images for classification and detection/Raw_Data/healthy leaf/IMG_2242.JPG,IMG_2242.JPG,healthy_leaf,24819c025e26d7aa8a358a6b4c212126adc4b440d8f3113827b5308ed36e620f,1200,800,RGB,263827,train
PHYTO_RAW_1585,Dataset of groundnut plant leaf images for classification and detection/Raw_Data/healthy leaf/IMG_2243.JPG,IMG_2243.JPG,healthy_leaf,394bd5bd8106c553b112d4e6f30815679e7f6028bc91a890b263fdd832c8f5db,1200,800,RGB,250233,train
PHYTO_RAW_1586,Dataset of groundnut plant leaf images for classification and detection/Raw_Data/healthy leaf/IMG_2244.JPG,IMG_2244.JPG,healthy_leaf,0ac7a30ef83f09af8445304742d6dffd237c0d3d457ff4f74188a69355f1f263,1200,800,RGB,249251,validation
PHYTO_RAW_1587,Dataset of groundnut plant leaf images for classification and detection/Raw_Data/healthy leaf/IMG_2245.JPG,IMG_2245.JPG,healthy_leaf,a0d63a5e021a702b816d050ef072e6649c61ae997346e5a415d234e47fcd40c5,1200,800,RGB,237716,train
PHYTO_RAW_1588,Dataset of groundnut plant leaf images for classification and detection/Raw_Data/healthy leaf/IMG_2246.JPG,IMG_2246.JPG,healthy_leaf,f56a9006a372967a1bd11d5ade4495e7951fe070a95648156a76e31e4b412025,1200,800,RGB,238152,train
PHYTO_RAW_1589,Dataset of groundnut plant leaf images for classification and detection/Raw_Data/healthy leaf/IMG_2247.JPG,IMG_2247.JPG,healthy_leaf,97a5f2a961181d9679fad9157c8454485f52b9f732ed268afedcec5ba38abe09,1200,800,RGB,256855,train
PHYTO_RAW_1590,Dataset of groundnut plant leaf images for classification and detection/Raw_Data/healthy leaf/IMG_2248.JPG,IMG_2248.JPG,healthy_leaf,9cb4ff502ec7e2ee43a4cb6ad6e252e8fd47496a0049c326b6543a2a22a4f798,1200,800,RGB,329271,train
PHYTO_RAW_1591,Dataset of groundnut plant leaf images for classification and detection/Raw_Data/healthy leaf/IMG_2249.JPG,IMG_2249.JPG,healthy_leaf,0127e6a2add7659304f6e20a69d77a25413597111faf04deb57624d64fe019da,1200,800,RGB,316621,train
PHYTO_RAW_1592,Dataset of groundnut plant leaf images for classification and detection/Raw_Data/healthy leaf/IMG_2250.JPG,IMG_2250.JPG,healthy_leaf,c025136eec5dcb35d449ff58ff6d5196e54877cccd86807f3799cc48db8e8899,1200,800,RGB,311651,train
PHYTO_RAW_1593,Dataset of groundnut plant leaf images for classification and detection/Raw_Data/healthy leaf/IMG_2251.JPG,IMG_2251.JPG,healthy_leaf,4ec348fd7d1508eaaa8e1e54f0e8b0144ccfd63702db2f82f9237c847aa5e8fc,1200,800,RGB,313202,train
PHYTO_RAW_1594,Dataset of groundnut plant leaf images for classification and detection/Raw_Data/healthy leaf/IMG_2252.JPG,IMG_2252.JPG,healthy_leaf,3286410b06242c2a740ce21caa63ce2419aabd5e70e9d140f0ea938c86ec7949,1200,800,RGB,234839,train
PHYTO_RAW_1595,Dataset of groundnut plant leaf images for classification and detection/Raw_Data/healthy leaf/IMG_2253.JPG,IMG_2253.JPG,healthy_leaf,c7f124b1059ec3f047361e7fc6a1ecf231b2d573f64f9325c41b94b8c67d4075,1200,800,RGB,299285,test
PHYTO_RAW_1596,Dataset of groundnut plant leaf images for classification and detection/Raw_Data/healthy leaf/IMG_2254.JPG,IMG_2254.JPG,healthy_leaf,89c603b4560dc24fe8e1aa06b45ef6f3a1d03ea1f0df07eb7aec0606e5049e70,1200,800,RGB,289341,train
PHYTO_RAW_1597,Dataset of groundnut plant leaf images for classification and detection/Raw_Data/healthy leaf/IMG_2255.JPG,IMG_2255.JPG,healthy_leaf,7e191f2ab569fbe65c4a197b9a3609ee242d52a635b2790c63576192f92be0b8,1200,800,RGB,279363,train
PHYTO_RAW_1598,Dataset of groundnut plant leaf images for classification and detection/Raw_Data/healthy leaf/IMG_2256.JPG,IMG_2256.JPG,healthy_leaf,13a3e99b2208632b1a436b167ccaf091f6ba2a495f5b495bdc777f912abe2fa0,1200,800,RGB,242800,train
PHYTO_RAW_1599,Dataset of groundnut plant leaf images for classification and detection/Raw_Data/healthy leaf/IMG_2266.JPG,IMG_2266.JPG,healthy_leaf,21c02197a28b2b5d71e44d5eb820e92c85f0394e0a1cb825ebb3ef540a3b2454,1200,800,RGB,264870,train
PHYTO_RAW_1600,Dataset of groundnut plant leaf images for classification and detection/Raw_Data/healthy leaf/IMG_2267.JPG,IMG_2267.JPG,healthy_leaf,f5825470f4d80623e03c9e457be1ac874509a094bf094d53517391dfd52b9b7e,1200,800,RGB,253734,test
PHYTO_RAW_1601,Dataset of groundnut plant leaf images for classification and detection/Raw_Data/healthy leaf/IMG_2268.JPG,IMG_2268.JPG,healthy_leaf,f3d63004aa8c299210d1ce425c5deb78bfe1f72c3340270f512aa183ca160add,1200,800,RGB,287186,validation
PHYTO_RAW_1602,Dataset of groundnut plant leaf images for classification and detection/Raw_Data/healthy leaf/IMG_2269.JPG,IMG_2269.JPG,healthy_leaf,351dd115dd36635102167f288599e347e5b25bd8784c1020ac351a0be7548ef9,1200,800,RGB,269338,train
PHYTO_RAW_1603,Dataset of groundnut plant leaf images for classification and detection/Raw_Data/healthy leaf/IMG_2270.JPG,IMG_2270.JPG,healthy_leaf,a0506b4e83e17ecabde593ad2737a194ad040fd3024cc979a13ee2743dfd425e,1200,800,RGB,259857,train
PHYTO_RAW_1604,Dataset of groundnut plant leaf images for classification and detection/Raw_Data/healthy leaf/IMG_2271.JPG,IMG_2271.JPG,healthy_leaf,6c55d2910de43b742d17f58fe8696455450d952838042b938c922b0012401897,1200,800,RGB,221821,train
PHYTO_RAW_1605,Dataset of groundnut plant leaf images for classification and detection/Raw_Data/healthy leaf/IMG_2272.JPG,IMG_2272.JPG,healthy_leaf,359eb814f56eebf55eb05e55f729afb6b6cafebca2dc1075d55716252572b68a,1200,800,RGB,269022,train
PHYTO_RAW_1606,Dataset of groundnut plant leaf images for classification and detection/Raw_Data/healthy leaf/IMG_2273.JPG,IMG_2273.JPG,healthy_leaf,5e2e80b6b3e94fbed58dc00c8cab68e835c2a918677123e16309057b04ce3938,1200,800,RGB,243946,validation
PHYTO_RAW_1607,Dataset of groundnut plant leaf images for classification and detection/Raw_Data/healthy leaf/IMG_2274.JPG,IMG_2274.JPG,healthy_leaf,91ddc9330be4f7b3d7b7dba11ab3e00b46c22df077c389ff3b0f6cba31fcaa50,1200,800,RGB,203034,train
PHYTO_RAW_1608,Dataset of groundnut plant leaf images for classification and detection/Raw_Data/healthy leaf/IMG_2275.JPG,IMG_2275.JPG,healthy_leaf,91d1e7dc093698eeba2c1a97406847a75651ddade99b2dfc58d741c38758f04e,1200,800,RGB,262077,train
PHYTO_RAW_1609,Dataset of groundnut plant leaf images for classification and detection/Raw_Data/healthy leaf/IMG_2276.JPG,IMG_2276.JPG,healthy_leaf,d79635e9caa42d4d576202b777a1b790850c2c9383cdec5c7a4e56bbf0cf18ec,1200,800,RGB,274007,test
PHYTO_RAW_1610,Dataset of groundnut plant leaf images for classification and detection/Raw_Data/healthy leaf/IMG_2277.JPG,IMG_2277.JPG,healthy_leaf,e7434d8d82b0a81cda069f419ac81a9638ecd749103b2ebb95504168fe650e7f,1200,800,RGB,262776,validation
PHYTO_RAW_1611,Dataset of groundnut plant leaf images for classification and detection/Raw_Data/healthy leaf/IMG_2278.JPG,IMG_2278.JPG,healthy_leaf,d4882fc6ee649f26afb98e32a8f2cdb96f93b149e17dedfcd83b4996abf80f16,1200,800,RGB,258187,train
PHYTO_RAW_1612,Dataset of groundnut plant leaf images for classification and detection/Raw_Data/healthy leaf/IMG_2279.JPG,IMG_2279.JPG,healthy_leaf,29d0da4628cfdd629593684c82bc9fc6e3115126bd2e8bf931ed3e7d4ca23459,1200,800,RGB,307230,train
PHYTO_RAW_1613,Dataset of groundnut plant leaf images for classification and detection/Raw_Data/healthy leaf/IMG_2280.JPG,IMG_2280.JPG,healthy_leaf,0b3ca44bd6a8cbdd037fbbbc2b2b3d7531e4be4a6d42070c1dbd61fb12be1d91,1200,800,RGB,242835,train
PHYTO_RAW_1614,Dataset of groundnut plant leaf images for classification and detection/Raw_Data/healthy leaf/IMG_2281.JPG,IMG_2281.JPG,healthy_leaf,8cff9db11f893f0be4312d4daf7666b358204b9ad7aa1e7f0f7eacd7d261d7b1,1200,800,RGB,249911,train
PHYTO_RAW_1615,Dataset of groundnut plant leaf images for classification and detection/Raw_Data/healthy leaf/IMG_2282.JPG,IMG_2282.JPG,healthy_leaf,9d8201bcdd226c9fbfef83d19ea0688e11fcec29d47d7c672c42c276e8948a22,1200,800,RGB,233156,train
PHYTO_RAW_1616,Dataset of groundnut plant leaf images for classification and detection/Raw_Data/healthy leaf/IMG_2283.JPG,IMG_2283.JPG,healthy_leaf,c56fc96f42bc5605dec53682b77ffa19a87cec302dba8784debf34a958e0ea69,1200,800,RGB,331789,train
PHYTO_RAW_1617,Dataset of groundnut plant leaf images for classification and detection/Raw_Data/healthy leaf/IMG_2284.JPG,IMG_2284.JPG,healthy_leaf,37b59ee242cab2b2b9f035c4054ab120dbe3cfbdd486d3e79bf114c67c75e00f,1200,800,RGB,248398,test
PHYTO_RAW_1618,Dataset of groundnut plant leaf images for classification and detection/Raw_Data/healthy leaf/IMG_2285.JPG,IMG_2285.JPG,healthy_leaf,fd2a67551fe4346003bbb0981107d85593e77fd13e5b0c9acf12bdd6e0095d83,1200,800,RGB,263705,validation
PHYTO_RAW_1619,Dataset of groundnut plant leaf images for classification and detection/Raw_Data/healthy leaf/IMG_2286.JPG,IMG_2286.JPG,healthy_leaf,bfc2042e597b839067a5a64116203997ff883d89f8ae0a51511d60893a62b3c4,1200,800,RGB,269970,train
PHYTO_RAW_1620,Dataset of groundnut plant leaf images for classification and detection/Raw_Data/healthy leaf/IMG_2287.JPG,IMG_2287.JPG,healthy_leaf,22b54460a0527e9c671492a1ee105485c95536892fe5cac0a75c0589d8608947,1200,800,RGB,286108,validation
PHYTO_RAW_1621,Dataset of groundnut plant leaf images for classification and detection/Raw_Data/healthy leaf/IMG_2692.JPG,IMG_2692.JPG,healthy_leaf,05d56ea6191e77a046afc502dc61605afdd8a8e97df5c346364b34a8ec9d23e5,1200,800,RGB,247744,train
PHYTO_RAW_1622,Dataset of groundnut plant leaf images for classification and detection/Raw_Data/healthy leaf/IMG_2693.JPG,IMG_2693.JPG,healthy_leaf,3407bc8dd1ddac6742de99105401edb2f85231d2e646037b99c08f035555a0a3,1200,800,RGB,235034,train
PHYTO_RAW_1623,Dataset of groundnut plant leaf images for classification and detection/Raw_Data/healthy leaf/IMG_2694.JPG,IMG_2694.JPG,healthy_leaf,b8f021fa3a22104ba863098f2a9dd86645119e8c5063f9df5a29e32f04f23791,1200,800,RGB,249679,test
PHYTO_RAW_1624,Dataset of groundnut plant leaf images for classification and detection/Raw_Data/healthy leaf/IMG_2695.JPG,IMG_2695.JPG,healthy_leaf,bcac57831d9eceea2456542c79db11dd4cd9ac8af751576519ce464c3bdc3be4,1200,800,RGB,280040,validation
PHYTO_RAW_1625,Dataset of groundnut plant leaf images for classification and detection/Raw_Data/healthy leaf/IMG_2696.JPG,IMG_2696.JPG,healthy_leaf,c71e18845346cdbbf6e7e04b53a181c28eb03c3392a161ab6392155e8bdf04ee,1200,800,RGB,275972,validation
PHYTO_RAW_1626,Dataset of groundnut plant leaf images for classification and detection/Raw_Data/healthy leaf/IMG_2697.JPG,IMG_2697.JPG,healthy_leaf,35ea2c24514f70bbbb8449fe0345eebae57683f11132b10bc1f0ef879a76282b,1200,800,RGB,279035,test
PHYTO_RAW_1627,Dataset of groundnut plant leaf images for classification and detection/Raw_Data/healthy leaf/IMG_2698.JPG,IMG_2698.JPG,healthy_leaf,9a97ccc3636cbd24e2db6751c69fc20b8acfcc3d76e2375842d8765f1d2c9029,1200,800,RGB,302528,train
PHYTO_RAW_1628,Dataset of groundnut plant leaf images for classification and detection/Raw_Data/healthy leaf/IMG_2699.JPG,IMG_2699.JPG,healthy_leaf,70471f71323d4b712216cd537c9043ab6795d966f90421a788c8fc0bc11ca5a5,1200,800,RGB,265916,validation
PHYTO_RAW_1629,Dataset of groundnut plant leaf images for classification and detection/Raw_Data/healthy leaf/IMG_2700.JPG,IMG_2700.JPG,healthy_leaf,62d4f30e3d545bf5732a4621d35f0f743014157f272750e0d8851513a85eeea9,1200,800,RGB,272257,train
PHYTO_RAW_1630,Dataset of groundnut plant leaf images for classification and detection/Raw_Data/healthy leaf/IMG_2701.JPG,IMG_2701.JPG,healthy_leaf,903333cc936ac8a8f6ec6409fb5030f74cef9606cca896083e9144a4ed52eaf4,1200,800,RGB,257356,validation
PHYTO_RAW_1631,Dataset of groundnut plant leaf images for classification and detection/Raw_Data/healthy leaf/IMG_2702.JPG,IMG_2702.JPG,healthy_leaf,248a6e3c59765611d926b0465006938e00968438b68a6b42ddca3873dd22a83c,1200,800,RGB,279182,validation
PHYTO_RAW_1632,Dataset of groundnut plant leaf images for classification and detection/Raw_Data/healthy leaf/IMG_2703.JPG,IMG_2703.JPG,healthy_leaf,adfdc8faa8ee27aab96dd9adbaf62b7ebd8fa4164e76c21173cceff8efddebe3,1200,800,RGB,290282,train
PHYTO_RAW_1633,Dataset of groundnut plant leaf images for classification and detection/Raw_Data/healthy leaf/IMG_2704.JPG,IMG_2704.JPG,healthy_leaf,588188815ba043a5bd9874917e3d845a8711025a4dabc742fa2b8858744e8965,1200,800,RGB,280773,test
PHYTO_RAW_1634,Dataset of groundnut plant leaf images for classification and detection/Raw_Data/healthy leaf/IMG_2705.JPG,IMG_2705.JPG,healthy_leaf,0e08457df42e0842beacb5a5776e3cd5acd5aeacf01c699fac302e76b75c16cc,1200,800,RGB,271662,validation
PHYTO_RAW_1635,Dataset of groundnut plant leaf images for classification and detection/Raw_Data/healthy leaf/IMG_2743.JPG,IMG_2743.JPG,healthy_leaf,3d5ff17062e0aab317569b5994354b6440676c44ba95265e62341e07c91b8562,1200,800,RGB,252146,train
PHYTO_RAW_1636,Dataset of groundnut plant leaf images for classification and detection/Raw_Data/healthy leaf/IMG_2744.JPG,IMG_2744.JPG,healthy_leaf,8a91f0169b5a7de1c9bb95dcf849ef4cf7d3e88fbfcbc4712d291e89cc95272b,1200,800,RGB,227115,train
PHYTO_RAW_1637,Dataset of groundnut plant leaf images for classification and detection/Raw_Data/healthy leaf/IMG_2745.JPG,IMG_2745.JPG,healthy_leaf,2e55aa8723cb495dcf4f77c3dcfd7d60f3c78e24da188190f3a29bcfa8fcc467,1200,800,RGB,332635,train
PHYTO_RAW_1638,Dataset of groundnut plant leaf images for classification and detection/Raw_Data/healthy leaf/IMG_2746.JPG,IMG_2746.JPG,healthy_leaf,7d8f863b622a3db2c7360f2444b40fe0340dae13619d1df7bcd1eb2772320239,1200,800,RGB,207545,train
PHYTO_RAW_1639,Dataset of groundnut plant leaf images for classification and detection/Raw_Data/healthy leaf/IMG_2747.JPG,IMG_2747.JPG,healthy_leaf,b87dda62f359b128a77eff871ebaaea1044da7affb3fdea24082e5ea9f22de8d,1200,800,RGB,223497,train
PHYTO_RAW_1640,Dataset of groundnut plant leaf images for classification and detection/Raw_Data/healthy leaf/IMG_2748.JPG,IMG_2748.JPG,healthy_leaf,760f50471282c94d666a6f29866e637011d8f3182bbfda70e50aafece4e7b5df,1200,800,RGB,222299,train
PHYTO_RAW_1641,Dataset of groundnut plant leaf images for classification and detection/Raw_Data/healthy leaf/IMG_2749.JPG,IMG_2749.JPG,healthy_leaf,d8083c9aeb912d072113a5aa794a137c91306a8a555c4bcbce8014994f069a83,1200,800,RGB,219465,train
PHYTO_RAW_1642,Dataset of groundnut plant leaf images for classification and detection/Raw_Data/healthy leaf/IMG_2750.JPG,IMG_2750.JPG,healthy_leaf,5dd968ee6995cf11e1b696c05a760e11206eb284df263f0400812a7a6dadea05,1200,800,RGB,219330,validation
PHYTO_RAW_1643,Dataset of groundnut plant leaf images for classification and detection/Raw_Data/healthy leaf/IMG_2751.JPG,IMG_2751.JPG,healthy_leaf,b9a72087e344c7344f58f682028dc2371a33e310af8a80c2b2dbefd70fc1adf4,1200,800,RGB,216797,train
PHYTO_RAW_1644,Dataset of groundnut plant leaf images for classification and detection/Raw_Data/healthy leaf/IMG_2752.JPG,IMG_2752.JPG,healthy_leaf,924bfabff2d40e120a55ca516e4f49001e9d23277c369104b60d62756f10276b,1200,800,RGB,214624,test
PHYTO_RAW_1645,Dataset of groundnut plant leaf images for classification and detection/Raw_Data/healthy leaf/IMG_2753.JPG,IMG_2753.JPG,healthy_leaf,3df2ad132c101e2c58fced71ad9e274d586aba886a3519129d404a61cd7da81e,1200,800,RGB,213084,train
PHYTO_RAW_1646,Dataset of groundnut plant leaf images for classification and detection/Raw_Data/healthy leaf/IMG_2756.JPG,IMG_2756.JPG,healthy_leaf,4d728c9ca6bf4ae40f014d5144df7405d05b38cc4d1602e1ed5c8fb949d8cb95,1200,800,RGB,255972,train
PHYTO_RAW_1647,Dataset of groundnut plant leaf images for classification and detection/Raw_Data/healthy leaf/IMG_2757.JPG,IMG_2757.JPG,healthy_leaf,5346323a3a2c5ef57581c8bb01813476839ce21fb091d0146c2e8c2c196eccf7,1200,800,RGB,286489,train
PHYTO_RAW_1648,Dataset of groundnut plant leaf images for classification and detection/Raw_Data/healthy leaf/IMG_2768.JPG,IMG_2768.JPG,healthy_leaf,893c5a61f632448ba981d4b0f51bbe5ae9082cf45a979e812208ed09d8bf1ce3,1200,800,RGB,201548,validation
PHYTO_RAW_1649,Dataset of groundnut plant leaf images for classification and detection/Raw_Data/healthy leaf/IMG_2769.JPG,IMG_2769.JPG,healthy_leaf,c914e318bbdb8ace874b8161afb273a2f00a04edc0a68cddbbabf7890b91bca3,1200,800,RGB,220816,validation
PHYTO_RAW_1650,Dataset of groundnut plant leaf images for classification and detection/Raw_Data/healthy leaf/IMG_2770.JPG,IMG_2770.JPG,healthy_leaf,be6a9cddfdba02d126f20d815b040fc4a9ce305e2efb8f4d2157460890dbc1d3,1200,800,RGB,221234,train
PHYTO_RAW_1651,Dataset of groundnut plant leaf images for classification and detection/Raw_Data/healthy leaf/IMG_2771.JPG,IMG_2771.JPG,healthy_leaf,eecaa3c38993b678fc8b45c6c2105ceae634e12162359057dd584541c8e88426,1200,800,RGB,214464,train
PHYTO_RAW_1652,Dataset of groundnut plant leaf images for classification and detection/Raw_Data/healthy leaf/IMG_2772.JPG,IMG_2772.JPG,healthy_leaf,8f5da71effced282a08293883d146cbc9036f14486262ac476d1a3d1b1357230,1200,800,RGB,210312,train
PHYTO_RAW_1653,Dataset of groundnut plant leaf images for classification and detection/Raw_Data/healthy leaf/IMG_2773.JPG,IMG_2773.JPG,healthy_leaf,fefcd5d587fccda524f806b3a0c4a845bdaeb8dbaf61bdf3ed2029f39a9e45ed,1200,800,RGB,225680,train
PHYTO_RAW_1654,Dataset of groundnut plant leaf images for classification and detection/Raw_Data/healthy leaf/IMG_2774.JPG,IMG_2774.JPG,healthy_leaf,3c31f66ff581071d0ebb16f35a4e563b79bc1182f6761ad856aeb144f6d4b1d0,1200,800,RGB,217344,validation
PHYTO_RAW_1655,Dataset of groundnut plant leaf images for classification and detection/Raw_Data/healthy leaf/IMG_2775.JPG,IMG_2775.JPG,healthy_leaf,02a433cbb544aa79eb7694324cfb6b3dbb42329822208d6bb90e425f8a9b7fb1,1200,800,RGB,195714,train
PHYTO_RAW_1656,Dataset of groundnut plant leaf images for classification and detection/Raw_Data/healthy leaf/IMG_2776.JPG,IMG_2776.JPG,healthy_leaf,052247e914cc794065dd1b6c9b6a3f427a6a2411046a051ea03d18d0cd9e736b,1200,800,RGB,224821,validation
PHYTO_RAW_1657,Dataset of groundnut plant leaf images for classification and detection/Raw_Data/healthy leaf/IMG_2777.JPG,IMG_2777.JPG,healthy_leaf,7460aca3b551d52b184925d9322dae8eb02e1f80aab07588f05a986112b41bd4,1200,800,RGB,213971,train
PHYTO_RAW_1658,Dataset of groundnut plant leaf images for classification and detection/Raw_Data/healthy leaf/IMG_2778.JPG,IMG_2778.JPG,healthy_leaf,206df0c45d5d0cce9d8f6da91b32b7aa6addbd6b681d9d4b1727cfb36c3bb543,1200,800,RGB,221055,train
PHYTO_RAW_1659,Dataset of groundnut plant leaf images for classification and detection/Raw_Data/healthy leaf/IMG_2779.JPG,IMG_2779.JPG,healthy_leaf,089ebe19eada41110ae81ba12f9ce1df5f0f6f61c56fde248ab0b17209d6df4b,1200,800,RGB,203065,train
PHYTO_RAW_1660,Dataset of groundnut plant leaf images for classification and detection/Raw_Data/healthy leaf/IMG_2780.JPG,IMG_2780.JPG,healthy_leaf,4b83927b0bf8baa625b77bdb25c48f511003b60a1469f3c1f9ac783daa29b2c7,1200,800,RGB,246856,train
PHYTO_RAW_1661,Dataset of groundnut plant leaf images for classification and detection/Raw_Data/healthy leaf/IMG_2781.JPG,IMG_2781.JPG,healthy_leaf,83d3885a5794f265d26abb618474061a63b79657b05d0db5c0a12c8bf8af1cf4,1200,800,RGB,219348,test
PHYTO_RAW_1662,Dataset of groundnut plant leaf images for classification and detection/Raw_Data/healthy leaf/IMG_2782.JPG,IMG_2782.JPG,healthy_leaf,a07bf4c5fef77ad4cd8aaae977cebdfb862c3379a95c87591caf8529ee330547,1200,800,RGB,208816,test
PHYTO_RAW_1663,Dataset of groundnut plant leaf images for classification and detection/Raw_Data/healthy leaf/IMG_2783.JPG,IMG_2783.JPG,healthy_leaf,da1f3fcba5d40a86f927a70380495fe159caaf4b0a8a95091cce3429bb5663a2,1200,800,RGB,222645,train
PHYTO_RAW_1664,Dataset of groundnut plant leaf images for classification and detection/Raw_Data/healthy leaf/IMG_2784.JPG,IMG_2784.JPG,healthy_leaf,244fc73f5371e43a1bf50ed315bd8b52861fcccf3df7466497351d82645f282a,1200,800,RGB,238000,validation
PHYTO_RAW_1665,Dataset of groundnut plant leaf images for classification and detection/Raw_Data/healthy leaf/IMG_2789.JPG,IMG_2789.JPG,healthy_leaf,a0d11ee572abb98a52d479cff19edec245a07eeba737e862cc9c8e0ad0db4357,1200,800,RGB,197719,train
PHYTO_RAW_1666,Dataset of groundnut plant leaf images for classification and detection/Raw_Data/healthy leaf/IMG_2790.JPG,IMG_2790.JPG,healthy_leaf,42b8da8f18f2f97116bb67b4670f65440e7a0bc3dd067e144e344f8c3b1e6f06,1200,800,RGB,207466,train
PHYTO_RAW_1667,Dataset of groundnut plant leaf images for classification and detection/Raw_Data/healthy leaf/IMG_2791.JPG,IMG_2791.JPG,healthy_leaf,021e8322380b4639870608616d314d7807605132b6528edc6b094fc3f053176b,1200,800,RGB,206223,train
PHYTO_RAW_1668,Dataset of groundnut plant leaf images for classification and detection/Raw_Data/healthy leaf/IMG_2792.JPG,IMG_2792.JPG,healthy_leaf,d7fb470566718a9d4d40e434a50fa8e5ae8e934da86847799a6a1eed4ac07781,1200,800,RGB,192152,train
PHYTO_RAW_1669,Dataset of groundnut plant leaf images for classification and detection/Raw_Data/healthy leaf/IMG_2793.JPG,IMG_2793.JPG,healthy_leaf,a254e991004a9957d65ac55992aeed9806511c6dec21e411007841952230bd0a,1200,800,RGB,204685,train
PHYTO_RAW_1670,Dataset of groundnut plant leaf images for classification and detection/Raw_Data/healthy leaf/IMG_2794.JPG,IMG_2794.JPG,healthy_leaf,22e6a3e4505fa8ada4f37fbbc6b5141e85423278c5fdf2d02de0b0faef351a9b,1200,800,RGB,221208,test
PHYTO_RAW_1671,Dataset of groundnut plant leaf images for classification and detection/Raw_Data/healthy leaf/IMG_2923.JPG,IMG_2923.JPG,healthy_leaf,68b0241f0038008743b6f779243b4b14267a41b758b517868d961829ba0f8021,1200,800,RGB,196403,train
PHYTO_RAW_1672,Dataset of groundnut plant leaf images for classification and detection/Raw_Data/healthy leaf/IMG_2924.JPG,IMG_2924.JPG,healthy_leaf,4f1ae641c3c8747d5a68084d97fdcbc766adaea3beec2ab84aab3b00deaf5eaa,1200,800,RGB,183920,test
PHYTO_RAW_1673,Dataset of groundnut plant leaf images for classification and detection/Raw_Data/healthy leaf/IMG_2925.JPG,IMG_2925.JPG,healthy_leaf,70bc286b682afaa05165beedf64cdf728ac3d5dc53364e26ce179766a221bd52,1200,800,RGB,240298,train
PHYTO_RAW_1674,Dataset of groundnut plant leaf images for classification and detection/Raw_Data/healthy leaf/IMG_2926.JPG,IMG_2926.JPG,healthy_leaf,f006febc63240fb2426597881970a2dc2b0efbc8e8c2793226bc0091fdd2d0c5,1200,800,RGB,195213,train
PHYTO_RAW_1675,Dataset of groundnut plant leaf images for classification and detection/Raw_Data/healthy leaf/IMG_2927.JPG,IMG_2927.JPG,healthy_leaf,87eab9e1852458b2fee5b916500f6fc42868918602792aaaf0c02c6eda1ecace,1200,800,RGB,225630,train
PHYTO_RAW_1676,Dataset of groundnut plant leaf images for classification and detection/Raw_Data/healthy leaf/IMG_2928.JPG,IMG_2928.JPG,healthy_leaf,370fae5aa0859290932648a6204952c895af58e8d172da9034dc922bcda17338,1200,800,RGB,194985,train
PHYTO_RAW_1677,Dataset of groundnut plant leaf images for classification and detection/Raw_Data/healthy leaf/IMG_2929.JPG,IMG_2929.JPG,healthy_leaf,801892d929c05e329a17fa7da5dbd000393941155df467b9c54e6f26dc5adffc,1200,800,RGB,206961,validation
PHYTO_RAW_1678,Dataset of groundnut plant leaf images for classification and detection/Raw_Data/healthy leaf/IMG_2930.JPG,IMG_2930.JPG,healthy_leaf,60cd388d5a8256f91b48e811a9ecdc7b660d1b3aa81821e15c36b025468c6174,1200,800,RGB,197874,train
PHYTO_RAW_1679,Dataset of groundnut plant leaf images for classification and detection/Raw_Data/healthy leaf/IMG_2931.JPG,IMG_2931.JPG,healthy_leaf,0c92e658bff7be1b3bee3a66260ec248c5e2afbc6522c533dac8cd3e3fc9bf36,1200,800,RGB,217683,train
PHYTO_RAW_1680,Dataset of groundnut plant leaf images for classification and detection/Raw_Data/healthy leaf/IMG_2932.JPG,IMG_2932.JPG,healthy_leaf,328d0784e0014665e3c1d39778149ec2636730274f849cf585c849eb5583e0a0,1200,800,RGB,191693,train
PHYTO_RAW_1681,Dataset of groundnut plant leaf images for classification and detection/Raw_Data/healthy leaf/IMG_2933.JPG,IMG_2933.JPG,healthy_leaf,dce825087f58f7ac080f5e4fc11b4c212fee7e56e933edeae2cbe4868b0cecb5,1200,800,RGB,192242,validation
PHYTO_RAW_1682,Dataset of groundnut plant leaf images for classification and detection/Raw_Data/healthy leaf/IMG_2934.JPG,IMG_2934.JPG,healthy_leaf,39f0aa65f1e86ef6bdfba8d883802da6a84b0236bfbb1354d9e3c174442a9194,1200,800,RGB,238189,train
PHYTO_RAW_1683,Dataset of groundnut plant leaf images for classification and detection/Raw_Data/healthy leaf/IMG_2935.JPG,IMG_2935.JPG,healthy_leaf,b2380ba85f18a56a764047fac207f8fde7be30e1543ebf6edcc5b04aab063abc,1200,800,RGB,222375,train
PHYTO_RAW_1684,Dataset of groundnut plant leaf images for classification and detection/Raw_Data/healthy leaf/IMG_2936.JPG,IMG_2936.JPG,healthy_leaf,f37482a5b395f5732ee108ace81a49332448e7fa6503dca3d644919f1506f6da,1200,800,RGB,228168,train
PHYTO_RAW_1685,Dataset of groundnut plant leaf images for classification and detection/Raw_Data/healthy leaf/IMG_2937.JPG,IMG_2937.JPG,healthy_leaf,c16ee244c3146ec3856c150de7a82e677482175cb1245036e0f082dbb892075d,1200,800,RGB,247107,train
PHYTO_RAW_1686,Dataset of groundnut plant leaf images for classification and detection/Raw_Data/healthy leaf/IMG_2938.JPG,IMG_2938.JPG,healthy_leaf,006086079fdbbdda04dd4da98ede8ab21b9eca408d5433ff5ec2009606db15d8,1200,800,RGB,219931,train
PHYTO_RAW_1687,Dataset of groundnut plant leaf images for classification and detection/Raw_Data/healthy leaf/IMG_2939.JPG,IMG_2939.JPG,healthy_leaf,b6178114d26b02902142fd3873b3216f30f059f93c010a86378daed8e635b478,1200,800,RGB,205407,train
PHYTO_RAW_1688,Dataset of groundnut plant leaf images for classification and detection/Raw_Data/healthy leaf/IMG_2940.JPG,IMG_2940.JPG,healthy_leaf,bf686a5a2cca5a3aca9e9778a7fba0969f32faa5eb58e06480230cfd30f525a9,1200,800,RGB,218005,validation
PHYTO_RAW_1689,Dataset of groundnut plant leaf images for classification and detection/Raw_Data/healthy leaf/IMG_2941.JPG,IMG_2941.JPG,healthy_leaf,49ed30d71167123e5d461bccaab3eeb6d0b1e3957e92d65236a078e17b53d6af,1200,800,RGB,209523,train
PHYTO_RAW_1690,Dataset of groundnut plant leaf images for classification and detection/Raw_Data/healthy leaf/IMG_2942.JPG,IMG_2942.JPG,healthy_leaf,433a3352fc6ea990028d5dbd052c30e66d81d5efe858f4bdb0a4e0d30cdb0aa1,1200,800,RGB,219506,test
PHYTO_RAW_1691,Dataset of groundnut plant leaf images for classification and detection/Raw_Data/healthy leaf/IMG_2943.JPG,IMG_2943.JPG,healthy_leaf,f68c3360ff66c052a79cbc86852483a54a1791d3e0725f688cf76ee20f6f396d,1200,800,RGB,227793,validation
PHYTO_RAW_1692,Dataset of groundnut plant leaf images for classification and detection/Raw_Data/healthy leaf/IMG_2944.JPG,IMG_2944.JPG,healthy_leaf,3fd4b274ebd5fe58211a19baaf39d842ca5aa3c0e11e307cf5a82d518660ec78,1200,800,RGB,174132,train
PHYTO_RAW_1693,Dataset of groundnut plant leaf images for classification and detection/Raw_Data/healthy leaf/IMG_2945.JPG,IMG_2945.JPG,healthy_leaf,4bbc4e1e65d61fe21baf3c244ecef1945fac43ce358f0e10c46696a7ff8d23c5,1200,800,RGB,213756,train
PHYTO_RAW_1694,Dataset of groundnut plant leaf images for classification and detection/Raw_Data/healthy leaf/IMG_2946.JPG,IMG_2946.JPG,healthy_leaf,7078411c13ef6770909ffc787091e1b175c6b899d2d0a0f66dac0203c71898e4,1200,800,RGB,211024,train
PHYTO_RAW_1695,Dataset of groundnut plant leaf images for classification and detection/Raw_Data/healthy leaf/IMG_2947.JPG,IMG_2947.JPG,healthy_leaf,d2e6aa830b2cd1b68e871b2fc7d92fb39cf42913cd90102acc0bd428b2549635,1200,800,RGB,238923,validation
PHYTO_RAW_1696,Dataset of groundnut plant leaf images for classification and detection/Raw_Data/healthy leaf/IMG_2948.JPG,IMG_2948.JPG,healthy_leaf,aa3bd6f5df4f6504563502d230ae1d02587bdf35c6afa240545b26b9e9f80425,1200,800,RGB,229066,train
PHYTO_RAW_1697,Dataset of groundnut plant leaf images for classification and detection/Raw_Data/healthy leaf/IMG_2949.JPG,IMG_2949.JPG,healthy_leaf,9a9baca4291d99719b8b26ebb2f1eedd7f8d5d3dcf4195ef654c65638cf04461,1200,800,RGB,215252,test
PHYTO_RAW_1698,Dataset of groundnut plant leaf images for classification and detection/Raw_Data/healthy leaf/IMG_2950.JPG,IMG_2950.JPG,healthy_leaf,7e62a6617e6b55d69da6d1cc2728817e3abd3fa5d9bf1ec2d1d3866d9b317993,1200,800,RGB,207663,train
PHYTO_RAW_1699,Dataset of groundnut plant leaf images for classification and detection/Raw_Data/healthy leaf/IMG_2951.JPG,IMG_2951.JPG,healthy_leaf,9b799bfdd80b8c79371d5ef580a9ed76bcdca98de63df85d431f97f0eee9360f,1200,800,RGB,209048,train
PHYTO_RAW_1700,Dataset of groundnut plant leaf images for classification and detection/Raw_Data/healthy leaf/IMG_2958.JPG,IMG_2958.JPG,healthy_leaf,5532504d0134d3d474af58249adedbd07aa96d12a59a0fc90be73c76f99a230c,1200,800,RGB,217930,train
PHYTO_RAW_1701,Dataset of groundnut plant leaf images for classification and detection/Raw_Data/healthy leaf/IMG_2959.JPG,IMG_2959.JPG,healthy_leaf,330bcedd230f4ef14730505f605479b709584fa093eedff316cacfddbeb0ce05,1200,800,RGB,198097,train
PHYTO_RAW_1702,Dataset of groundnut plant leaf images for classification and detection/Raw_Data/healthy leaf/IMG_2960.JPG,IMG_2960.JPG,healthy_leaf,d1ff54e58499c1fe0a57fa9a2ace49d404fc17be7e55fb7c48512987fa98aaea,1200,800,RGB,198764,train
PHYTO_RAW_1703,Dataset of groundnut plant leaf images for classification and detection/Raw_Data/healthy leaf/IMG_2961.JPG,IMG_2961.JPG,healthy_leaf,3865f848897cc7a8ccf2db55afeb44aac8c2d7358a04c4d7cd8839dd09c027f5,1200,800,RGB,226654,train
PHYTO_RAW_1704,Dataset of groundnut plant leaf images for classification and detection/Raw_Data/healthy leaf/IMG_2962.JPG,IMG_2962.JPG,healthy_leaf,c94a52e07cac711f57f113129b4af09c6a251838cf5fd201beaee72372dc5be7,1200,800,RGB,218210,validation
PHYTO_RAW_1705,Dataset of groundnut plant leaf images for classification and detection/Raw_Data/healthy leaf/IMG_2963.JPG,IMG_2963.JPG,healthy_leaf,8a0e88f525875fa94df28a6f783c76562a84ef7cbe75bb09ae030ba5d50c93a3,1200,800,RGB,230819,train
PHYTO_RAW_1706,Dataset of groundnut plant leaf images for classification and detection/Raw_Data/healthy leaf/IMG_2964.JPG,IMG_2964.JPG,healthy_leaf,3d3be7c3269c8d41d1f37f60e760834c94c2796c21e2ead8f6dc67813ab11d95,1200,800,RGB,238714,train
PHYTO_RAW_1707,Dataset of groundnut plant leaf images for classification and detection/Raw_Data/healthy leaf/IMG_2965.JPG,IMG_2965.JPG,healthy_leaf,bc5a4b4b639e7fedfebe6d494a2093470fe2c0a52357a7381298ae7793e5c759,1200,800,RGB,214934,train
PHYTO_RAW_1708,Dataset of groundnut plant leaf images for classification and detection/Raw_Data/healthy leaf/IMG_2966.JPG,IMG_2966.JPG,healthy_leaf,fe0e682f4b1416a3904840601036c83d33cab89230bd31691e95ec6ec9582f37,1200,800,RGB,209522,test
PHYTO_RAW_1709,Dataset of groundnut plant leaf images for classification and detection/Raw_Data/healthy leaf/IMG_2967.JPG,IMG_2967.JPG,healthy_leaf,5965f0cedc2a95c7d3c79f7e80a7c169b88eee3f037180ffe7ddbbe43ea1c7a8,1200,800,RGB,235874,train
PHYTO_RAW_1710,Dataset of groundnut plant leaf images for classification and detection/Raw_Data/healthy leaf/IMG_2968.JPG,IMG_2968.JPG,healthy_leaf,1a4a1e8030c4d02634f6ac9f885fb81d2468e7028e5d50b1fe7fe55c7118fcd2,1200,800,RGB,193347,train
PHYTO_RAW_1711,Dataset of groundnut plant leaf images for classification and detection/Raw_Data/healthy leaf/IMG_2973.JPG,IMG_2973.JPG,healthy_leaf,0ce8df8848dd8988436b16252788f036fe7e72349c5d4b8bb47a943c78ab745b,1200,800,RGB,260841,train
PHYTO_RAW_1712,Dataset of groundnut plant leaf images for classification and detection/Raw_Data/healthy leaf/IMG_2974.JPG,IMG_2974.JPG,healthy_leaf,c71eab77a8f494347a39f1e6de38e84ae085da43831d854e0d8dae244cce5f62,1200,800,RGB,278635,test
PHYTO_RAW_1713,Dataset of groundnut plant leaf images for classification and detection/Raw_Data/healthy leaf/IMG_2975.JPG,IMG_2975.JPG,healthy_leaf,337cbf6e75c74f992773865b9c5655a2ef59a549a27d32e6843ed2262afe8a4e,1200,800,RGB,302502,test
PHYTO_RAW_1714,Dataset of groundnut plant leaf images for classification and detection/Raw_Data/healthy leaf/IMG_2976.JPG,IMG_2976.JPG,healthy_leaf,c01bc77189b5a16d2f1968df9d16b4ab2c9c3f561d9f0267520c7afcd7530930,1200,800,RGB,319415,train
PHYTO_RAW_1715,Dataset of groundnut plant leaf images for classification and detection/Raw_Data/healthy leaf/IMG_2977.JPG,IMG_2977.JPG,healthy_leaf,1c3aa70b1d42f3aeff5c43770c6ea3ab57de063e1cfeda081512d4f237f3f590,1200,800,RGB,289797,test
PHYTO_RAW_1716,Dataset of groundnut plant leaf images for classification and detection/Raw_Data/healthy leaf/IMG_2978.JPG,IMG_2978.JPG,healthy_leaf,2bd4dc80fc72c7308aa7bc35c940ed595c7ae450d778d372d137f049373c283e,1200,800,RGB,288835,validation
PHYTO_RAW_1717,Dataset of groundnut plant leaf images for classification and detection/Raw_Data/healthy leaf/IMG_2979.JPG,IMG_2979.JPG,healthy_leaf,606d64de8d363df20eff53113bf3c584d99b6092874867d72e208eb5053cf10a,1200,800,RGB,329641,train
PHYTO_RAW_1718,Dataset of groundnut plant leaf images for classification and detection/Raw_Data/healthy leaf/IMG_2989.JPG,IMG_2989.JPG,healthy_leaf,6e0f5e6d541184565737c12a1901347278118c4c753c9da81728ac9a065bdf44,1200,800,RGB,224647,train
PHYTO_RAW_1719,Dataset of groundnut plant leaf images for classification and detection/Raw_Data/healthy leaf/IMG_2990.JPG,IMG_2990.JPG,healthy_leaf,57ed1a0f2d38db9785c88283bde4eac983fdebbadad4b9c42ca6e6e28901061e,1200,800,RGB,221319,train
PHYTO_RAW_1720,Dataset of groundnut plant leaf images for classification and detection/Raw_Data/healthy leaf/IMG_2991.JPG,IMG_2991.JPG,healthy_leaf,401471fc654f49998715964d5a845e9ba30ce3de11022d23523db328d0a4a6e2,1200,800,RGB,252631,train
PHYTO_RAW_1721,Dataset of groundnut plant leaf images for classification and detection/Raw_Data/healthy leaf/IMG_2992.JPG,IMG_2992.JPG,healthy_leaf,0e624a9ca4e1c942f27107e765b13637c5335be39608843979cdda6ba554915e,1200,800,RGB,229402,test
PHYTO_RAW_1722,Dataset of groundnut plant leaf images for classification and detection/Raw_Data/healthy leaf/IMG_2993.JPG,IMG_2993.JPG,healthy_leaf,52c14c6961955080e9674ef5ed770eb14167e003911bcbc26b49a8d96def57bf,1200,800,RGB,246587,train
PHYTO_RAW_1723,Dataset of groundnut plant leaf images for classification and detection/Raw_Data/healthy leaf/IMG_2994.JPG,IMG_2994.JPG,healthy_leaf,e1c11ee7693e1f6032eac992d9b3eca2ec1691582eecb9bb080e4d6d3d38a4bd,1200,800,RGB,246716,train
PHYTO_RAW_1724,Dataset of groundnut plant leaf images for classification and detection/Raw_Data/healthy leaf/IMG_2995.JPG,IMG_2995.JPG,healthy_leaf,e956841cfafdf46ad42a59e7f366cd2877d320dc3ef078618776620a76574556,1200,800,RGB,222435,validation
PHYTO_RAW_1725,Dataset of groundnut plant leaf images for classification and detection/Raw_Data/healthy leaf/IMG_2996.JPG,IMG_2996.JPG,healthy_leaf,cbb1e6e742f2e68dc6b816dfdeac186de50c552be61f9ec1ce3e0e5286a28375,1200,800,RGB,258431,validation
PHYTO_RAW_1726,Dataset of groundnut plant leaf images for classification and detection/Raw_Data/healthy leaf/IMG_2997.JPG,IMG_2997.JPG,healthy_leaf,76d781f4e2dd9fb08b3e7c1d84301b43034a744bd498734cfb8c3a54b13781d9,1200,800,RGB,229442,validation
PHYTO_RAW_1727,Dataset of groundnut plant leaf images for classification and detection/Raw_Data/healthy leaf/IMG_2998.JPG,IMG_2998.JPG,healthy_leaf,fee1ea2467650cc1ef9133ede36b1decd3599db0cdea8aaa5d0951f2137ae66e,1200,800,RGB,229290,train
PHYTO_RAW_1728,Dataset of groundnut plant leaf images for classification and detection/Raw_Data/healthy leaf/IMG_2999.JPG,IMG_2999.JPG,healthy_leaf,c764aa9e54f6baf33af6ce680d2e1a5ab127ac1d1c300729e54835d36d37f8c2,1200,800,RGB,203576,test
PHYTO_RAW_1729,Dataset of groundnut plant leaf images for classification and detection/Raw_Data/healthy leaf/IMG_3000.JPG,IMG_3000.JPG,healthy_leaf,32a3c40d45b813e3a6207916e0c80a1d07fda68879fe107677790672a7a88842,1200,800,RGB,228162,train
PHYTO_RAW_1730,Dataset of groundnut plant leaf images for classification and detection/Raw_Data/healthy leaf/IMG_3001.JPG,IMG_3001.JPG,healthy_leaf,c84a14cb2167928f1cc0c2d47a0d60b0610f554330540b33042c5bcc13131ac9,1200,800,RGB,253639,train
PHYTO_RAW_1731,Dataset of groundnut plant leaf images for classification and detection/Raw_Data/healthy leaf/IMG_3002.JPG,IMG_3002.JPG,healthy_leaf,be213821cf75cbf6bb2f4f6206524a25e0d408ec737aeb6975c886ba596311be,1200,800,RGB,221491,train
PHYTO_RAW_1732,Dataset of groundnut plant leaf images for classification and detection/Raw_Data/healthy leaf/IMG_3003.JPG,IMG_3003.JPG,healthy_leaf,0e37334aec26d0f2126e23e3990230c8c7273473582d12bcf23d039213f0dfbf,1200,800,RGB,230468,test
PHYTO_RAW_1733,Dataset of groundnut plant leaf images for classification and detection/Raw_Data/healthy leaf/IMG_3004.JPG,IMG_3004.JPG,healthy_leaf,248e258b17a022e5c7fc381bd0e8df2f1dbd3d29f99129c1b5653358940dd0ba,1200,800,RGB,186737,train
PHYTO_RAW_1734,Dataset of groundnut plant leaf images for classification and detection/Raw_Data/healthy leaf/IMG_3005.JPG,IMG_3005.JPG,healthy_leaf,2fa8f81ce6bc73cacf3cb6695dd872dc2c0eae79c49ff20e35f7d2107cbec057,1200,800,RGB,252271,train
PHYTO_RAW_1735,Dataset of groundnut plant leaf images for classification and detection/Raw_Data/healthy leaf/IMG_3006.JPG,IMG_3006.JPG,healthy_leaf,25304f4ad6869e40d9b190df4fbb3efee0e352ab3927205cb0559d2e0306c2a3,1200,800,RGB,218274,train
PHYTO_RAW_1736,Dataset of groundnut plant leaf images for classification and detection/Raw_Data/healthy leaf/IMG_3007.JPG,IMG_3007.JPG,healthy_leaf,58644387bfcfedd0dd9ae96573497305eb3a07a0f5c49bf6edb6c0b3297aaf1a,1200,800,RGB,244326,train
PHYTO_RAW_1737,Dataset of groundnut plant leaf images for classification and detection/Raw_Data/healthy leaf/IMG_3008.JPG,IMG_3008.JPG,healthy_leaf,820e8bf57720bcb6bb5c8e7bcee57feca3c6e41cea2eb86bf63c5ea68953b0ef,1200,800,RGB,208378,validation
PHYTO_RAW_1738,Dataset of groundnut plant leaf images for classification and detection/Raw_Data/healthy leaf/IMG_3009.JPG,IMG_3009.JPG,healthy_leaf,1ff4d02cbf6d228787f7002c54287e3ba9cf0dc516a4b7bab49f4edf53a4b400,1200,800,RGB,217552,validation
PHYTO_RAW_1739,Dataset of groundnut plant leaf images for classification and detection/Raw_Data/healthy leaf/IMG_3010.JPG,IMG_3010.JPG,healthy_leaf,84d4dfdcc4c3e4d954aa988a75bd9e6323231f721dc0ab552467c68209893bc5,1200,800,RGB,216243,train
PHYTO_RAW_1740,Dataset of groundnut plant leaf images for classification and detection/Raw_Data/healthy leaf/IMG_3011.JPG,IMG_3011.JPG,healthy_leaf,5166e62b8cafb4a6135668ead2618be36edc7ad4695d6babfecb21bd7f12ca90,1200,800,RGB,234783,test
PHYTO_RAW_1741,Dataset of groundnut plant leaf images for classification and detection/Raw_Data/healthy leaf/IMG_3012.JPG,IMG_3012.JPG,healthy_leaf,b91174d4f6b8895660a733aea682e6aa214eb8d4ea67f5e6c227c0ea5a6e1f16,1200,800,RGB,234074,test
PHYTO_RAW_1742,Dataset of groundnut plant leaf images for classification and detection/Raw_Data/healthy leaf/IMG_3013.JPG,IMG_3013.JPG,healthy_leaf,0e66f32ec09c25ce923cd596abe329ba5288d41422e0219b6555efdcac40e1e5,1200,800,RGB,220017,validation
PHYTO_RAW_1743,Dataset of groundnut plant leaf images for classification and detection/Raw_Data/healthy leaf/IMG_3014.JPG,IMG_3014.JPG,healthy_leaf,82d894d48cc0079aab638c902619a0fc4e8882e953e34c200b2c2e1334f4d53e,1200,800,RGB,208278,test
PHYTO_RAW_1744,Dataset of groundnut plant leaf images for classification and detection/Raw_Data/healthy leaf/IMG_3015.JPG,IMG_3015.JPG,healthy_leaf,08587d8a3e7801bcf3133d64b6259127f0b59dfdd301766e8ab4325ac9300e28,1200,800,RGB,235570,train
PHYTO_RAW_1745,Dataset of groundnut plant leaf images for classification and detection/Raw_Data/healthy leaf/IMG_3016.JPG,IMG_3016.JPG,healthy_leaf,456968c898ebb888e53c2c6d0df48bd9329112c9ee79b494e6c9bb3296bead6a,1200,800,RGB,257877,validation
PHYTO_RAW_1746,Dataset of groundnut plant leaf images for classification and detection/Raw_Data/healthy leaf/IMG_3017.JPG,IMG_3017.JPG,healthy_leaf,eb1275b6e84de5a2680a0d441fa2ba695ab5f33f5d07840f5516e295506c6769,1200,800,RGB,247336,train
PHYTO_RAW_1747,Dataset of groundnut plant leaf images for classification and detection/Raw_Data/healthy leaf/IMG_3018.JPG,IMG_3018.JPG,healthy_leaf,0260c34e177549299f11aa7fef47470e39b7b19713c7417633a532540e1ee4fe,1200,800,RGB,246444,train
PHYTO_RAW_1748,Dataset of groundnut plant leaf images for classification and detection/Raw_Data/healthy leaf/IMG_3019.JPG,IMG_3019.JPG,healthy_leaf,7cc442be4c7e7dd9505791a7048482a2dbd2e2abb4c0c2629f4187cf2bdf126c,1200,800,RGB,194416,train
PHYTO_RAW_1749,Dataset of groundnut plant leaf images for classification and detection/Raw_Data/healthy leaf/IMG_3020.JPG,IMG_3020.JPG,healthy_leaf,691515326f031831fe485548344525b635f2615b97a618ec23fabed0b0f73e2c,1200,800,RGB,212198,train
PHYTO_RAW_1750,Dataset of groundnut plant leaf images for classification and detection/Raw_Data/healthy leaf/IMG_3021.JPG,IMG_3021.JPG,healthy_leaf,f04188967b339738b4bcb6450be55ce3170317cf18726d41e718ac90f36fe4eb,1200,800,RGB,206666,train
PHYTO_RAW_1751,Dataset of groundnut plant leaf images for classification and detection/Raw_Data/healthy leaf/IMG_3022.JPG,IMG_3022.JPG,healthy_leaf,0f6d87f99df03ad9d1911efd3fb33f0bed8a20530b8c3a198e462523403a2a9a,1200,800,RGB,190585,train
PHYTO_RAW_1752,Dataset of groundnut plant leaf images for classification and detection/Raw_Data/healthy leaf/IMG_3023.JPG,IMG_3023.JPG,healthy_leaf,6f30d4558476190395b01dbf085617f6b83e3d54c98c2233300868b6b7feaa45,1200,800,RGB,198150,validation
PHYTO_RAW_1753,Dataset of groundnut plant leaf images for classification and detection/Raw_Data/healthy leaf/IMG_3024.JPG,IMG_3024.JPG,healthy_leaf,a8500124ae586fae69ddcd5057d87a405d320b5240cdc9c62dfe5157680ab62b,1200,800,RGB,224095,train
PHYTO_RAW_1754,Dataset of groundnut plant leaf images for classification and detection/Raw_Data/healthy leaf/IMG_3122.JPG,IMG_3122.JPG,healthy_leaf,30f12943066bd56d8b7be9679a02fca896778e42246b077e8a2e0771b2de24f9,1200,800,RGB,177488,train
PHYTO_RAW_1755,Dataset of groundnut plant leaf images for classification and detection/Raw_Data/healthy leaf/IMG_3123.JPG,IMG_3123.JPG,healthy_leaf,fa89c75671d599f52415febcb31bb015235cc3dc541f2d6606ba0865381bf622,1200,800,RGB,208402,train
PHYTO_RAW_1756,Dataset of groundnut plant leaf images for classification and detection/Raw_Data/healthy leaf/IMG_3124.JPG,IMG_3124.JPG,healthy_leaf,30cae675c9da8ccea0e0c92324aff5517b424441ba6d3afd031520ea77c39e3d,1200,800,RGB,181884,train
PHYTO_RAW_1757,Dataset of groundnut plant leaf images for classification and detection/Raw_Data/healthy leaf/IMG_3125.JPG,IMG_3125.JPG,healthy_leaf,85ab699511e2796b3effcb760a2e3c4cf4986351e8a54acf0495be0b6f1dcd3a,1200,800,RGB,186297,test
PHYTO_RAW_1758,Dataset of groundnut plant leaf images for classification and detection/Raw_Data/healthy leaf/IMG_3126.JPG,IMG_3126.JPG,healthy_leaf,d19d5d1f3da5e369a43139c9da19f4be74f43421acc997e0eb3948710f1ed8d0,1200,800,RGB,198707,train
PHYTO_RAW_1759,Dataset of groundnut plant leaf images for classification and detection/Raw_Data/healthy leaf/IMG_3127.JPG,IMG_3127.JPG,healthy_leaf,62937311c5d3cf18b052e65b7f23b54fb2d5c2ba3cb5cdf614251c3f2b778a42,1200,800,RGB,199886,train
PHYTO_RAW_1760,Dataset of groundnut plant leaf images for classification and detection/Raw_Data/healthy leaf/IMG_3454.JPG,IMG_3454.JPG,healthy_leaf,b490d7e6572a06876309e2608191f80cb1e3fea83c083ef51f7148bd616d64f7,1200,800,RGB,187927,train
PHYTO_RAW_1761,Dataset of groundnut plant leaf images for classification and detection/Raw_Data/healthy leaf/IMG_3455.JPG,IMG_3455.JPG,healthy_leaf,7d3c4bbfd6a80614a7b73cde21f5a195c9f30760eff81a5ffe9f8402ef215044,1200,800,RGB,222049,train
PHYTO_RAW_1762,Dataset of groundnut plant leaf images for classification and detection/Raw_Data/healthy leaf/IMG_3456.JPG,IMG_3456.JPG,healthy_leaf,9ce0feb5b1f3cb46333c4af51ee7353458b250e97455ab884a6c880fda9816ee,1200,800,RGB,220648,test
PHYTO_RAW_1763,Dataset of groundnut plant leaf images for classification and detection/Raw_Data/healthy leaf/IMG_3457.JPG,IMG_3457.JPG,healthy_leaf,820595e3cd7851e4cf735943ecd58cbe61f3355fbf9e333650ec1ea616c0a219,1200,800,RGB,210846,train
PHYTO_RAW_1764,Dataset of groundnut plant leaf images for classification and detection/Raw_Data/healthy leaf/IMG_3458.JPG,IMG_3458.JPG,healthy_leaf,33102fcd58178ff68c889c3de9b7c25555d89bd01e3dd3f4fe6e01a479c989fb,1200,800,RGB,232981,train
PHYTO_RAW_1765,Dataset of groundnut plant leaf images for classification and detection/Raw_Data/healthy leaf/IMG_3459.JPG,IMG_3459.JPG,healthy_leaf,3f682444c15b82a474bce20f11c495109eca060199b207bba61a63d358cb4825,1200,800,RGB,236722,test
PHYTO_RAW_1766,Dataset of groundnut plant leaf images for classification and detection/Raw_Data/healthy leaf/IMG_3460.JPG,IMG_3460.JPG,healthy_leaf,4e8d5f6af5b7e3d09d71657a976cfce8f0947c43fa74b0f04dadf91d589ac765,1200,800,RGB,211501,train
PHYTO_RAW_1767,Dataset of groundnut plant leaf images for classification and detection/Raw_Data/healthy leaf/IMG_3589.JPG,IMG_3589.JPG,healthy_leaf,cf75339d1b3f0c11bd9ef23b7585c768995a81c29c528cae7122bfe278f33c6f,1200,800,RGB,185092,train
PHYTO_RAW_1768,Dataset of groundnut plant leaf images for classification and detection/Raw_Data/healthy leaf/IMG_3590.JPG,IMG_3590.JPG,healthy_leaf,33f84a204572b47ee54cbb58d52e3b8a902f8d29e79e2b5c3533141abbcb9b24,1200,800,RGB,198736,validation
PHYTO_RAW_1769,Dataset of groundnut plant leaf images for classification and detection/Raw_Data/healthy leaf/IMG_3591.JPG,IMG_3591.JPG,healthy_leaf,dffbd708b0655c9812f116ade2fc54b765ff4fae2befd5ba39e40fa72fe517b7,1200,800,RGB,204984,train
PHYTO_RAW_1770,Dataset of groundnut plant leaf images for classification and detection/Raw_Data/healthy leaf/IMG_3592.JPG,IMG_3592.JPG,healthy_leaf,b48f700a0102ac07d358265ad68cf6211ae5898de3aefa786acb05794c4a4efc,1200,800,RGB,204795,train
PHYTO_RAW_1771,Dataset of groundnut plant leaf images for classification and detection/Raw_Data/healthy leaf/IMG_3593.JPG,IMG_3593.JPG,healthy_leaf,98d021340f1ae21b735730d2345e2d961403be1fb84b5b1e87905a9a65b5b660,1200,800,RGB,203735,train
PHYTO_RAW_1772,Dataset of groundnut plant leaf images for classification and detection/Raw_Data/healthy leaf/IMG_3594.JPG,IMG_3594.JPG,healthy_leaf,1c4e5888b4d348e30254a12351de3d86db5408cf32cb0d42328d073a989a87c0,1200,800,RGB,219053,train
PHYTO_RAW_1773,Dataset of groundnut plant leaf images for classification and detection/Raw_Data/healthy leaf/IMG_3595.JPG,IMG_3595.JPG,healthy_leaf,10c7bf2a6051e66edcbcaf7b71191156847dd793b4ab2bfb8dbd829c4fae561f,1200,800,RGB,205866,train
PHYTO_RAW_1774,Dataset of groundnut plant leaf images for classification and detection/Raw_Data/healthy leaf/IMG_3596.JPG,IMG_3596.JPG,healthy_leaf,8e3d01781c2fed1e793ceb6505720926f10b8d9b77d0304831c32001e002bc52,1200,800,RGB,207366,validation
PHYTO_RAW_1775,Dataset of groundnut plant leaf images for classification and detection/Raw_Data/healthy leaf/IMG_3597.JPG,IMG_3597.JPG,healthy_leaf,7769e83e62b7ee8a67420789edee2a28f6db9808a575daf4dd83e6aa355f87e5,1200,800,RGB,218867,train
PHYTO_RAW_1776,Dataset of groundnut plant leaf images for classification and detection/Raw_Data/healthy leaf/IMG_3598.JPG,IMG_3598.JPG,healthy_leaf,2c30c72540da86b687cbf0a4fc9ae0af6b66869840b02b04900a284548feacca,1200,800,RGB,209810,train
PHYTO_RAW_1777,Dataset of groundnut plant leaf images for classification and detection/Raw_Data/healthy leaf/IMG_3599.JPG,IMG_3599.JPG,healthy_leaf,5765e0d53becd4841a46bba19c4bf80546080a321434395461d715291468ce71,1200,800,RGB,214594,train
PHYTO_RAW_1778,Dataset of groundnut plant leaf images for classification and detection/Raw_Data/healthy leaf/IMG_3600.JPG,IMG_3600.JPG,healthy_leaf,a8f7c1ae624b3d95f9a7ef2a443ec1fedc2e49d881357f7d0f03b03736996b24,1200,800,RGB,186044,train
PHYTO_RAW_1779,Dataset of groundnut plant leaf images for classification and detection/Raw_Data/healthy leaf/IMG_3601.JPG,IMG_3601.JPG,healthy_leaf,b1c9fb61ff5bdc20572df0ac1c219bc68cc0ee4178961f5557e0ce4d4559a234,1200,800,RGB,190659,train
PHYTO_RAW_1780,Dataset of groundnut plant leaf images for classification and detection/Raw_Data/healthy leaf/IMG_3602.JPG,IMG_3602.JPG,healthy_leaf,46af726ee0b6e7a29adfc4ae4bbe0ce2579048be086a2a42fecce7bd69566959,1200,800,RGB,188777,validation
PHYTO_RAW_1781,Dataset of groundnut plant leaf images for classification and detection/Raw_Data/healthy leaf/IMG_3603.JPG,IMG_3603.JPG,healthy_leaf,a0cc6b640d88e3f4134423453148fca6c990d79c1fbf6595fece20a3e38da474,1200,800,RGB,254590,test
PHYTO_RAW_1782,Dataset of groundnut plant leaf images for classification and detection/Raw_Data/healthy leaf/IMG_3604.JPG,IMG_3604.JPG,healthy_leaf,e9cd2dee97f09c64b8bc7d6ab2aade25d6f93dd8aab34c8776cc083b43db8c07,1200,800,RGB,203708,train
PHYTO_RAW_1783,Dataset of groundnut plant leaf images for classification and detection/Raw_Data/healthy leaf/IMG_3637.JPG,IMG_3637.JPG,healthy_leaf,4b54ed3ec661edac7bbd1bf38615d4bb58d0679228230406f680797d8a5df062,1200,800,RGB,222279,train
PHYTO_RAW_1784,Dataset of groundnut plant leaf images for classification and detection/Raw_Data/healthy leaf/IMG_3638.JPG,IMG_3638.JPG,healthy_leaf,c733425adb3a9126337ec8d92e0f559fe79aed0b7ccd3582d0e396d574c49c2a,1200,800,RGB,208247,train
PHYTO_RAW_1785,Dataset of groundnut plant leaf images for classification and detection/Raw_Data/healthy leaf/IMG_3639.JPG,IMG_3639.JPG,healthy_leaf,b12c6898b561a5af45903c0ac75237c704dd23ff6c5119b1be82a95679fa53df,1200,800,RGB,227198,test
PHYTO_RAW_1786,Dataset of groundnut plant leaf images for classification and detection/Raw_Data/healthy leaf/IMG_3640.JPG,IMG_3640.JPG,healthy_leaf,8847defc407b9e4bdaee852229a19a38140d467a155e1bbac2dca2525703be07,1200,800,RGB,221956,train
PHYTO_RAW_1787,Dataset of groundnut plant leaf images for classification and detection/Raw_Data/healthy leaf/IMG_3641.JPG,IMG_3641.JPG,healthy_leaf,6099e05cad82f71ac9b0f6e976c39c8c23eb129ae31405aafa7bd1bbdc57bf68,1200,800,RGB,245114,validation
PHYTO_RAW_1788,Dataset of groundnut plant leaf images for classification and detection/Raw_Data/healthy leaf/IMG_3642.JPG,IMG_3642.JPG,healthy_leaf,b450d8db52e297945546a6c8c2db3e3852c58dbfbe737ad73a92049bfcd9307f,1200,800,RGB,213593,train
PHYTO_RAW_1789,Dataset of groundnut plant leaf images for classification and detection/Raw_Data/healthy leaf/IMG_3643.JPG,IMG_3643.JPG,healthy_leaf,0dac6151d5733b203aaba428614137e8d8ceb32ff6672a617b9bb79a66cb69ab,1200,800,RGB,249865,train
PHYTO_RAW_1790,Dataset of groundnut plant leaf images for classification and detection/Raw_Data/healthy leaf/IMG_4229.JPG,IMG_4229.JPG,healthy_leaf,456454945db3ea9ad92a0983e9ffb280844d26f2253da3ab7e6652274d1f82b6,1200,800,RGB,217275,train
PHYTO_RAW_1791,Dataset of groundnut plant leaf images for classification and detection/Raw_Data/healthy leaf/IMG_4230.JPG,IMG_4230.JPG,healthy_leaf,864d180cf8110493067f8dd899f031c5193bcfa507651cd9e38fc3c5af910cef,1200,800,RGB,207007,train
PHYTO_RAW_1792,Dataset of groundnut plant leaf images for classification and detection/Raw_Data/healthy leaf/IMG_4231.JPG,IMG_4231.JPG,healthy_leaf,2648bec09a51544a823383b8b2e20badb4ccae8c9ac012cc8acb32b596a9dea3,1200,800,RGB,211080,validation
PHYTO_RAW_1793,Dataset of groundnut plant leaf images for classification and detection/Raw_Data/healthy leaf/IMG_4232.JPG,IMG_4232.JPG,healthy_leaf,aad936c4617ecc8074972d4818a7b91fb14c69ac81375abe966f125167783eac,1200,800,RGB,186792,train
PHYTO_RAW_1794,Dataset of groundnut plant leaf images for classification and detection/Raw_Data/healthy leaf/IMG_4233.JPG,IMG_4233.JPG,healthy_leaf,8ca265e3820f7e0d79f9c382e08857159dc1e21e864879b376b28f4128ec959d,1200,800,RGB,191233,train
PHYTO_RAW_1795,Dataset of groundnut plant leaf images for classification and detection/Raw_Data/healthy leaf/IMG_4234.JPG,IMG_4234.JPG,healthy_leaf,5410eff55c8eb6927655879391507e053f7d39e5dd8c8a38cbff2b415864661a,1200,800,RGB,216703,train
PHYTO_RAW_1796,Dataset of groundnut plant leaf images for classification and detection/Raw_Data/healthy leaf/IMG_4235.JPG,IMG_4235.JPG,healthy_leaf,8e28ac6a1c32b4bbed270542c3e4e782adabd50bf5fd5ac8e9851078b013a718,1200,800,RGB,192483,validation
PHYTO_RAW_1797,Dataset of groundnut plant leaf images for classification and detection/Raw_Data/healthy leaf/IMG_4236.JPG,IMG_4236.JPG,healthy_leaf,368b40166c809bf543032a7c0826596618c87071db3e71d0c2eb6627e94cada2,1200,800,RGB,207318,test
PHYTO_RAW_1798,Dataset of groundnut plant leaf images for classification and detection/Raw_Data/healthy leaf/IMG_4240.JPG,IMG_4240.JPG,healthy_leaf,1e47ac5cc7c141568f8bafd18ebd2814c76ce4fc6b6589b4166849b13002e736,1200,800,RGB,315961,train
PHYTO_RAW_1799,Dataset of groundnut plant leaf images for classification and detection/Raw_Data/healthy leaf/IMG_4241.JPG,IMG_4241.JPG,healthy_leaf,d93384908c33ec6cb55aa5b8f018c601cf220da0b2962d790aae0052bc435d23,1200,800,RGB,284028,train
PHYTO_RAW_1800,Dataset of groundnut plant leaf images for classification and detection/Raw_Data/healthy leaf/IMG_4242.JPG,IMG_4242.JPG,healthy_leaf,c99bd0163cba275328d189284902830c12101de056d683bc9508563a70dfcb74,1200,800,RGB,289896,train
PHYTO_RAW_1801,Dataset of groundnut plant leaf images for classification and detection/Raw_Data/healthy leaf/IMG_4245.JPG,IMG_4245.JPG,healthy_leaf,c6f7ba2b3b69b76b02354b24fda5732171723b2f26b230f9ae802c84191fa9c5,1200,800,RGB,211816,train
PHYTO_RAW_1802,Dataset of groundnut plant leaf images for classification and detection/Raw_Data/healthy leaf/IMG_4246.JPG,IMG_4246.JPG,healthy_leaf,b65bf0038faf28e5b789ba0ee6ca5ffd91daa5ae5e05fe59b127018d97a56eb3,1200,800,RGB,186359,train
PHYTO_RAW_1803,Dataset of groundnut plant leaf images for classification and detection/Raw_Data/healthy leaf/IMG_4247.JPG,IMG_4247.JPG,healthy_leaf,9951b2150eca7fca437165278d154759e290f91185a9430ee4f6707684dbc213,1200,800,RGB,196570,train
PHYTO_RAW_1804,Dataset of groundnut plant leaf images for classification and detection/Raw_Data/healthy leaf/IMG_4248.JPG,IMG_4248.JPG,healthy_leaf,b408e463929c65a961b94a16bcba5896d279b6d9a0fa1400a929a5ecbf162716,1200,800,RGB,192045,train
PHYTO_RAW_1805,Dataset of groundnut plant leaf images for classification and detection/Raw_Data/healthy leaf/IMG_4305.JPG,IMG_4305.JPG,healthy_leaf,f620f801875e3a1622068b280acbf4d0be5182b06e4ea14d6ee3c2d43d17301e,1200,800,RGB,225638,train
PHYTO_RAW_1806,Dataset of groundnut plant leaf images for classification and detection/Raw_Data/healthy leaf/IMG_4306.JPG,IMG_4306.JPG,healthy_leaf,944f334a53ace97f6095dc0b2d32ddb784e8640137dade94bc81ed07fb2f5973,1200,800,RGB,231957,train
PHYTO_RAW_1807,Dataset of groundnut plant leaf images for classification and detection/Raw_Data/healthy leaf/IMG_4307.JPG,IMG_4307.JPG,healthy_leaf,22ad486783d4c746109929d011c96cf5626dd94b7bd8d8e95455218543dc8c2b,1200,800,RGB,221850,validation
PHYTO_RAW_1808,Dataset of groundnut plant leaf images for classification and detection/Raw_Data/healthy leaf/IMG_4308.JPG,IMG_4308.JPG,healthy_leaf,e568bbe76bb8842e5a686e02dd841b46deea95939601bdecd3b0d4277cd1b34b,1200,800,RGB,189265,validation
PHYTO_RAW_1809,Dataset of groundnut plant leaf images for classification and detection/Raw_Data/healthy leaf/IMG_4309.JPG,IMG_4309.JPG,healthy_leaf,25af4ff6042e1f597b6e9b258aa52335c417f614e4845b5fd8ba2a1a1f88c402,1200,800,RGB,254327,train
PHYTO_RAW_1810,Dataset of groundnut plant leaf images for classification and detection/Raw_Data/healthy leaf/IMG_4310.JPG,IMG_4310.JPG,healthy_leaf,632a43cd7bd18f2016673c91761916c89a6b27406e9833311bfdf08cecde83ce,1200,800,RGB,227245,train
PHYTO_RAW_1811,Dataset of groundnut plant leaf images for classification and detection/Raw_Data/healthy leaf/IMG_4311.JPG,IMG_4311.JPG,healthy_leaf,4dcc8f0b7f8ee30e1d2f5e63a7c895567cb6b8873ace2aa9e96f58bf2956deef,1200,800,RGB,269662,train
PHYTO_RAW_1812,Dataset of groundnut plant leaf images for classification and detection/Raw_Data/healthy leaf/IMG_4312.JPG,IMG_4312.JPG,healthy_leaf,6ff392318fbc2a8003b4f23040cafe9f348101ef97f91793b89c509f37976760,1200,800,RGB,224714,train
PHYTO_RAW_1813,Dataset of groundnut plant leaf images for classification and detection/Raw_Data/healthy leaf/IMG_4313.JPG,IMG_4313.JPG,healthy_leaf,5911dd6986a9ad0b7a92af332027c49a0b5568ffccfd5ece911b4519a44bf9c0,1200,800,RGB,239951,validation
PHYTO_RAW_1814,Dataset of groundnut plant leaf images for classification and detection/Raw_Data/healthy leaf/IMG_4314.JPG,IMG_4314.JPG,healthy_leaf,5c49e114ddcf1f5d690a3a3f67b8df2f8b55d199a428f205e3325976474469a3,1200,800,RGB,233539,train
PHYTO_RAW_1815,Dataset of groundnut plant leaf images for classification and detection/Raw_Data/late leaf spot/IMG_3128.JPG,IMG_3128.JPG,late_leaf_spot,1a8e2e3af169bc66c8dc8134af3ceaeebb160ffbe2dbb0e7cb8ba88b852971b9,1200,800,RGB,305739,validation
PHYTO_RAW_1816,Dataset of groundnut plant leaf images for classification and detection/Raw_Data/late leaf spot/IMG_3129.JPG,IMG_3129.JPG,late_leaf_spot,6cd37a99450b60c847c91abeba7e1151f54399bfef76d91229d81ba1a75e4716,1200,800,RGB,279258,test
PHYTO_RAW_1817,Dataset of groundnut plant leaf images for classification and detection/Raw_Data/late leaf spot/IMG_3130.JPG,IMG_3130.JPG,late_leaf_spot,0f2af20af438fe58014aceb295609023083b2c1bd77a502c01d566c72476eb2e,1200,800,RGB,307806,train
PHYTO_RAW_1818,Dataset of groundnut plant leaf images for classification and detection/Raw_Data/late leaf spot/IMG_3131.JPG,IMG_3131.JPG,late_leaf_spot,58e654fdd80dae0d5c6e8dd3a5c1fd49e6edc340cbd5ad276c0610f57a3f1d03,1200,800,RGB,338482,train
PHYTO_RAW_1819,Dataset of groundnut plant leaf images for classification and detection/Raw_Data/late leaf spot/IMG_5456.JPG,IMG_5456.JPG,late_leaf_spot,c809e185ba5bdd6035ab5d53f7bce35bfe1a5e3d3d633866f382ad0bfd9d7d56,1200,800,RGB,266114,train
PHYTO_RAW_1820,Dataset of groundnut plant leaf images for classification and detection/Raw_Data/late leaf spot/IMG_5457.JPG,IMG_5457.JPG,late_leaf_spot,fe53785f7c8a8d5c12799e5b57c8ce9205a923ae0116e20cd5390e66884e1c4f,1200,800,RGB,234459,train
PHYTO_RAW_1821,Dataset of groundnut plant leaf images for classification and detection/Raw_Data/late leaf spot/IMG_5458.JPG,IMG_5458.JPG,late_leaf_spot,05f7ddbf4a881200ecec37d10e0542185f438b4fde66c76c662de09eaa1d4c7d,1200,800,RGB,313958,train
PHYTO_RAW_1822,Dataset of groundnut plant leaf images for classification and detection/Raw_Data/late leaf spot/IMG_5459.JPG,IMG_5459.JPG,late_leaf_spot,227a9f547320cb015eebcd635dd3b52baeb22bc66bb69bf183d07d580d2aaa7c,1200,800,RGB,311164,validation
PHYTO_RAW_1823,Dataset of groundnut plant leaf images for classification and detection/Raw_Data/late leaf spot/IMG_5460.JPG,IMG_5460.JPG,late_leaf_spot,aff9db5c560f21dc1498d836cb23ef917cd19c86682862e74df0544e11c5e7f9,1200,800,RGB,375621,train
PHYTO_RAW_1824,Dataset of groundnut plant leaf images for classification and detection/Raw_Data/late leaf spot/IMG_5461.JPG,IMG_5461.JPG,late_leaf_spot,a409b542a62aca1e099ebd1d02bb87c0087187e3089d030a63d0c877a1915c1d,1200,800,RGB,293651,test
PHYTO_RAW_1825,Dataset of groundnut plant leaf images for classification and detection/Raw_Data/late leaf spot/IMG_5462.JPG,IMG_5462.JPG,late_leaf_spot,c94bff86abf2f06df56a268d6bd555fe835f8ce639a1a94fa1a7999077c60081,1200,800,RGB,247431,train
PHYTO_RAW_1826,Dataset of groundnut plant leaf images for classification and detection/Raw_Data/late leaf spot/IMG_5463.JPG,IMG_5463.JPG,late_leaf_spot,cb99af0a6ef7c622d4087b89d0dd3bbf9de45b6d6abf4457207be0ea2b199413,1200,800,RGB,278239,test
PHYTO_RAW_1827,Dataset of groundnut plant leaf images for classification and detection/Raw_Data/late leaf spot/IMG_5464.JPG,IMG_5464.JPG,late_leaf_spot,fdea1e8c493b1c75b9458b19bdc99c02f9e2d490c275ef42059c5868bffab54b,1200,800,RGB,228177,train
PHYTO_RAW_1828,Dataset of groundnut plant leaf images for classification and detection/Raw_Data/late leaf spot/IMG_5465.JPG,IMG_5465.JPG,late_leaf_spot,760523740f46cedc8b63a44b7c03bab3b211f1016a1e2fe8ac5841029ca34f6a,1200,800,RGB,234295,test
PHYTO_RAW_1829,Dataset of groundnut plant leaf images for classification and detection/Raw_Data/late leaf spot/IMG_5466.JPG,IMG_5466.JPG,late_leaf_spot,5469c43136388352c758db0f451201dba496cf1f5fa2f15ab2263f60db05b916,1200,800,RGB,259899,train
PHYTO_RAW_1830,Dataset of groundnut plant leaf images for classification and detection/Raw_Data/late leaf spot/IMG_5467.JPG,IMG_5467.JPG,late_leaf_spot,3e8688614628f0e673885bbe6ea495ebc1344a4c7e856948b3cd5984d6bc2fd8,1200,800,RGB,214608,train
PHYTO_RAW_1831,Dataset of groundnut plant leaf images for classification and detection/Raw_Data/late leaf spot/IMG_5468.JPG,IMG_5468.JPG,late_leaf_spot,e29db1b361a1ae5c110eaaeedcee97de32a57fbbbc7bc965fa4c3d837d08fd13,1200,800,RGB,261822,train
PHYTO_RAW_1832,Dataset of groundnut plant leaf images for classification and detection/Raw_Data/late leaf spot/IMG_5469.JPG,IMG_5469.JPG,late_leaf_spot,d43598818b67d5396dc40674d13a58858cd1d8b6a80be67549f5572b2901e737,1200,800,RGB,177814,train
PHYTO_RAW_1833,Dataset of groundnut plant leaf images for classification and detection/Raw_Data/late leaf spot/IMG_5470.JPG,IMG_5470.JPG,late_leaf_spot,18b3d58137cab4a53f30e8070d1e0f5b24add590612a7394906f4e7ec3d644b5,1200,800,RGB,221318,validation
PHYTO_RAW_1834,Dataset of groundnut plant leaf images for classification and detection/Raw_Data/late leaf spot/IMG_5471.JPG,IMG_5471.JPG,late_leaf_spot,a528392547dfa9dd9f3d4260d6ec06e4b8f8b02c69758687089b0bc07ceb9171,1200,800,RGB,252240,validation
PHYTO_RAW_1835,Dataset of groundnut plant leaf images for classification and detection/Raw_Data/late leaf spot/IMG_5472.JPG,IMG_5472.JPG,late_leaf_spot,3b7f4f372f440a5dd3bcce6507567ea47a674c31b20a2b90465f0d1ba0a96964,1200,800,RGB,222564,test
PHYTO_RAW_1836,Dataset of groundnut plant leaf images for classification and detection/Raw_Data/late leaf spot/IMG_5473.JPG,IMG_5473.JPG,late_leaf_spot,be4db5ecc764be6d2f2122fe2d237091864024db7594504b528961f4ced088e3,1200,800,RGB,222092,test
PHYTO_RAW_1837,Dataset of groundnut plant leaf images for classification and detection/Raw_Data/late leaf spot/IMG_5474.JPG,IMG_5474.JPG,late_leaf_spot,14f7fb19ed16f307af768ec90c547f52ac311a27d45365a58523931dc1a6a183,1200,800,RGB,204873,train
PHYTO_RAW_1838,Dataset of groundnut plant leaf images for classification and detection/Raw_Data/late leaf spot/IMG_5475.JPG,IMG_5475.JPG,late_leaf_spot,c3d6db3e9cf42456b00445a116446ae6a8d92a5d4fa4ea1358d365d2df80d08d,1200,800,RGB,278696,test
PHYTO_RAW_1839,Dataset of groundnut plant leaf images for classification and detection/Raw_Data/late leaf spot/IMG_5476.JPG,IMG_5476.JPG,late_leaf_spot,afe7477922637385656f2b57638a655a3b4edfe815b0e506c14dda5e4a247756,1200,800,RGB,242126,train
PHYTO_RAW_1840,Dataset of groundnut plant leaf images for classification and detection/Raw_Data/late leaf spot/IMG_5477.JPG,IMG_5477.JPG,late_leaf_spot,0ac678d0b51f842e414fa22fb904d8f810f0aaabc7c03f10efad64eb2264ac3e,1200,800,RGB,310120,train
PHYTO_RAW_1841,Dataset of groundnut plant leaf images for classification and detection/Raw_Data/late leaf spot/IMG_5478.JPG,IMG_5478.JPG,late_leaf_spot,5620705d6dd497e54b9b9bfd675fc5136f81325a5f3da4b745ab4de4e1f54f0d,1200,800,RGB,223269,train
PHYTO_RAW_1842,Dataset of groundnut plant leaf images for classification and detection/Raw_Data/late leaf spot/IMG_5479.JPG,IMG_5479.JPG,late_leaf_spot,f39aa73b756f4733470d2cc35f5feccfafcb220def5375568d8448bb5cb176e2,1200,800,RGB,298116,test
PHYTO_RAW_1843,Dataset of groundnut plant leaf images for classification and detection/Raw_Data/late leaf spot/IMG_5480.JPG,IMG_5480.JPG,late_leaf_spot,7388271ebd0d6918f4a291a25e23ccf723de81382a75088a6e7ed662408e304a,1200,800,RGB,277180,train
PHYTO_RAW_1844,Dataset of groundnut plant leaf images for classification and detection/Raw_Data/late leaf spot/IMG_5481.JPG,IMG_5481.JPG,late_leaf_spot,efd880ffd80bf9327fda6c3d91bb22910ea75cb5e47c2915d7d7d8ec7a8a953f,1200,800,RGB,227437,train
PHYTO_RAW_1845,Dataset of groundnut plant leaf images for classification and detection/Raw_Data/late leaf spot/IMG_5482.JPG,IMG_5482.JPG,late_leaf_spot,d42907e9a06d1197ca14b9adf9fabaef1358341276eb7b1b9e65621f9b0bbbda,1200,800,RGB,197054,train
PHYTO_RAW_1846,Dataset of groundnut plant leaf images for classification and detection/Raw_Data/late leaf spot/IMG_5483.JPG,IMG_5483.JPG,late_leaf_spot,80658d597d84ad66ed5ff731df84d99ce1a85d303785aa1c5119b21e834f6956,1200,800,RGB,234975,train
PHYTO_RAW_1847,Dataset of groundnut plant leaf images for classification and detection/Raw_Data/late leaf spot/IMG_5484.JPG,IMG_5484.JPG,late_leaf_spot,d3c980029190497ac966a5f15cf81cb2ee19baa914b3d167587298da0cc5a904,1200,800,RGB,259246,train
PHYTO_RAW_1848,Dataset of groundnut plant leaf images for classification and detection/Raw_Data/late leaf spot/IMG_5485.JPG,IMG_5485.JPG,late_leaf_spot,1ba55dda45e59741626e649c7e5b228d31e84d566438d6c105d9289123c29723,1200,800,RGB,206970,train
PHYTO_RAW_1849,Dataset of groundnut plant leaf images for classification and detection/Raw_Data/late leaf spot/IMG_5486.JPG,IMG_5486.JPG,late_leaf_spot,4dba460f900bca1fc9e8f9559a153253878185dfd63b522fbf66d1f153261df3,1200,800,RGB,229220,test
PHYTO_RAW_1850,Dataset of groundnut plant leaf images for classification and detection/Raw_Data/late leaf spot/IMG_5487.JPG,IMG_5487.JPG,late_leaf_spot,1ac201ce4db5911be13b4ef4ac5c1f4c6beef315bf17ac78bc214998345c6e07,1200,800,RGB,223515,train
PHYTO_RAW_1851,Dataset of groundnut plant leaf images for classification and detection/Raw_Data/late leaf spot/IMG_5488.JPG,IMG_5488.JPG,late_leaf_spot,b5839d7fd3c097b25b4a39ca018b0f31e5262f4f18db3ba73c37021b798fd13b,1200,800,RGB,199359,train
PHYTO_RAW_1852,Dataset of groundnut plant leaf images for classification and detection/Raw_Data/late leaf spot/IMG_5489.JPG,IMG_5489.JPG,late_leaf_spot,0b91ea324fa6ff84d17444f9a00f2ba6dd8d32b1099577ee436c43c629d33abe,1200,800,RGB,221727,train
PHYTO_RAW_1853,Dataset of groundnut plant leaf images for classification and detection/Raw_Data/late leaf spot/IMG_5490.JPG,IMG_5490.JPG,late_leaf_spot,34738efdb974ee425bd55c7678598361b211b3ff9ce03e81c3a217230c77b5c1,1200,800,RGB,211108,validation
PHYTO_RAW_1854,Dataset of groundnut plant leaf images for classification and detection/Raw_Data/late leaf spot/IMG_5491.JPG,IMG_5491.JPG,late_leaf_spot,84cfb5ab56d83e26d16b93f847e456d5206298cf89cf5e22b2501474d7953b6a,1200,800,RGB,207731,train
PHYTO_RAW_1855,Dataset of groundnut plant leaf images for classification and detection/Raw_Data/late leaf spot/IMG_5492.JPG,IMG_5492.JPG,late_leaf_spot,e8e584895357df2e3974e267e7ebb1810426931df34afba6fda8bf605f1debd3,1200,800,RGB,245134,train
PHYTO_RAW_1856,Dataset of groundnut plant leaf images for classification and detection/Raw_Data/late leaf spot/IMG_5493.JPG,IMG_5493.JPG,late_leaf_spot,43a63b3657e0d4fdc0deb97dfe530ac10e545958983375fcc5446cb65e56c14e,1200,800,RGB,247860,train
PHYTO_RAW_1857,Dataset of groundnut plant leaf images for classification and detection/Raw_Data/late leaf spot/IMG_5494.JPG,IMG_5494.JPG,late_leaf_spot,78f598ca73fafc65565c859dd36332a43c60144b5e14d7a413143dd07f05fc77,1200,800,RGB,219528,train
PHYTO_RAW_1858,Dataset of groundnut plant leaf images for classification and detection/Raw_Data/late leaf spot/IMG_5495.JPG,IMG_5495.JPG,late_leaf_spot,45482085fe9fefe451106e7aaf4da053df5606976f1cbba13501a50e8c530bf2,1200,800,RGB,239747,train
PHYTO_RAW_1859,Dataset of groundnut plant leaf images for classification and detection/Raw_Data/late leaf spot/IMG_5496.JPG,IMG_5496.JPG,late_leaf_spot,bf31a59c2af5ace71ed6abfe460069dbcb07b2fd6f66d5d733fd4f32501dff8b,1200,800,RGB,212250,train
PHYTO_RAW_1860,Dataset of groundnut plant leaf images for classification and detection/Raw_Data/late leaf spot/IMG_5497.JPG,IMG_5497.JPG,late_leaf_spot,c9284023d064cbb52e6dfab222de4a9b71cab42cfa18ef06d2dede0f44e846cf,1200,800,RGB,234229,train
PHYTO_RAW_1861,Dataset of groundnut plant leaf images for classification and detection/Raw_Data/late leaf spot/IMG_5498.JPG,IMG_5498.JPG,late_leaf_spot,7dd383bf2b95ef583b234aa4d4bd69154053e659d79e5800fe323f932210334a,1200,800,RGB,225350,train
PHYTO_RAW_1862,Dataset of groundnut plant leaf images for classification and detection/Raw_Data/late leaf spot/IMG_5499.JPG,IMG_5499.JPG,late_leaf_spot,159ba7a5d83d96daff90ed4cb349c9230cebf5d1342de8a341a70e3d8c528600,1200,800,RGB,224350,train
PHYTO_RAW_1863,Dataset of groundnut plant leaf images for classification and detection/Raw_Data/late leaf spot/IMG_5500.JPG,IMG_5500.JPG,late_leaf_spot,0eadd28f3d05ff37a84ac1b3d9b7a35c4da7bed1da29348c0917d21a74fc3670,1200,800,RGB,224641,train
PHYTO_RAW_1864,Dataset of groundnut plant leaf images for classification and detection/Raw_Data/late leaf spot/IMG_5501.JPG,IMG_5501.JPG,late_leaf_spot,d8994bfd5eeb825b8761a6e4ea36dce771a655606171cb4afc3207e6e148e58d,1200,800,RGB,250008,train
PHYTO_RAW_1865,Dataset of groundnut plant leaf images for classification and detection/Raw_Data/late leaf spot/IMG_5502.JPG,IMG_5502.JPG,late_leaf_spot,46250639cd52d669d0cab91d7cf8b9eb9b4f9126d00cc5f3bcb71f3c73161fd2,1200,800,RGB,334625,train
PHYTO_RAW_1866,Dataset of groundnut plant leaf images for classification and detection/Raw_Data/late leaf spot/IMG_5503.JPG,IMG_5503.JPG,late_leaf_spot,d10202e47ff69b8606299182d10430a60a6ef51ee22db1b618d5a99709fc5320,1200,800,RGB,239527,train
PHYTO_RAW_1867,Dataset of groundnut plant leaf images for classification and detection/Raw_Data/late leaf spot/IMG_5504.JPG,IMG_5504.JPG,late_leaf_spot,85345c3bfe1a52f9db1f47ea6f14795be2977709158f256042760bc0124fc66b,1200,800,RGB,261170,validation
PHYTO_RAW_1868,Dataset of groundnut plant leaf images for classification and detection/Raw_Data/late leaf spot/IMG_5505.JPG,IMG_5505.JPG,late_leaf_spot,1d36e8afebb1b16f676ca1dea635be717d99c80442cccbf56256be940ee097fd,1200,800,RGB,245849,train
PHYTO_RAW_1869,Dataset of groundnut plant leaf images for classification and detection/Raw_Data/late leaf spot/IMG_5506.JPG,IMG_5506.JPG,late_leaf_spot,be5ed6f127b169ea77bfac5cb0460e186395b8feecba6c8028ba422a97d5c53f,1200,800,RGB,213392,train
PHYTO_RAW_1870,Dataset of groundnut plant leaf images for classification and detection/Raw_Data/late leaf spot/IMG_5507.JPG,IMG_5507.JPG,late_leaf_spot,16013c7b3070bdd62650ff0d207b75be830db2ef8a911b41b9c5ed6a1c0be545,1200,800,RGB,237190,train
PHYTO_RAW_1871,Dataset of groundnut plant leaf images for classification and detection/Raw_Data/late leaf spot/IMG_5508.JPG,IMG_5508.JPG,late_leaf_spot,34ca2fc610f24af46d663f688aee594c4d403319a29e45f1200136e24b02b64c,1200,800,RGB,234480,train
PHYTO_RAW_1872,Dataset of groundnut plant leaf images for classification and detection/Raw_Data/late leaf spot/IMG_5509.JPG,IMG_5509.JPG,late_leaf_spot,4e5f242a60a1ca1c2ed3961c8420c22c5291484561cd0d9c3b2c624a60538151,1200,800,RGB,252937,train
PHYTO_RAW_1873,Dataset of groundnut plant leaf images for classification and detection/Raw_Data/late leaf spot/IMG_5510.JPG,IMG_5510.JPG,late_leaf_spot,575530ec797ff417a75c51ebf7fad85aa15cc278971ad0683497e632db1a704e,1200,800,RGB,244861,test
PHYTO_RAW_1874,Dataset of groundnut plant leaf images for classification and detection/Raw_Data/late leaf spot/IMG_5511.JPG,IMG_5511.JPG,late_leaf_spot,dc40c42529d58677d41651a01c08a3c2e08c86e619d1d68ad552a82086aa6f3d,1200,800,RGB,338931,train
PHYTO_RAW_1875,Dataset of groundnut plant leaf images for classification and detection/Raw_Data/late leaf spot/IMG_5512.JPG,IMG_5512.JPG,late_leaf_spot,f3e505ca10abfa04f07b590965dbf4c177d511cb1f524596b0aa41f9278f55c5,1200,800,RGB,282678,train
PHYTO_RAW_1876,Dataset of groundnut plant leaf images for classification and detection/Raw_Data/late leaf spot/IMG_5513.JPG,IMG_5513.JPG,late_leaf_spot,39283193294e5747b704b13bcac68893d0d813d3a86a558e1de0df09682c290f,1200,800,RGB,274296,train
PHYTO_RAW_1877,Dataset of groundnut plant leaf images for classification and detection/Raw_Data/late leaf spot/IMG_5514.JPG,IMG_5514.JPG,late_leaf_spot,f1f93ed07a3cd00c191acd80bf2f2c9c0e4a361e94fb41ef66ee0a793512f443,1200,800,RGB,351632,validation
PHYTO_RAW_1878,Dataset of groundnut plant leaf images for classification and detection/Raw_Data/late leaf spot/IMG_5515.JPG,IMG_5515.JPG,late_leaf_spot,7d9ee06d1990527176e0110698035a7f36a6968ece075958f23b43e0f2cfc979,1200,800,RGB,231159,train
PHYTO_RAW_1879,Dataset of groundnut plant leaf images for classification and detection/Raw_Data/late leaf spot/IMG_5516.JPG,IMG_5516.JPG,late_leaf_spot,bcf88109f837fce850f84d31e3c9a470fd1c88e20b9493e270b696d69eea45e4,1200,800,RGB,214022,train
PHYTO_RAW_1880,Dataset of groundnut plant leaf images for classification and detection/Raw_Data/late leaf spot/IMG_5517.JPG,IMG_5517.JPG,late_leaf_spot,0f2e3056ef4300e7216b6c0792207cc034efbb03711d2a9e7c287309525b26b3,1200,800,RGB,219055,test
PHYTO_RAW_1881,Dataset of groundnut plant leaf images for classification and detection/Raw_Data/late leaf spot/IMG_5534.JPG,IMG_5534.JPG,late_leaf_spot,58762c8b5532ea262cf5d422ecaaeac11670d7fa06c3098015ca1a32adc1b1a7,1200,800,RGB,243084,train
PHYTO_RAW_1882,Dataset of groundnut plant leaf images for classification and detection/Raw_Data/late leaf spot/IMG_5535.JPG,IMG_5535.JPG,late_leaf_spot,d2f4e31699c496e21bd8231fc969f03c405786d8d406832b36d61623fee3c039,1200,800,RGB,309774,train
PHYTO_RAW_1883,Dataset of groundnut plant leaf images for classification and detection/Raw_Data/late leaf spot/IMG_5536.JPG,IMG_5536.JPG,late_leaf_spot,bc72a7ae33064cd87c47438f0e70bce07d29033cbaa21e39b414a49595ccf672,1200,800,RGB,316331,validation
PHYTO_RAW_1884,Dataset of groundnut plant leaf images for classification and detection/Raw_Data/late leaf spot/IMG_5537.JPG,IMG_5537.JPG,late_leaf_spot,d7c443c72e642f084d3317eaff96ee1af4f0f4f8b28a41e69c6cca44c012310f,1200,800,RGB,225369,train
PHYTO_RAW_1885,Dataset of groundnut plant leaf images for classification and detection/Raw_Data/late leaf spot/IMG_5539.JPG,IMG_5539.JPG,late_leaf_spot,69e0e2f09f784c3e1476d44275f8a3d6240735d07e8ad2a5e335382b30780544,1200,800,RGB,205491,train
PHYTO_RAW_1886,Dataset of groundnut plant leaf images for classification and detection/Raw_Data/late leaf spot/IMG_5540.JPG,IMG_5540.JPG,late_leaf_spot,3d8e05ff824c847f2c892a200d50ae8a946dd75cee3118f2df956e0e56cfb53e,1200,800,RGB,228196,train
PHYTO_RAW_1887,Dataset of groundnut plant leaf images for classification and detection/Raw_Data/late leaf spot/IMG_5541.JPG,IMG_5541.JPG,late_leaf_spot,228dfb9d3d8acf9cf6d532c02461934939db9e62137601ea052cc220fe43bda7,1200,800,RGB,211291,validation
PHYTO_RAW_1888,Dataset of groundnut plant leaf images for classification and detection/Raw_Data/late leaf spot/IMG_5542.JPG,IMG_5542.JPG,late_leaf_spot,d4d132f840bd7697b6a4a6d1c7ddbe9db67b7b7ffb4a809f982fcb79ae3017c9,1200,800,RGB,241892,train
PHYTO_RAW_1889,Dataset of groundnut plant leaf images for classification and detection/Raw_Data/late leaf spot/IMG_5543.JPG,IMG_5543.JPG,late_leaf_spot,4f595211e39291944b99f931dedb09f0296f8375ac69dc4c833dd1c320fca527,1200,800,RGB,253332,train
PHYTO_RAW_1890,Dataset of groundnut plant leaf images for classification and detection/Raw_Data/late leaf spot/IMG_5544.JPG,IMG_5544.JPG,late_leaf_spot,c59f2c66247b8c628b775d6fa31dfa107ea9f357a97c1b1e4c5d33ea2821feee,1200,800,RGB,232033,train
PHYTO_RAW_1891,Dataset of groundnut plant leaf images for classification and detection/Raw_Data/late leaf spot/IMG_5545.JPG,IMG_5545.JPG,late_leaf_spot,7b71c7d8a5807583ff07c5dcaf47157dd60be32c607d90356836e64a60dcd1fb,1200,800,RGB,247430,validation
PHYTO_RAW_1892,Dataset of groundnut plant leaf images for classification and detection/Raw_Data/late leaf spot/IMG_5546.JPG,IMG_5546.JPG,late_leaf_spot,ab092f2b3aeb3b3b2da46abd8f6170fe384837aaa0c781bc5df70be5150d23e5,1200,800,RGB,310097,train
PHYTO_RAW_1893,Dataset of groundnut plant leaf images for classification and detection/Raw_Data/late leaf spot/IMG_5547.JPG,IMG_5547.JPG,late_leaf_spot,7c14a9ea53066158ff3c407c02df690b67b6c1f166801c637bde7f4ac97f7749,1200,800,RGB,257068,train
PHYTO_RAW_1894,Dataset of groundnut plant leaf images for classification and detection/Raw_Data/late leaf spot/IMG_5548.JPG,IMG_5548.JPG,late_leaf_spot,652244b0458d4aa6abdca52949198afd7ff64cad3dae1a5e763b481f5921e565,1200,800,RGB,222703,train
PHYTO_RAW_1895,Dataset of groundnut plant leaf images for classification and detection/Raw_Data/late leaf spot/IMG_5549.JPG,IMG_5549.JPG,late_leaf_spot,8b02136c2de011032619a0b6d40547182a1e3ba164626abaa340f1e6e7d09f5f,1200,800,RGB,232438,train
PHYTO_RAW_1896,Dataset of groundnut plant leaf images for classification and detection/Raw_Data/late leaf spot/IMG_5550.JPG,IMG_5550.JPG,late_leaf_spot,7ae696784f57bac5cffe7bd1990746159c0fd08f0c5452cdbefd03e722086adb,1200,800,RGB,225341,train
PHYTO_RAW_1897,Dataset of groundnut plant leaf images for classification and detection/Raw_Data/late leaf spot/IMG_5551.JPG,IMG_5551.JPG,late_leaf_spot,28548eebb0269aaadd25b55da532690d8724da9dfa2ecdecf81fed08e9fbead9,1200,800,RGB,258990,train
PHYTO_RAW_1898,Dataset of groundnut plant leaf images for classification and detection/Raw_Data/late leaf spot/IMG_5552.JPG,IMG_5552.JPG,late_leaf_spot,f824ac4b5c4957715cca67563df3c290984394c8a488746c02cc30d4e5518028,1200,800,RGB,242283,test
PHYTO_RAW_1899,Dataset of groundnut plant leaf images for classification and detection/Raw_Data/late leaf spot/IMG_5553.JPG,IMG_5553.JPG,late_leaf_spot,974a8a695ec28ace0706af6baa0b3db2badf4a8ce8ea40b3f19ef7255ac702e5,1200,800,RGB,291958,train
PHYTO_RAW_1900,Dataset of groundnut plant leaf images for classification and detection/Raw_Data/late leaf spot/IMG_5554.JPG,IMG_5554.JPG,late_leaf_spot,f948d41f241eb3886573ca13f93b936f946532ed95f3d4a85fc487ef74d78ebb,1200,800,RGB,171433,validation
PHYTO_RAW_1901,Dataset of groundnut plant leaf images for classification and detection/Raw_Data/late leaf spot/IMG_5555.JPG,IMG_5555.JPG,late_leaf_spot,66f9991f53622f0514061828a8301df583a23fbbc24494d3bbd512c870808349,1200,800,RGB,192918,test
PHYTO_RAW_1902,Dataset of groundnut plant leaf images for classification and detection/Raw_Data/late leaf spot/IMG_5556.JPG,IMG_5556.JPG,late_leaf_spot,35499d55601572b3cc028375e977ff1b9d78daf6145a64baaf8b493df97ab780,1200,800,RGB,157598,train
PHYTO_RAW_1903,Dataset of groundnut plant leaf images for classification and detection/Raw_Data/late leaf spot/IMG_5557.JPG,IMG_5557.JPG,late_leaf_spot,6ca2d49f257e2c85365c45725e5972039f9ad54160c9df8a0d59ad25a6908ede,1200,800,RGB,279414,validation
PHYTO_RAW_1904,Dataset of groundnut plant leaf images for classification and detection/Raw_Data/late leaf spot/IMG_5558.JPG,IMG_5558.JPG,late_leaf_spot,c0551e19b23c67bd66c098028eabbf657fce6a784e77d5dd5ea92e79db9bbbe5,1200,800,RGB,216736,validation
PHYTO_RAW_1905,Dataset of groundnut plant leaf images for classification and detection/Raw_Data/late leaf spot/IMG_5559.JPG,IMG_5559.JPG,late_leaf_spot,2afc451978650873880d13fa55275d2c37dbfcf34a5b56aae5648270bd4e1f8b,1200,800,RGB,214402,train
PHYTO_RAW_1906,Dataset of groundnut plant leaf images for classification and detection/Raw_Data/late leaf spot/IMG_5560.JPG,IMG_5560.JPG,late_leaf_spot,e5f7916e893f528f979ebc3a3c2577db3ffa4c1846020a8d5b5cec9bd74cf6db,1200,800,RGB,248808,train
PHYTO_RAW_1907,Dataset of groundnut plant leaf images for classification and detection/Raw_Data/late leaf spot/IMG_5561.JPG,IMG_5561.JPG,late_leaf_spot,b6002243f884a8a660ea47572c8da46f9ad5def2bc273b3399479323e3494ae0,1200,800,RGB,256037,test
PHYTO_RAW_1908,Dataset of groundnut plant leaf images for classification and detection/Raw_Data/late leaf spot/IMG_5562.JPG,IMG_5562.JPG,late_leaf_spot,496272c94d203f655e253ec0ed0197728ee17910927ff19e308633b312d2f920,1200,800,RGB,311413,train
PHYTO_RAW_1909,Dataset of groundnut plant leaf images for classification and detection/Raw_Data/late leaf spot/IMG_5563.JPG,IMG_5563.JPG,late_leaf_spot,1d45ba829079f0c0d0d880a1834b897cf543ad78afcce5149b203297e6c1dca0,1200,800,RGB,356291,train
PHYTO_RAW_1910,Dataset of groundnut plant leaf images for classification and detection/Raw_Data/late leaf spot/IMG_5564.JPG,IMG_5564.JPG,late_leaf_spot,49295df73a23294f15900d0ac18fab63ab235e42338a5da4cafa92dc567ce68c,1200,800,RGB,318279,train
PHYTO_RAW_1911,Dataset of groundnut plant leaf images for classification and detection/Raw_Data/late leaf spot/IMG_5565.JPG,IMG_5565.JPG,late_leaf_spot,923fc9f154e03ee6a803f8c79762ef14cf887915eb07faf2f55e0e6d86a85afd,1200,800,RGB,485322,train
PHYTO_RAW_1912,Dataset of groundnut plant leaf images for classification and detection/Raw_Data/late leaf spot/IMG_5566.JPG,IMG_5566.JPG,late_leaf_spot,176312da254b54e68a77c4ad68a8f381da57f21149efb91b724aed55faaa578c,1200,800,RGB,737198,validation
PHYTO_RAW_1913,Dataset of groundnut plant leaf images for classification and detection/Raw_Data/late leaf spot/IMG_5644.JPG,IMG_5644.JPG,late_leaf_spot,1f67c44c16882b83e862f0204ed972399d59941688a290cd84f5ecaea599de90,1200,800,RGB,275660,train
PHYTO_RAW_1914,Dataset of groundnut plant leaf images for classification and detection/Raw_Data/late leaf spot/IMG_5645.JPG,IMG_5645.JPG,late_leaf_spot,f0c314abbd6b4432aecfbf22a80127ff1e79d77d8995d89a3c5195296cf53d2f,1200,800,RGB,292858,test
PHYTO_RAW_1915,Dataset of groundnut plant leaf images for classification and detection/Raw_Data/late leaf spot/IMG_5646.JPG,IMG_5646.JPG,late_leaf_spot,44802b310df7b2f1872a9a027695ed8cad5f992ec6e697e5ed959e4766c44cad,1200,800,RGB,237485,train
PHYTO_RAW_1916,Dataset of groundnut plant leaf images for classification and detection/Raw_Data/late leaf spot/IMG_5647.JPG,IMG_5647.JPG,late_leaf_spot,554fe66918d5893e8fac84b6399ea6fbe40ae06333933be905260fcdb6a13ad9,1200,800,RGB,237557,validation
PHYTO_RAW_1917,Dataset of groundnut plant leaf images for classification and detection/Raw_Data/late leaf spot/IMG_5648.JPG,IMG_5648.JPG,late_leaf_spot,d4eec21b70fad4c96cc7838f0b53eda74f95add25f9e19aa29ca9d235c45599d,1200,800,RGB,215290,train
PHYTO_RAW_1918,Dataset of groundnut plant leaf images for classification and detection/Raw_Data/late leaf spot/IMG_5649.JPG,IMG_5649.JPG,late_leaf_spot,4efd835125981f5edc572a7bc610925da256c5827c70ca47752d6909e129505d,1200,800,RGB,232058,train
PHYTO_RAW_1919,Dataset of groundnut plant leaf images for classification and detection/Raw_Data/late leaf spot/IMG_5650.JPG,IMG_5650.JPG,late_leaf_spot,0d027e3fc610150f78f4bd349a83d98107816d0f59e0c36ab8ec6f5ee5ac2ef0,1200,800,RGB,245349,train
PHYTO_RAW_1920,Dataset of groundnut plant leaf images for classification and detection/Raw_Data/late leaf spot/IMG_5651.JPG,IMG_5651.JPG,late_leaf_spot,db220c5673e0ea7d20fcc247422d740654e80e9825f7ee4db0d973870a973738,1200,800,RGB,237848,train
PHYTO_RAW_1921,Dataset of groundnut plant leaf images for classification and detection/Raw_Data/late leaf spot/IMG_5652.JPG,IMG_5652.JPG,late_leaf_spot,ac2ba9936aebd7218badf4e96ba6af00ad3b37cca3ddb9f10417ef33e807c98a,1200,800,RGB,258615,validation
PHYTO_RAW_1922,Dataset of groundnut plant leaf images for classification and detection/Raw_Data/late leaf spot/IMG_5653.JPG,IMG_5653.JPG,late_leaf_spot,1c16e10febe1b82eaae40f28f9c2ac812608f05c24a48f59b5a35f9c42e2cbb9,1200,800,RGB,232952,train
PHYTO_RAW_1923,Dataset of groundnut plant leaf images for classification and detection/Raw_Data/late leaf spot/IMG_5654.JPG,IMG_5654.JPG,late_leaf_spot,4ba2bcf0d804dd08205469f3d4d9cb461761f178df1202957c5752ac85db8ef0,1200,800,RGB,223687,train
PHYTO_RAW_1924,Dataset of groundnut plant leaf images for classification and detection/Raw_Data/late leaf spot/IMG_5655.JPG,IMG_5655.JPG,late_leaf_spot,90a6bc90fa9aa865c7776ee6fce28c998ee3c8f0d1cda2394a462f082807bd83,1200,800,RGB,270359,train
PHYTO_RAW_1925,Dataset of groundnut plant leaf images for classification and detection/Raw_Data/late leaf spot/IMG_5656.JPG,IMG_5656.JPG,late_leaf_spot,2e85d1191a38b773d26353e695619bc6b16f82db849cbf783a6346e21ad0daf9,1200,800,RGB,208165,train
PHYTO_RAW_1926,Dataset of groundnut plant leaf images for classification and detection/Raw_Data/late leaf spot/IMG_5657.JPG,IMG_5657.JPG,late_leaf_spot,2cbb82c90aedfadcefc2a461c10654ef6a3c8502fd917810b45b6aff4af6006c,1200,800,RGB,229028,train
PHYTO_RAW_1927,Dataset of groundnut plant leaf images for classification and detection/Raw_Data/late leaf spot/IMG_5658.JPG,IMG_5658.JPG,late_leaf_spot,aa0ba90e16c94070ba71c3cf80787a00a2a1d61f8fad60bc7aebe272c0e14a27,1200,800,RGB,199412,train
PHYTO_RAW_1928,Dataset of groundnut plant leaf images for classification and detection/Raw_Data/late leaf spot/IMG_5659.JPG,IMG_5659.JPG,late_leaf_spot,f9e5def6c55bd532b0b46241da7aebddb9e65967913c463281c1d9d0204436be,1200,800,RGB,188837,validation
PHYTO_RAW_1929,Dataset of groundnut plant leaf images for classification and detection/Raw_Data/late leaf spot/IMG_5660.JPG,IMG_5660.JPG,late_leaf_spot,d1cd34dcd22b8bd1eaa5317e8ee9fb148e75e6243d5b5f8d5bb77b64775d7dda,1200,800,RGB,215399,train
PHYTO_RAW_1930,Dataset of groundnut plant leaf images for classification and detection/Raw_Data/late leaf spot/IMG_5661.JPG,IMG_5661.JPG,late_leaf_spot,c02ee1b06b6d6f1d91b2d737e5a85e739b0973da4b5f71ea9ecc078ce2a2b59b,1200,800,RGB,188207,train
PHYTO_RAW_1931,Dataset of groundnut plant leaf images for classification and detection/Raw_Data/late leaf spot/IMG_5662.JPG,IMG_5662.JPG,late_leaf_spot,e56276e71e1f2ec509a4ad1a4f76faefa9dd8c92778df03e6e3d2e04bce63a30,1200,800,RGB,245026,test
PHYTO_RAW_1932,Dataset of groundnut plant leaf images for classification and detection/Raw_Data/late leaf spot/IMG_5663.JPG,IMG_5663.JPG,late_leaf_spot,27b1a3f062c4818a1ef21b519523e285ddd5db112193c6fa0569c06eee1b3e9d,1200,800,RGB,284646,train
PHYTO_RAW_1933,Dataset of groundnut plant leaf images for classification and detection/Raw_Data/late leaf spot/IMG_5664.JPG,IMG_5664.JPG,late_leaf_spot,974604f7bfb119b46ed4fdbb07bebe3254cc6c881f878df852b0b40145275504,1200,800,RGB,308831,validation
PHYTO_RAW_1934,Dataset of groundnut plant leaf images for classification and detection/Raw_Data/late leaf spot/IMG_5665.JPG,IMG_5665.JPG,late_leaf_spot,425513d5eead19d54200f0d25e815165d44a53b69d13be835f10906d1f416ebf,1200,800,RGB,235148,train
PHYTO_RAW_1935,Dataset of groundnut plant leaf images for classification and detection/Raw_Data/late leaf spot/IMG_5666.JPG,IMG_5666.JPG,late_leaf_spot,70d8d53309da29ec23ee9847dbb23aff75be3fb40427b65892f9a77984618bbe,1200,800,RGB,324388,validation
PHYTO_RAW_1936,Dataset of groundnut plant leaf images for classification and detection/Raw_Data/late leaf spot/IMG_5677.JPG,IMG_5677.JPG,late_leaf_spot,307e257d5b5a748df9749a1dcbb05352cb6bc507e6a537b9f0a26b76baab6746,1200,800,RGB,186348,test
PHYTO_RAW_1937,Dataset of groundnut plant leaf images for classification and detection/Raw_Data/late leaf spot/IMG_5678.JPG,IMG_5678.JPG,late_leaf_spot,d7b3a41131100c1e7d405f9152803f3409ff276b2b1ce67e520f1ae35efa28ef,1200,800,RGB,232478,train
PHYTO_RAW_1938,Dataset of groundnut plant leaf images for classification and detection/Raw_Data/late leaf spot/IMG_5679.JPG,IMG_5679.JPG,late_leaf_spot,ed48e0b118366a85341632bf68994f682bb953751f8b493b21f2687f25acf9fa,1200,800,RGB,224458,train
PHYTO_RAW_1939,Dataset of groundnut plant leaf images for classification and detection/Raw_Data/late leaf spot/IMG_5680.JPG,IMG_5680.JPG,late_leaf_spot,e7e965fcb197266c01a3219f124f91d54962d9023da92a06ee70996eba8a41d7,1200,800,RGB,241728,train
PHYTO_RAW_1940,Dataset of groundnut plant leaf images for classification and detection/Raw_Data/late leaf spot/IMG_5681.JPG,IMG_5681.JPG,late_leaf_spot,8b1e1665aac2296e5feeee06c6a5e892ec4f82fdc6e1d100788b36f9d2b9450f,1200,800,RGB,262188,validation
PHYTO_RAW_1941,Dataset of groundnut plant leaf images for classification and detection/Raw_Data/late leaf spot/IMG_5682.JPG,IMG_5682.JPG,late_leaf_spot,319da6d59444b4b148e28bd8a7ef44214ced9dc08c0487416c4e8a6f6a6c4cc3,1200,800,RGB,270208,test
PHYTO_RAW_1942,Dataset of groundnut plant leaf images for classification and detection/Raw_Data/late leaf spot/IMG_5683.JPG,IMG_5683.JPG,late_leaf_spot,6b40e6daad7cebb293c2ee4a5d11399bd7b41e184c91c6eb531b62169be80621,1200,800,RGB,281651,train
PHYTO_RAW_1943,Dataset of groundnut plant leaf images for classification and detection/Raw_Data/late leaf spot/IMG_5684.JPG,IMG_5684.JPG,late_leaf_spot,44b82aea0be047a79a5203f89de158ce0fe04a6a1cc425efe980bd094894292a,1200,800,RGB,205267,validation
PHYTO_RAW_1944,Dataset of groundnut plant leaf images for classification and detection/Raw_Data/late leaf spot/IMG_5685.JPG,IMG_5685.JPG,late_leaf_spot,f6391c1165fb793655d5e4f323f3b3f738e1d1c29e9183ce0ccbe8befbc2b935,1200,800,RGB,209593,test
PHYTO_RAW_1945,Dataset of groundnut plant leaf images for classification and detection/Raw_Data/late leaf spot/IMG_5686.JPG,IMG_5686.JPG,late_leaf_spot,868fa1899a4b8933553d2262df720c660839fa8e8092c410d3c86458d2d8e7fe,1200,800,RGB,208956,train
PHYTO_RAW_1946,Dataset of groundnut plant leaf images for classification and detection/Raw_Data/late leaf spot/IMG_5687.JPG,IMG_5687.JPG,late_leaf_spot,daca0e3333e5897aa752871f6fe4f1da306151994fad2a7cf4e72ca2d6e727ca,1200,800,RGB,219011,validation
PHYTO_RAW_1947,Dataset of groundnut plant leaf images for classification and detection/Raw_Data/late leaf spot/IMG_5688.JPG,IMG_5688.JPG,late_leaf_spot,4342d06f85f944c05fce2fadc598e64e39d6d541e772543f89d331e109e511bb,1200,800,RGB,207760,test
PHYTO_RAW_1948,Dataset of groundnut plant leaf images for classification and detection/Raw_Data/late leaf spot/IMG_5689.JPG,IMG_5689.JPG,late_leaf_spot,fd146ddf1947032470f3349721aee352b839fcbb42746800b8a1ac1fab46e41c,1200,800,RGB,202863,train
PHYTO_RAW_1949,Dataset of groundnut plant leaf images for classification and detection/Raw_Data/late leaf spot/IMG_5690.JPG,IMG_5690.JPG,late_leaf_spot,cf8bfb00699b1e1d7e18e6c1e7c2cc5ef4f1a3b21f5bc304bb27460fab1e0127,1200,800,RGB,197552,train
PHYTO_RAW_1950,Dataset of groundnut plant leaf images for classification and detection/Raw_Data/late leaf spot/IMG_5691.JPG,IMG_5691.JPG,late_leaf_spot,8ed77b9882180a6917c431641a7925915f03df4607482728dda5b084d4ed8c55,1200,800,RGB,239442,train
PHYTO_RAW_1951,Dataset of groundnut plant leaf images for classification and detection/Raw_Data/late leaf spot/IMG_5692.JPG,IMG_5692.JPG,late_leaf_spot,62db55e359621f10b36cdb28332b54a8f7573ce2a62d3ee2b1b9a80588730f07,1200,800,RGB,230622,train
PHYTO_RAW_1952,Dataset of groundnut plant leaf images for classification and detection/Raw_Data/late leaf spot/IMG_5693.JPG,IMG_5693.JPG,late_leaf_spot,d57e58addc5bb57e45f2d598c4f3015b42ba70b4a5b3f6a8d9cc6c8634ee202d,1200,800,RGB,262861,train
PHYTO_RAW_1953,Dataset of groundnut plant leaf images for classification and detection/Raw_Data/late leaf spot/IMG_5694.JPG,IMG_5694.JPG,late_leaf_spot,229e6738fb9f2b695748daa8eb80af1a2f10de35fc3762331a86e14ccdbf7a16,1200,800,RGB,227910,train
PHYTO_RAW_1954,Dataset of groundnut plant leaf images for classification and detection/Raw_Data/late leaf spot/IMG_5695.JPG,IMG_5695.JPG,late_leaf_spot,cf54ab2ad4230d1e638900848e52d5b2f09f864cf6a0dca820b79e752c24726f,1200,800,RGB,285030,train
PHYTO_RAW_1955,Dataset of groundnut plant leaf images for classification and detection/Raw_Data/late leaf spot/IMG_5696.JPG,IMG_5696.JPG,late_leaf_spot,6cafbc7ace63b8511702d16be41f7b47f22ec41c598948df519d24581131e2de,1200,800,RGB,272194,train
PHYTO_RAW_1956,Dataset of groundnut plant leaf images for classification and detection/Raw_Data/late leaf spot/IMG_5697.JPG,IMG_5697.JPG,late_leaf_spot,6eac1226ce275b31b9f0c8467ba1490cbebb704b6cdea2c07358f59425bf34af,1200,800,RGB,337629,train
PHYTO_RAW_1957,Dataset of groundnut plant leaf images for classification and detection/Raw_Data/late leaf spot/IMG_5698.JPG,IMG_5698.JPG,late_leaf_spot,0c48a2f3021666d4f7eea025847e2c24c80f8c6fe44120430e25f8c5e1314795,1200,800,RGB,284995,train
PHYTO_RAW_1958,Dataset of groundnut plant leaf images for classification and detection/Raw_Data/late leaf spot/IMG_5699.JPG,IMG_5699.JPG,late_leaf_spot,269a1ae56c94ae26a2b5a405f3ad4e2f8dc3e19a1044f8ab58bd15d84cfb552b,1200,800,RGB,277424,train
PHYTO_RAW_1959,Dataset of groundnut plant leaf images for classification and detection/Raw_Data/late leaf spot/IMG_5700.JPG,IMG_5700.JPG,late_leaf_spot,31503e61b7972c1c5109713f2497ab7cfea00118d8c45d10c20f6895a3e0d840,1200,800,RGB,289184,test
PHYTO_RAW_1960,Dataset of groundnut plant leaf images for classification and detection/Raw_Data/late leaf spot/IMG_5701.JPG,IMG_5701.JPG,late_leaf_spot,961d79eda5321eb3aa01c023b7da2f35731ac3f2107d4a74673717c61f72bad0,1200,800,RGB,203548,train
PHYTO_RAW_1961,Dataset of groundnut plant leaf images for classification and detection/Raw_Data/late leaf spot/IMG_5702.JPG,IMG_5702.JPG,late_leaf_spot,579698ca17695be5ab9c42e154307a274824ae40c23c2e9ffd032a86952ca020,1200,800,RGB,207942,test
PHYTO_RAW_1962,Dataset of groundnut plant leaf images for classification and detection/Raw_Data/late leaf spot/IMG_5703.JPG,IMG_5703.JPG,late_leaf_spot,183d85d12ff0d657a37dbccb796d28e4ff7f6645a4bdc379bb4dc9ef7e28b26b,1200,800,RGB,246517,train
PHYTO_RAW_1963,Dataset of groundnut plant leaf images for classification and detection/Raw_Data/late leaf spot/IMG_5704.JPG,IMG_5704.JPG,late_leaf_spot,716e8da4c8112c2d00448be7a43aa7e869d9027bc9fe3e516e7baa10d74a36b0,1200,800,RGB,201476,train
PHYTO_RAW_1964,Dataset of groundnut plant leaf images for classification and detection/Raw_Data/late leaf spot/IMG_5705.JPG,IMG_5705.JPG,late_leaf_spot,072687032810c57497277840d2a70e781c45bbac68d8378818017c30dcb6b1b6,1200,800,RGB,227844,train
PHYTO_RAW_1965,Dataset of groundnut plant leaf images for classification and detection/Raw_Data/late leaf spot/IMG_5706.JPG,IMG_5706.JPG,late_leaf_spot,54177cf7cf22b8cba23be1062cdf53ec90a4fcb759e4d670baf926979da46b3d,1200,800,RGB,255200,validation
PHYTO_RAW_1966,Dataset of groundnut plant leaf images for classification and detection/Raw_Data/late leaf spot/IMG_5707.JPG,IMG_5707.JPG,late_leaf_spot,ea61f26828704c70c7fc114dbe31925c8daee4ad747a4c0105096a2d3aeb98c7,1200,800,RGB,258944,test
PHYTO_RAW_1967,Dataset of groundnut plant leaf images for classification and detection/Raw_Data/late leaf spot/IMG_5708.JPG,IMG_5708.JPG,late_leaf_spot,1926c2305c36abd6166460f06100d8fade554fe284be720435b0b009abf4ae4b,1200,800,RGB,244769,train
PHYTO_RAW_1968,Dataset of groundnut plant leaf images for classification and detection/Raw_Data/late leaf spot/IMG_5709.JPG,IMG_5709.JPG,late_leaf_spot,03d81f8e53282426f1252cf07bae2e9e1c229e7fb4ca00339a9ecff7916e6844,1200,800,RGB,240336,train
PHYTO_RAW_1969,Dataset of groundnut plant leaf images for classification and detection/Raw_Data/late leaf spot/IMG_5710.JPG,IMG_5710.JPG,late_leaf_spot,f635393c054bcea0c2dc97b32bf9cebdf78f0fd0f61060c322cc401b9ccae426,1200,800,RGB,291872,train
PHYTO_RAW_1970,Dataset of groundnut plant leaf images for classification and detection/Raw_Data/late leaf spot/IMG_5711.JPG,IMG_5711.JPG,late_leaf_spot,479f09741fc5d13bf22448064fd292c865eb0cc2c317a83af4d24809b9a72dd9,1200,800,RGB,236979,validation
PHYTO_RAW_1971,Dataset of groundnut plant leaf images for classification and detection/Raw_Data/late leaf spot/IMG_5712.JPG,IMG_5712.JPG,late_leaf_spot,66d5c333578f01ac1c7098e2c17bf9466162f334d74047163825f25e656ae195,1200,800,RGB,255670,train
PHYTO_RAW_1972,Dataset of groundnut plant leaf images for classification and detection/Raw_Data/late leaf spot/IMG_5713.JPG,IMG_5713.JPG,late_leaf_spot,f994f2ff6cd3a4d7d8183add976f8d42ac7d79ad6328ed456ae9ba24a8a4cbd9,1200,800,RGB,280280,train
PHYTO_RAW_1973,Dataset of groundnut plant leaf images for classification and detection/Raw_Data/late leaf spot/IMG_5714.JPG,IMG_5714.JPG,late_leaf_spot,6d4c39c85f9c32d33ec63315bf50e9759d2a3a9d62cd670af18af0221999325e,1200,800,RGB,199293,test
PHYTO_RAW_1974,Dataset of groundnut plant leaf images for classification and detection/Raw_Data/late leaf spot/IMG_5715.JPG,IMG_5715.JPG,late_leaf_spot,cc03473f6e1babbeb326a5f5d76c2d5edb2d49e4aca461075850bb288338b84b,1200,800,RGB,204505,train
PHYTO_RAW_1975,Dataset of groundnut plant leaf images for classification and detection/Raw_Data/late leaf spot/IMG_5716.JPG,IMG_5716.JPG,late_leaf_spot,d8cf6d68e33ef54b9cce55557ea3472138eff107808fcbecfccaf17262b9d114,1200,800,RGB,215461,validation
PHYTO_RAW_1976,Dataset of groundnut plant leaf images for classification and detection/Raw_Data/late leaf spot/IMG_5717.JPG,IMG_5717.JPG,late_leaf_spot,d19ed43556d40473192838ca5b76164fee00c5c8319779ea4b3729e33a6a49d5,1200,800,RGB,196571,train
PHYTO_RAW_1977,Dataset of groundnut plant leaf images for classification and detection/Raw_Data/late leaf spot/IMG_5718.JPG,IMG_5718.JPG,late_leaf_spot,f657e5825c2ce90cf015a8663c0d60456839c833f2350f420d3a0b919e6f8a15,1200,800,RGB,259726,test
PHYTO_RAW_1978,Dataset of groundnut plant leaf images for classification and detection/Raw_Data/late leaf spot/IMG_5719.JPG,IMG_5719.JPG,late_leaf_spot,9dba5472faae824d47054a3c13667af88dc5b9d997b4be79714c064f0bd706bc,1200,800,RGB,265768,train
PHYTO_RAW_1979,Dataset of groundnut plant leaf images for classification and detection/Raw_Data/late leaf spot/IMG_5720.JPG,IMG_5720.JPG,late_leaf_spot,5e321b3a482cd6b7be8b4d95aebeb046d3801a518a830055a961d5effe3e20a8,1200,800,RGB,248248,validation
PHYTO_RAW_1980,Dataset of groundnut plant leaf images for classification and detection/Raw_Data/late leaf spot/IMG_5721.JPG,IMG_5721.JPG,late_leaf_spot,0f16030bc1485edb35c8a57eaaa64ea04b75906b64ed2b23dbf4ea5722ea3cbe,1200,800,RGB,236476,train
PHYTO_RAW_1981,Dataset of groundnut plant leaf images for classification and detection/Raw_Data/late leaf spot/IMG_5722.JPG,IMG_5722.JPG,late_leaf_spot,88e7e5f9a8e8dbfed67f3391d37118539621e9036ab45ecb80acfb05fd93ca24,1200,800,RGB,272682,train
PHYTO_RAW_1982,Dataset of groundnut plant leaf images for classification and detection/Raw_Data/late leaf spot/IMG_5723.JPG,IMG_5723.JPG,late_leaf_spot,652e4bb9cfbb8a1889b89a0b08c37dc90347fa2b8d67754353dd52714f6bc7ea,1200,800,RGB,229579,train
PHYTO_RAW_1983,Dataset of groundnut plant leaf images for classification and detection/Raw_Data/late leaf spot/IMG_5724.JPG,IMG_5724.JPG,late_leaf_spot,94bda2084a0d3b5c58ec5a1b8601cb35e6583deaea75d2d9a5c228efea26241a,1200,800,RGB,253223,validation
PHYTO_RAW_1984,Dataset of groundnut plant leaf images for classification and detection/Raw_Data/late leaf spot/IMG_5725.JPG,IMG_5725.JPG,late_leaf_spot,4a47e6408dcf292004a200202397744ed43516ef788d3c4d2cb9e58199bd671c,1200,800,RGB,248502,train
PHYTO_RAW_1985,Dataset of groundnut plant leaf images for classification and detection/Raw_Data/late leaf spot/IMG_5726.JPG,IMG_5726.JPG,late_leaf_spot,823d794655dadcc07b897a97edda90022241fed33f581745babfea93dc4addaf,1200,800,RGB,257656,train
PHYTO_RAW_1986,Dataset of groundnut plant leaf images for classification and detection/Raw_Data/late leaf spot/IMG_5727.JPG,IMG_5727.JPG,late_leaf_spot,0a45f84d48c0e2afb942ac8a6323885625a335ab6ee72bdc27998ecec49d94e4,1200,800,RGB,311101,train
PHYTO_RAW_1987,Dataset of groundnut plant leaf images for classification and detection/Raw_Data/late leaf spot/IMG_5805.JPG,IMG_5805.JPG,late_leaf_spot,4326941c36d39daebd61e46dd9102a0c385e265f37d0cd3867f51039aa5f661b,1200,800,RGB,309059,train
PHYTO_RAW_1988,Dataset of groundnut plant leaf images for classification and detection/Raw_Data/late leaf spot/IMG_5806.JPG,IMG_5806.JPG,late_leaf_spot,005a480529e81f89af64dffaabe2d6feb345eba1ff72a4afc613485852f4969d,1200,800,RGB,281567,train
PHYTO_RAW_1989,Dataset of groundnut plant leaf images for classification and detection/Raw_Data/late leaf spot/IMG_5807.JPG,IMG_5807.JPG,late_leaf_spot,d2ee93d83652bfe58cd449a0737693bb7a5ab04fffd58440fef9ff331c33fd11,1200,800,RGB,254570,validation
PHYTO_RAW_1990,Dataset of groundnut plant leaf images for classification and detection/Raw_Data/late leaf spot/IMG_5878.JPG,IMG_5878.JPG,late_leaf_spot,c9beea5280acd0f49d316e6aca7aedfd64178e762ee088cc824f1565d1fafd48,1200,800,RGB,319912,validation
PHYTO_RAW_1991,Dataset of groundnut plant leaf images for classification and detection/Raw_Data/late leaf spot/IMG_5879.JPG,IMG_5879.JPG,late_leaf_spot,6598923e247d91131d007ec62382a833e45418c5685bd7e483cb61ebf3c10fc6,1200,800,RGB,329805,train
PHYTO_RAW_1992,Dataset of groundnut plant leaf images for classification and detection/Raw_Data/late leaf spot/IMG_5880.JPG,IMG_5880.JPG,late_leaf_spot,1851d1510eb073b6b6ff5d2eb9f43bead83c10de010edd2ad665fb0e34cb9139,1200,800,RGB,313318,validation
PHYTO_RAW_1993,Dataset of groundnut plant leaf images for classification and detection/Raw_Data/late leaf spot/IMG_5881.JPG,IMG_5881.JPG,late_leaf_spot,8be727eb083c80df939085d5dccf5708fe362cd9cba63ba03427b30be1d0260e,1200,800,RGB,372951,train
PHYTO_RAW_1994,Dataset of groundnut plant leaf images for classification and detection/Raw_Data/late leaf spot/IMG_5882.JPG,IMG_5882.JPG,late_leaf_spot,f8b83a6cf4b340ae89f2c1e1d38401ccc00d8de7a596fda6cb8a8becf4e16de6,1200,800,RGB,304386,train
PHYTO_RAW_1995,Dataset of groundnut plant leaf images for classification and detection/Raw_Data/late leaf spot/IMG_5883.JPG,IMG_5883.JPG,late_leaf_spot,4c141e0a36fdd4d75f7c921f4f8c63a52784d9d41c8b95a020d9446d296a7cb1,1200,800,RGB,299999,train
PHYTO_RAW_1996,Dataset of groundnut plant leaf images for classification and detection/Raw_Data/late leaf spot/IMG_5884.JPG,IMG_5884.JPG,late_leaf_spot,f799434d2b01b9b634def96e4203101ad3dbc6a333ab44cc4b6a685d0277a5da,1200,800,RGB,302234,train
PHYTO_RAW_1997,Dataset of groundnut plant leaf images for classification and detection/Raw_Data/late leaf spot/IMG_5885.JPG,IMG_5885.JPG,late_leaf_spot,2fc10805a1d7e6f5c4026d88e8bdfe8812e1c878a737488b4da4cfb47feffce7,1200,800,RGB,289862,train
PHYTO_RAW_1998,Dataset of groundnut plant leaf images for classification and detection/Raw_Data/late leaf spot/IMG_5886.JPG,IMG_5886.JPG,late_leaf_spot,20856f1542b95f62fb564d0165c72f1a256d402fd7bea44f37698d81d0810a33,1200,800,RGB,300503,validation
PHYTO_RAW_1999,Dataset of groundnut plant leaf images for classification and detection/Raw_Data/late leaf spot/IMG_5887.JPG,IMG_5887.JPG,late_leaf_spot,4841618356b7eb4479943df766bccc2d50955fe2259fe40458c5e3622527bd82,1200,800,RGB,303588,validation
PHYTO_RAW_2000,Dataset of groundnut plant leaf images for classification and detection/Raw_Data/late leaf spot/IMG_5888.JPG,IMG_5888.JPG,late_leaf_spot,a6875622fdcb5962e1e4e79838446294b7245cf78490a35bcb68347dfc50f5ba,1200,800,RGB,269479,test
PHYTO_RAW_2001,Dataset of groundnut plant leaf images for classification and detection/Raw_Data/late leaf spot/IMG_5889.JPG,IMG_5889.JPG,late_leaf_spot,5774df6ff572490a03cd89336797a908b126c387e87d9bda2d35568a8e252f25,1200,800,RGB,331583,train
PHYTO_RAW_2002,Dataset of groundnut plant leaf images for classification and detection/Raw_Data/late leaf spot/IMG_5890.JPG,IMG_5890.JPG,late_leaf_spot,33aff56df24118c6825cef065b5260df3994d38ead485c10e298bbe2962ad7b8,1200,800,RGB,347759,train
PHYTO_RAW_2003,Dataset of groundnut plant leaf images for classification and detection/Raw_Data/late leaf spot/IMG_5891.JPG,IMG_5891.JPG,late_leaf_spot,ca6b807e39a4945452dbe16592d05521414910525c22d5743c70de66dfc8f4cb,1200,800,RGB,313539,train
PHYTO_RAW_2004,Dataset of groundnut plant leaf images for classification and detection/Raw_Data/late leaf spot/IMG_5892.JPG,IMG_5892.JPG,late_leaf_spot,d0b2e4b4eb62af00213deb4ed9573a38e07d26669be2eab7b11a870725026b18,1200,800,RGB,336009,train
PHYTO_RAW_2005,Dataset of groundnut plant leaf images for classification and detection/Raw_Data/late leaf spot/IMG_5893.JPG,IMG_5893.JPG,late_leaf_spot,e9e543d036376f796f053ff9899a07e24f86f687cb0569731b44294f70cb2116,1200,800,RGB,202298,train
PHYTO_RAW_2006,Dataset of groundnut plant leaf images for classification and detection/Raw_Data/late leaf spot/IMG_5894.JPG,IMG_5894.JPG,late_leaf_spot,6da6e9e2e66c91eb587867e411d2de88e58cf5896b5c62c9fe788a070d5cad5f,1200,800,RGB,231651,validation
PHYTO_RAW_2007,Dataset of groundnut plant leaf images for classification and detection/Raw_Data/late leaf spot/IMG_6207.JPG,IMG_6207.JPG,late_leaf_spot,29027881b201ef4b766aa4979f8851085820ff9bdf26282c4fc4738ebc421861,1200,800,RGB,241752,validation
PHYTO_RAW_2008,Dataset of groundnut plant leaf images for classification and detection/Raw_Data/late leaf spot/IMG_6208.JPG,IMG_6208.JPG,late_leaf_spot,78f91052141b4661e6710b69a0ba02cc3ca21ba63393c351707476ec50d49d1a,1200,800,RGB,243177,train
PHYTO_RAW_2009,Dataset of groundnut plant leaf images for classification and detection/Raw_Data/late leaf spot/IMG_6209.JPG,IMG_6209.JPG,late_leaf_spot,b5a5b3ed4f61a4656613933499cd91dddc0ea39d3263d429b894dfc7cea83eba,1200,800,RGB,223328,train
PHYTO_RAW_2010,Dataset of groundnut plant leaf images for classification and detection/Raw_Data/late leaf spot/IMG_6210.JPG,IMG_6210.JPG,late_leaf_spot,f41912ed4da01219c1e87958c93a533940046e41fa83b702b2bfb2bbec464bae,1200,800,RGB,258720,train
PHYTO_RAW_2011,Dataset of groundnut plant leaf images for classification and detection/Raw_Data/late leaf spot/IMG_6211.JPG,IMG_6211.JPG,late_leaf_spot,8eb775f9f428ad5d52b9c42c0b0b3e4b5495db962abe739518bf1e6b88dc2596,1200,800,RGB,257334,train
PHYTO_RAW_2012,Dataset of groundnut plant leaf images for classification and detection/Raw_Data/late leaf spot/IMG_6212.JPG,IMG_6212.JPG,late_leaf_spot,dff7b60d95a87b25475ca3a8a7254e6def22d4cd9ca443e10aef229346397f5d,1200,800,RGB,218306,validation
PHYTO_RAW_2013,Dataset of groundnut plant leaf images for classification and detection/Raw_Data/late leaf spot/IMG_6213.JPG,IMG_6213.JPG,late_leaf_spot,71442757d1b096c151340a002be9148cac6a5af12183439cbac6543c38e693a4,1200,800,RGB,209752,train
PHYTO_RAW_2014,Dataset of groundnut plant leaf images for classification and detection/Raw_Data/late leaf spot/IMG_6214.JPG,IMG_6214.JPG,late_leaf_spot,d4a3ebfc0e183a56b7e363a9b10ccbfd023b8aa4ac6a86e3351e61f48e10c5e2,1200,800,RGB,231106,train
PHYTO_RAW_2015,Dataset of groundnut plant leaf images for classification and detection/Raw_Data/late leaf spot/IMG_6215.JPG,IMG_6215.JPG,late_leaf_spot,988c52830eb190ca00a0c2214d8e811c0ee1e3c3270fe4e5d8ce38eb8a0a4a88,1200,800,RGB,224841,train
PHYTO_RAW_2016,Dataset of groundnut plant leaf images for classification and detection/Raw_Data/late leaf spot/IMG_6216.JPG,IMG_6216.JPG,late_leaf_spot,621fa6c37d40b264831907594b5b1c23cddefac81f8c1ab8256af3d80e4bf718,1200,800,RGB,209041,train
PHYTO_RAW_2017,Dataset of groundnut plant leaf images for classification and detection/Raw_Data/late leaf spot/IMG_6217.JPG,IMG_6217.JPG,late_leaf_spot,d1de674900be297efaa19843a296c21d0bafba49bf6fdddb1b4b8489e8863a63,1200,800,RGB,236867,train
PHYTO_RAW_2018,Dataset of groundnut plant leaf images for classification and detection/Raw_Data/late leaf spot/IMG_6218.JPG,IMG_6218.JPG,late_leaf_spot,9d360cccbff8539c9b377b56922d71931065298468f4b1a68f4224adf69c90dd,1200,800,RGB,195576,validation
PHYTO_RAW_2019,Dataset of groundnut plant leaf images for classification and detection/Raw_Data/late leaf spot/IMG_6219.JPG,IMG_6219.JPG,late_leaf_spot,2bc67aec0c36e4decd27948104fcc02280e15e6078b4ab317b1f7f074dac2c4c,1200,800,RGB,235125,train
PHYTO_RAW_2020,Dataset of groundnut plant leaf images for classification and detection/Raw_Data/late leaf spot/IMG_6220.JPG,IMG_6220.JPG,late_leaf_spot,6f22fb2b3c1dee64756385cdac40ad55f14940a285540f3a2e8fea9114ce3dcd,1200,800,RGB,281533,validation
PHYTO_RAW_2021,Dataset of groundnut plant leaf images for classification and detection/Raw_Data/late leaf spot/IMG_6221.JPG,IMG_6221.JPG,late_leaf_spot,dd31db68494ca9968a3691fcc18a07b8327e724f81c570daff9fe409b2d58db5,1200,800,RGB,238147,test
PHYTO_RAW_2022,Dataset of groundnut plant leaf images for classification and detection/Raw_Data/late leaf spot/IMG_6222.JPG,IMG_6222.JPG,late_leaf_spot,5f4dc8aec40e473fb0797a461a05d4221c96f32250ac1baf84756dcdf1e400c3,1200,800,RGB,210668,test
PHYTO_RAW_2023,Dataset of groundnut plant leaf images for classification and detection/Raw_Data/late leaf spot/IMG_6223.JPG,IMG_6223.JPG,late_leaf_spot,ff2f0c9c7a94f950d28417ec57cb47ed26b7b671624402820ebc7c2cd5eb1c7c,1200,800,RGB,207211,train
PHYTO_RAW_2024,Dataset of groundnut plant leaf images for classification and detection/Raw_Data/late leaf spot/IMG_6224.JPG,IMG_6224.JPG,late_leaf_spot,2857e282911738772b8307a0564927bc2a0b3e960ebd01d76c9c4ce9be3c8625,1200,800,RGB,272008,train
PHYTO_RAW_2025,Dataset of groundnut plant leaf images for classification and detection/Raw_Data/late leaf spot/IMG_6225.JPG,IMG_6225.JPG,late_leaf_spot,ece6c113f3713d7ae28207bcb2e073fd8f171180a1c102d7159a2d7efc8824bf,1200,800,RGB,253213,train
PHYTO_RAW_2026,Dataset of groundnut plant leaf images for classification and detection/Raw_Data/late leaf spot/IMG_6226.JPG,IMG_6226.JPG,late_leaf_spot,7c13a46c2e374fdd7abef56659998a5c4dff5e06d4b1e2603b9a67f45330769c,1200,800,RGB,241490,train
PHYTO_RAW_2027,Dataset of groundnut plant leaf images for classification and detection/Raw_Data/late leaf spot/IMG_6227.JPG,IMG_6227.JPG,late_leaf_spot,6106142fd95a5cfca086d66f6503481f2b0bd858c911d7ee885844197ca894b6,1200,800,RGB,233322,train
PHYTO_RAW_2028,Dataset of groundnut plant leaf images for classification and detection/Raw_Data/late leaf spot/IMG_6228.JPG,IMG_6228.JPG,late_leaf_spot,b0c8cd0af2661201d10b15ffcbb43aada8c0bce6555786090346f0eb67010d56,1200,800,RGB,239422,train
PHYTO_RAW_2029,Dataset of groundnut plant leaf images for classification and detection/Raw_Data/late leaf spot/IMG_6229.JPG,IMG_6229.JPG,late_leaf_spot,ebda533d17896962ebad7369933931d75f9ff6d1bba93050ffe25f20b5f6639e,1200,800,RGB,246873,train
PHYTO_RAW_2030,Dataset of groundnut plant leaf images for classification and detection/Raw_Data/late leaf spot/IMG_6230.JPG,IMG_6230.JPG,late_leaf_spot,89d81216cb6b41ada1cdf183823cef712deeb736efe6ca1ff2569fd4beecd75c,1200,800,RGB,273757,validation
PHYTO_RAW_2031,Dataset of groundnut plant leaf images for classification and detection/Raw_Data/late leaf spot/IMG_6231.JPG,IMG_6231.JPG,late_leaf_spot,fbff288c68833314eeb0b437f38a3468dd287efa7010fc1cdb2c8e8126bf1b19,1200,800,RGB,315018,validation
PHYTO_RAW_2032,Dataset of groundnut plant leaf images for classification and detection/Raw_Data/late leaf spot/IMG_6232.JPG,IMG_6232.JPG,late_leaf_spot,79f9bbb190792345e053c27581d963bd87e355e013c6ae10322410af6c584926,1200,800,RGB,281645,validation
PHYTO_RAW_2033,Dataset of groundnut plant leaf images for classification and detection/Raw_Data/late leaf spot/IMG_6233.JPG,IMG_6233.JPG,late_leaf_spot,6e9b204439fe72f99898acb64b0cedcb6b734abebe5f2fefc4c3a16fc6729af6,1200,800,RGB,279073,train
PHYTO_RAW_2034,Dataset of groundnut plant leaf images for classification and detection/Raw_Data/late leaf spot/IMG_6234.JPG,IMG_6234.JPG,late_leaf_spot,bc97d21cbe2db543ac9a98fecd29a918959b884276170a6e18855493c160276a,1200,800,RGB,221283,validation
PHYTO_RAW_2035,Dataset of groundnut plant leaf images for classification and detection/Raw_Data/late leaf spot/IMG_6235.JPG,IMG_6235.JPG,late_leaf_spot,c04b2d4066cc5dd80a0753bacc38179b5edf944d60b4a324b52075a0992f7c30,1200,800,RGB,218626,train
PHYTO_RAW_2036,Dataset of groundnut plant leaf images for classification and detection/Raw_Data/late leaf spot/IMG_6236.JPG,IMG_6236.JPG,late_leaf_spot,8549d6eb4cafa0bcf091aec430aaa3b78e0ac96bfe97e6e9b46d10ab44d091cb,1200,800,RGB,205084,train
PHYTO_RAW_2037,Dataset of groundnut plant leaf images for classification and detection/Raw_Data/late leaf spot/IMG_6237.JPG,IMG_6237.JPG,late_leaf_spot,caa6dd52eff4f5275b031b36b5892cdb90cca8e6afaee7cdabcb55f90e02c950,1200,800,RGB,198307,validation
PHYTO_RAW_2038,Dataset of groundnut plant leaf images for classification and detection/Raw_Data/late leaf spot/IMG_6238.JPG,IMG_6238.JPG,late_leaf_spot,30a96136f4a5cf09521223e1e74dff667487cb0fadb2d025e5322ffb6b033b87,1200,800,RGB,247028,train
PHYTO_RAW_2039,Dataset of groundnut plant leaf images for classification and detection/Raw_Data/late leaf spot/IMG_6239.JPG,IMG_6239.JPG,late_leaf_spot,68af5af24c7de2bdea8c4c767bf236c327e68470fba39e484bec57ce0d5c88c1,1200,800,RGB,257371,train
PHYTO_RAW_2040,Dataset of groundnut plant leaf images for classification and detection/Raw_Data/late leaf spot/IMG_6240.JPG,IMG_6240.JPG,late_leaf_spot,219ee9c3c99578301543492bc1e9609a69bcfda962deb5918a3e0e4ecb9eaaff,1200,800,RGB,256480,train
PHYTO_RAW_2041,Dataset of groundnut plant leaf images for classification and detection/Raw_Data/late leaf spot/IMG_6241.JPG,IMG_6241.JPG,late_leaf_spot,bebb73218e99fbe9015cfe2aa6e6ad59bb8e676b5026a5f0e4bae536c67db2d2,1200,800,RGB,292744,train
PHYTO_RAW_2042,Dataset of groundnut plant leaf images for classification and detection/Raw_Data/late leaf spot/IMG_6242.JPG,IMG_6242.JPG,late_leaf_spot,2fe8b22930a010d9f8d94acfff7ffa0a7d428ded4ad4103f7ffce0418e06158a,1200,800,RGB,203071,train
PHYTO_RAW_2043,Dataset of groundnut plant leaf images for classification and detection/Raw_Data/late leaf spot/IMG_6243.JPG,IMG_6243.JPG,late_leaf_spot,d817bbb8af62b81c30ec8581e0b7ee09e5cafea1880b7913249425aa00315b84,1200,800,RGB,191713,test
PHYTO_RAW_2044,Dataset of groundnut plant leaf images for classification and detection/Raw_Data/late leaf spot/IMG_6244.JPG,IMG_6244.JPG,late_leaf_spot,0e95c3c1303313766a702c0dfb49d9cf247ceccff33cb2427bc0909cfee15ab1,1200,800,RGB,220460,train
PHYTO_RAW_2045,Dataset of groundnut plant leaf images for classification and detection/Raw_Data/late leaf spot/IMG_6245.JPG,IMG_6245.JPG,late_leaf_spot,3fbb88ebb13237d6626976eb19d13e048c923a0e6b3a27ab83a3d622a6e3d152,1200,800,RGB,190677,test
PHYTO_RAW_2046,Dataset of groundnut plant leaf images for classification and detection/Raw_Data/late leaf spot/IMG_6246.JPG,IMG_6246.JPG,late_leaf_spot,f975d4c6bccf005eb2a0cb05caf7a6f301415039e45a1a9b7dc861a0cbeaab58,1200,800,RGB,311040,train
PHYTO_RAW_2047,Dataset of groundnut plant leaf images for classification and detection/Raw_Data/late leaf spot/IMG_6247.JPG,IMG_6247.JPG,late_leaf_spot,e2d91401c035c46fe1dd213c4c51aaf5c076903315a8bc86e3e42cf192875305,1200,800,RGB,241282,train
PHYTO_RAW_2048,Dataset of groundnut plant leaf images for classification and detection/Raw_Data/late leaf spot/IMG_6248.JPG,IMG_6248.JPG,late_leaf_spot,bd63e9e9d1c5573e3bb179b020227079fa1e315cae1113c4d12a0742e9d59e9d,1200,800,RGB,230302,train
PHYTO_RAW_2049,Dataset of groundnut plant leaf images for classification and detection/Raw_Data/late leaf spot/IMG_6249.JPG,IMG_6249.JPG,late_leaf_spot,8b60e751511dd3e5abf81bcf62643e6d059ad14000d8b166904f66c1f1dffece,1200,800,RGB,260274,train
PHYTO_RAW_2050,Dataset of groundnut plant leaf images for classification and detection/Raw_Data/late leaf spot/IMG_6250.JPG,IMG_6250.JPG,late_leaf_spot,2dc2b08e7d1c651cafc01bcb992db67f939f35c02f3654bdd0d19cc9dbc7e922,1200,800,RGB,211667,train
PHYTO_RAW_2051,Dataset of groundnut plant leaf images for classification and detection/Raw_Data/late leaf spot/IMG_6251.JPG,IMG_6251.JPG,late_leaf_spot,999021c476f925befcf8ea565bbcccd874f0d3f5f51b19237c036bdec6a6fa80,1200,800,RGB,255427,test
PHYTO_RAW_2052,Dataset of groundnut plant leaf images for classification and detection/Raw_Data/late leaf spot/IMG_6252.JPG,IMG_6252.JPG,late_leaf_spot,e019676f0c48533a059e83df52f4848e2bd3e2a973b067e33c05ee0dc27d977f,1200,800,RGB,216358,train
PHYTO_RAW_2053,Dataset of groundnut plant leaf images for classification and detection/Raw_Data/late leaf spot/IMG_6253.JPG,IMG_6253.JPG,late_leaf_spot,5700d3043ea693a5c0333e689e0fa3884c7064ab987554f37e1d44c9bbcecf5e,1200,800,RGB,222185,train
PHYTO_RAW_2054,Dataset of groundnut plant leaf images for classification and detection/Raw_Data/late leaf spot/IMG_6254.JPG,IMG_6254.JPG,late_leaf_spot,157765baa64c6dddad43b156b5e7f9440a9a56d8ddcd17fdb76c0794730da771,1200,800,RGB,271215,train
PHYTO_RAW_2055,Dataset of groundnut plant leaf images for classification and detection/Raw_Data/late leaf spot/IMG_6255.JPG,IMG_6255.JPG,late_leaf_spot,44f9a29c37237c2768abe1e6a449b23b94dc98eb1b8e9b731087778228c032a0,1200,800,RGB,299299,train
PHYTO_RAW_2056,Dataset of groundnut plant leaf images for classification and detection/Raw_Data/late leaf spot/IMG_6256.JPG,IMG_6256.JPG,late_leaf_spot,520dcad44dca466d793106762efc6fa545d12566c6e4b9e5f5e4501d263c9b4f,1200,800,RGB,300809,validation
PHYTO_RAW_2057,Dataset of groundnut plant leaf images for classification and detection/Raw_Data/late leaf spot/IMG_6257.JPG,IMG_6257.JPG,late_leaf_spot,9b266eb6a3fe6aaf5f199464dc4af9461cd6c775e6bc901ec1bff2d3da9b50fa,1200,800,RGB,232892,test
PHYTO_RAW_2058,Dataset of groundnut plant leaf images for classification and detection/Raw_Data/late leaf spot/IMG_6258.JPG,IMG_6258.JPG,late_leaf_spot,fe0eb3dc987250fa16343b98951b9e1e7064908494c517bc3200437c85cab98a,1200,800,RGB,222763,train
PHYTO_RAW_2059,Dataset of groundnut plant leaf images for classification and detection/Raw_Data/late leaf spot/IMG_6259.JPG,IMG_6259.JPG,late_leaf_spot,639ec8aaa7d6ef62d175f5eb89dd916016f5e2bd1bc94c3c26666922e3388d46,1200,800,RGB,255985,validation
PHYTO_RAW_2060,Dataset of groundnut plant leaf images for classification and detection/Raw_Data/late leaf spot/IMG_6260.JPG,IMG_6260.JPG,late_leaf_spot,9964258b0f07c547485decddd28130bd07d20b33e0bc5eb6c9c26d6d83f102ff,1200,800,RGB,253676,test
PHYTO_RAW_2061,Dataset of groundnut plant leaf images for classification and detection/Raw_Data/late leaf spot/IMG_6261.JPG,IMG_6261.JPG,late_leaf_spot,e29773439a04db0e8fe0d7a3c87a423059566fdd315969e474000b8cfd796251,1200,800,RGB,228817,train
PHYTO_RAW_2062,Dataset of groundnut plant leaf images for classification and detection/Raw_Data/late leaf spot/IMG_6262.JPG,IMG_6262.JPG,late_leaf_spot,739e3eb71de6d3296ee1c9b7b7e1cc63fbcf2cf48f307284a83782f9a4142bde,1200,800,RGB,215027,train
PHYTO_RAW_2063,Dataset of groundnut plant leaf images for classification and detection/Raw_Data/late leaf spot/IMG_6263.JPG,IMG_6263.JPG,late_leaf_spot,766d3458a5b1a3a8b58bed02a9a9827ed809d6da7a68942deb55a51e5733aed7,1200,800,RGB,206396,train
PHYTO_RAW_2064,Dataset of groundnut plant leaf images for classification and detection/Raw_Data/late leaf spot/IMG_6264.JPG,IMG_6264.JPG,late_leaf_spot,8942ed265b6ec529f5761130625f13e2e4a528a0ae4bf1cc1aa4e346ee89062f,1200,800,RGB,333509,test
PHYTO_RAW_2065,Dataset of groundnut plant leaf images for classification and detection/Raw_Data/late leaf spot/IMG_6265.JPG,IMG_6265.JPG,late_leaf_spot,85d135fd62220b0dde3a200ca6c3e54d9ee4a08c51278d6a58f7f1b88511619b,1200,800,RGB,312121,validation
PHYTO_RAW_2066,Dataset of groundnut plant leaf images for classification and detection/Raw_Data/late leaf spot/IMG_6266.JPG,IMG_6266.JPG,late_leaf_spot,88b7c4019febaf07297ab150c778b6a48c5a5c912c8eb73abfec6fbcae4cf423,1200,800,RGB,249571,train
PHYTO_RAW_2067,Dataset of groundnut plant leaf images for classification and detection/Raw_Data/late leaf spot/IMG_6267.JPG,IMG_6267.JPG,late_leaf_spot,225a00c7410d32556f6476dcc431150ff1ad85dfa4cf1ebbf7a21b773e67bff7,1200,800,RGB,296705,train
PHYTO_RAW_2068,Dataset of groundnut plant leaf images for classification and detection/Raw_Data/late leaf spot/IMG_6268.JPG,IMG_6268.JPG,late_leaf_spot,4f7187477150f9b5c54d1b548afde07b8bd7cbc904bf43d715a01b702d9f598f,1200,800,RGB,463234,train
PHYTO_RAW_2069,Dataset of groundnut plant leaf images for classification and detection/Raw_Data/late leaf spot/IMG_6274.JPG,IMG_6274.JPG,late_leaf_spot,fd5741521d12ac0ad4799724cccf14d9650e490265f7771a0483ec4fd3cc1ae9,1200,800,RGB,245820,train
PHYTO_RAW_2070,Dataset of groundnut plant leaf images for classification and detection/Raw_Data/late leaf spot/IMG_6275.JPG,IMG_6275.JPG,late_leaf_spot,40f75d6897d71a1d9c1224b987a344509e13cfa334bd1df638dc0cf5e9aa169d,1200,800,RGB,266092,train
PHYTO_RAW_2071,Dataset of groundnut plant leaf images for classification and detection/Raw_Data/late leaf spot/IMG_6276.JPG,IMG_6276.JPG,late_leaf_spot,811f0d8824ba827266ce982d7e6a159702f981570b6dd333294fd79096ff8e84,1200,800,RGB,257627,test
PHYTO_RAW_2072,Dataset of groundnut plant leaf images for classification and detection/Raw_Data/late leaf spot/IMG_6277.JPG,IMG_6277.JPG,late_leaf_spot,59c55365914f62530d840214969e33adaae46c0e5cb7ece287a62949e7f871ba,1200,800,RGB,236937,train
PHYTO_RAW_2073,Dataset of groundnut plant leaf images for classification and detection/Raw_Data/late leaf spot/IMG_6278.JPG,IMG_6278.JPG,late_leaf_spot,ee3b063a4a196c8cb27b1ed53d146f3586937a0ec19d6b702bc479f2bfa0bc70,1200,800,RGB,249001,train
PHYTO_RAW_2074,Dataset of groundnut plant leaf images for classification and detection/Raw_Data/late leaf spot/IMG_6279.JPG,IMG_6279.JPG,late_leaf_spot,0b7c8385b27790866291067a772434959fe6750da9feac01bdd80c22fd0f1a94,1200,800,RGB,235210,train
PHYTO_RAW_2075,Dataset of groundnut plant leaf images for classification and detection/Raw_Data/late leaf spot/IMG_6280.JPG,IMG_6280.JPG,late_leaf_spot,2e2057a23a5b5cd8d23c141caa156012ebec7a97867fb77c1ddfc769559d460c,1200,800,RGB,276235,test
PHYTO_RAW_2076,Dataset of groundnut plant leaf images for classification and detection/Raw_Data/late leaf spot/IMG_6281.JPG,IMG_6281.JPG,late_leaf_spot,55759c3d13546ca2d56c6e3c82c695ae30fbccb0124edee4b64ad7bc80815f6c,1200,800,RGB,239656,train
PHYTO_RAW_2077,Dataset of groundnut plant leaf images for classification and detection/Raw_Data/late leaf spot/IMG_6282.JPG,IMG_6282.JPG,late_leaf_spot,31e2a3baf4514653d5ad2078b1f293f730ac9f69e263e394d25ee15bde98b177,1200,800,RGB,255140,train
PHYTO_RAW_2078,Dataset of groundnut plant leaf images for classification and detection/Raw_Data/late leaf spot/IMG_6283.JPG,IMG_6283.JPG,late_leaf_spot,50ed8fd3d4657da49462f06a03e7e43c75c7196bde79daf1ede59d634761b7d9,1200,800,RGB,224449,train
PHYTO_RAW_2079,Dataset of groundnut plant leaf images for classification and detection/Raw_Data/late leaf spot/IMG_6284.JPG,IMG_6284.JPG,late_leaf_spot,a5837b625dd193c98a9e91a4ee286eb45eabcccba58d2781e0ea315e6dda6458,1200,800,RGB,236215,train
PHYTO_RAW_2080,Dataset of groundnut plant leaf images for classification and detection/Raw_Data/late leaf spot/IMG_6285.JPG,IMG_6285.JPG,late_leaf_spot,93a3bc4920db8b2944dc2c59e098b681deeef7d4e1ad2c062501e7bee6d2e1a2,1200,800,RGB,204548,train
PHYTO_RAW_2081,Dataset of groundnut plant leaf images for classification and detection/Raw_Data/late leaf spot/IMG_6286.JPG,IMG_6286.JPG,late_leaf_spot,6189f171bc2bdc6e3424b7a8b2a1214aed97c0a4e0d494bf8c8a4dc7002275d3,1200,800,RGB,237268,train
PHYTO_RAW_2082,Dataset of groundnut plant leaf images for classification and detection/Raw_Data/late leaf spot/IMG_6287.JPG,IMG_6287.JPG,late_leaf_spot,215fc0e59b6848976ebe7699c88c675afeb3186f528a51e42388de7a95d42d96,1200,800,RGB,215726,test
PHYTO_RAW_2083,Dataset of groundnut plant leaf images for classification and detection/Raw_Data/late leaf spot/IMG_6288.JPG,IMG_6288.JPG,late_leaf_spot,bc14de7b760f682116cda01c7a50a1ad23f72c926a6f0fe362061ad7d5fd3162,1200,800,RGB,201688,validation
PHYTO_RAW_2084,Dataset of groundnut plant leaf images for classification and detection/Raw_Data/late leaf spot/IMG_6289.JPG,IMG_6289.JPG,late_leaf_spot,2690a9364f32c64e9cb20efce6e8edc3fba319304f4fea5460857bcf216cc75d,1200,800,RGB,232828,test
PHYTO_RAW_2085,Dataset of groundnut plant leaf images for classification and detection/Raw_Data/late leaf spot/IMG_6290.JPG,IMG_6290.JPG,late_leaf_spot,066f7a34f90d22c57d12f277a3e8f0ba74ed4995fa385253855f5913abc07453,1200,800,RGB,277776,train
PHYTO_RAW_2086,Dataset of groundnut plant leaf images for classification and detection/Raw_Data/late leaf spot/IMG_6291.JPG,IMG_6291.JPG,late_leaf_spot,ec0337bf63cc871e33f2c51360ffbc5443f3b8d54a9f3578f727948d8fed0d64,1200,800,RGB,245831,train
PHYTO_RAW_2087,Dataset of groundnut plant leaf images for classification and detection/Raw_Data/late leaf spot/IMG_6292.JPG,IMG_6292.JPG,late_leaf_spot,9855306c8c1fd85c30e463f57133d0c0db7aac73eb838c1898df4342995e103c,1200,800,RGB,222666,train
PHYTO_RAW_2088,Dataset of groundnut plant leaf images for classification and detection/Raw_Data/late leaf spot/IMG_6293.JPG,IMG_6293.JPG,late_leaf_spot,09c105e3ae4ca9b3415d32afcd57a1c5a27f09d5869e1f2a287a92005831e32b,1200,800,RGB,244917,train
PHYTO_RAW_2089,Dataset of groundnut plant leaf images for classification and detection/Raw_Data/late leaf spot/IMG_6294.JPG,IMG_6294.JPG,late_leaf_spot,3a5c84a009e931169adccbe5c3ad7b7b4475c370e9b8cbc12e4617dd1032d554,1200,800,RGB,240560,train
PHYTO_RAW_2090,Dataset of groundnut plant leaf images for classification and detection/Raw_Data/late leaf spot/IMG_6295.JPG,IMG_6295.JPG,late_leaf_spot,233350849eb8a3b718857cef3d4dc8ec7edfd8f285dc35ee74a2045749dc2377,1200,800,RGB,229299,test
PHYTO_RAW_2091,Dataset of groundnut plant leaf images for classification and detection/Raw_Data/late leaf spot/IMG_6296.JPG,IMG_6296.JPG,late_leaf_spot,21ab794facb682f98ef1c1665d594f839eac2cfd94f33b6fa3bdb43cb36c0d48,1200,800,RGB,216113,train
PHYTO_RAW_2092,Dataset of groundnut plant leaf images for classification and detection/Raw_Data/late leaf spot/IMG_6297.JPG,IMG_6297.JPG,late_leaf_spot,d3487244f2e5eba6b3860738980dace68f07db1e2f5722828513992a66bdb085,1200,800,RGB,220296,train
PHYTO_RAW_2093,Dataset of groundnut plant leaf images for classification and detection/Raw_Data/late leaf spot/IMG_6298.JPG,IMG_6298.JPG,late_leaf_spot,f2a06cd116956e78b48d3260346f9695dcff5bf7a8443327cc74372f86eada2d,1200,800,RGB,218760,train
PHYTO_RAW_2094,Dataset of groundnut plant leaf images for classification and detection/Raw_Data/late leaf spot/IMG_6299.JPG,IMG_6299.JPG,late_leaf_spot,b1f0472cd35fb4f1ef7df9b2219e87ed41158d85b004d68c3b4f6322fcb36f11,1200,800,RGB,223359,train
PHYTO_RAW_2095,Dataset of groundnut plant leaf images for classification and detection/Raw_Data/late leaf spot/IMG_6300.JPG,IMG_6300.JPG,late_leaf_spot,c05e8bda19c958a0326e15a1af547d210a3a36ee9aa61bf189a8da1d71173166,1200,800,RGB,223975,train
PHYTO_RAW_2096,Dataset of groundnut plant leaf images for classification and detection/Raw_Data/late leaf spot/IMG_6301.JPG,IMG_6301.JPG,late_leaf_spot,921511aefc716f2559f4c073fd4296eb1453e409283275ca18fe5976512c8fe0,1200,800,RGB,254102,validation
PHYTO_RAW_2097,Dataset of groundnut plant leaf images for classification and detection/Raw_Data/late leaf spot/IMG_6302.JPG,IMG_6302.JPG,late_leaf_spot,9c6b2f47b9d42d2cb256760fda7ad39600a3f42938ce25e766f8a4bc5fc7509e,1200,800,RGB,256051,train
PHYTO_RAW_2098,Dataset of groundnut plant leaf images for classification and detection/Raw_Data/late leaf spot/IMG_6303.JPG,IMG_6303.JPG,late_leaf_spot,d75180ba3743686c3b1d99310fbe8f2a0a4833531a5b28b0901a527710247132,1200,800,RGB,220623,validation
PHYTO_RAW_2099,Dataset of groundnut plant leaf images for classification and detection/Raw_Data/late leaf spot/IMG_6304.JPG,IMG_6304.JPG,late_leaf_spot,16d3267d895a2c31f17b7428fde9027e381a18a21dd266aa6e2df5c254972bed,1200,800,RGB,271791,train
PHYTO_RAW_2100,Dataset of groundnut plant leaf images for classification and detection/Raw_Data/late leaf spot/IMG_6305.JPG,IMG_6305.JPG,late_leaf_spot,b7a32624599be93660cf3d20b2556995a2a09b00d087bdb37ac777ab37c6abd1,1200,800,RGB,238949,train
PHYTO_RAW_2101,Dataset of groundnut plant leaf images for classification and detection/Raw_Data/late leaf spot/IMG_6306.JPG,IMG_6306.JPG,late_leaf_spot,64a163b084516809b6b32a8614c14f181f9ada4f56fd10c15524e5126f3be841,1200,800,RGB,237476,test
PHYTO_RAW_2102,Dataset of groundnut plant leaf images for classification and detection/Raw_Data/late leaf spot/IMG_6307.JPG,IMG_6307.JPG,late_leaf_spot,84c48c1fde33a699ff9cb84e975ca22837a45a1869de546a751898dc85f3134c,1200,800,RGB,265500,test
PHYTO_RAW_2103,Dataset of groundnut plant leaf images for classification and detection/Raw_Data/late leaf spot/IMG_6308.JPG,IMG_6308.JPG,late_leaf_spot,a095373a40fcd5d1ecf615494969e6bc3e135fc436e778e5a2969012337f788d,1200,800,RGB,233613,train
PHYTO_RAW_2104,Dataset of groundnut plant leaf images for classification and detection/Raw_Data/late leaf spot/IMG_6309.JPG,IMG_6309.JPG,late_leaf_spot,2d3bddc419ff4da6760599e3409bc17dada7f52924f8f6f157bc413140d546da,1200,800,RGB,218665,train
PHYTO_RAW_2105,Dataset of groundnut plant leaf images for classification and detection/Raw_Data/late leaf spot/IMG_6310.JPG,IMG_6310.JPG,late_leaf_spot,ab5464931fa2150d9589a62edb09e08ec3efea45ec2d5323222666e9033c8ad8,1200,800,RGB,212573,train
PHYTO_RAW_2106,Dataset of groundnut plant leaf images for classification and detection/Raw_Data/late leaf spot/IMG_6311.JPG,IMG_6311.JPG,late_leaf_spot,54e8cf9550cb9641c40b7a9d006f6ee713c868a920d245650a2c964277190ecf,1200,800,RGB,233057,train
PHYTO_RAW_2107,Dataset of groundnut plant leaf images for classification and detection/Raw_Data/late leaf spot/IMG_6312.JPG,IMG_6312.JPG,late_leaf_spot,f7376830d9d4521b670599a021bb721036ede23ea235dc83413b3ea3850b4a54,1200,800,RGB,229116,test
PHYTO_RAW_2108,Dataset of groundnut plant leaf images for classification and detection/Raw_Data/late leaf spot/IMG_6313.JPG,IMG_6313.JPG,late_leaf_spot,08c08646930b08bf91a6447b081dd8cb26a75d12d4154e00c9963e9928974c64,1200,800,RGB,271376,validation
PHYTO_RAW_2109,Dataset of groundnut plant leaf images for classification and detection/Raw_Data/late leaf spot/IMG_6314.JPG,IMG_6314.JPG,late_leaf_spot,3fc817317bef16581e9763127770e4eaebe1dd2573b442da59978b7a9a1d555f,1200,800,RGB,264782,test
PHYTO_RAW_2110,Dataset of groundnut plant leaf images for classification and detection/Raw_Data/late leaf spot/IMG_6315.JPG,IMG_6315.JPG,late_leaf_spot,40e2c99d3f2ca62a836450bb62a51476f052595a941424719e205335d72d716a,1200,800,RGB,268921,train
PHYTO_RAW_2111,Dataset of groundnut plant leaf images for classification and detection/Raw_Data/late leaf spot/IMG_6316.JPG,IMG_6316.JPG,late_leaf_spot,7d540658e9df8f9dc7017b3165f35bf387cd6e556c52c5d4666549e81cf97b2c,1200,800,RGB,184983,train
PHYTO_RAW_2112,Dataset of groundnut plant leaf images for classification and detection/Raw_Data/late leaf spot/IMG_6317.JPG,IMG_6317.JPG,late_leaf_spot,de621d7e86482e07e7825659b057e8e12d003f64e6c695849021aa348f11bf82,1200,800,RGB,193584,test
PHYTO_RAW_2113,Dataset of groundnut plant leaf images for classification and detection/Raw_Data/late leaf spot/IMG_6318.JPG,IMG_6318.JPG,late_leaf_spot,7ba9b9c61f7d7e32865bc4112e6d06b4aeca997ebebe84925905c21d6e29dfc7,1200,800,RGB,196251,train
PHYTO_RAW_2114,Dataset of groundnut plant leaf images for classification and detection/Raw_Data/late leaf spot/IMG_6319.JPG,IMG_6319.JPG,late_leaf_spot,c165786f41bf10e8b59c23cc499a24e928b2e594608941fc9a3e0d2024c7a651,1200,800,RGB,197746,train
PHYTO_RAW_2115,Dataset of groundnut plant leaf images for classification and detection/Raw_Data/late leaf spot/IMG_6320.JPG,IMG_6320.JPG,late_leaf_spot,1eb17f6aa5e0160953b03682e23531dfc01029a8f7d05b24943de5582c942485,1200,800,RGB,185878,test
PHYTO_RAW_2116,Dataset of groundnut plant leaf images for classification and detection/Raw_Data/late leaf spot/IMG_6321.JPG,IMG_6321.JPG,late_leaf_spot,39e84346a8b79bd09a328a8c9dac9476b1cf509557a839822bd45f8904e33593,1200,800,RGB,201899,train
PHYTO_RAW_2117,Dataset of groundnut plant leaf images for classification and detection/Raw_Data/late leaf spot/IMG_6322.JPG,IMG_6322.JPG,late_leaf_spot,a39457502fd418b9197287b26bcbf186eec8dc250c9a3d580ecbdeb83d0f7aa7,1200,800,RGB,234082,test
PHYTO_RAW_2118,Dataset of groundnut plant leaf images for classification and detection/Raw_Data/late leaf spot/IMG_6323.JPG,IMG_6323.JPG,late_leaf_spot,04013fa3f61cee9cd8b0201a27cb535c979f305ce11a836527de211b631f325c,1200,800,RGB,210901,validation
PHYTO_RAW_2119,Dataset of groundnut plant leaf images for classification and detection/Raw_Data/late leaf spot/IMG_6324.JPG,IMG_6324.JPG,late_leaf_spot,9f8beaf0b35c16a6e893411efa93fe88785e424a5ae6327367c24874b4397f11,1200,800,RGB,220584,validation
PHYTO_RAW_2120,Dataset of groundnut plant leaf images for classification and detection/Raw_Data/late leaf spot/IMG_6325.JPG,IMG_6325.JPG,late_leaf_spot,c15bbea958c03a9e7e728a01c37f585f110a7d84d4effdd89e5897579e49b716,1200,800,RGB,230044,validation
PHYTO_RAW_2121,Dataset of groundnut plant leaf images for classification and detection/Raw_Data/late leaf spot/IMG_6326.JPG,IMG_6326.JPG,late_leaf_spot,1049a3ef4025c48b22d4b5368eba0337e56e8b5db9d18a3d1650f3af8c791862,1200,800,RGB,219690,test
PHYTO_RAW_2122,Dataset of groundnut plant leaf images for classification and detection/Raw_Data/late leaf spot/IMG_6327.JPG,IMG_6327.JPG,late_leaf_spot,7c75899340be1004d768fab2ce54b4249c9120224c868221652a2b36fba2ed18,1200,800,RGB,231551,validation
PHYTO_RAW_2123,Dataset of groundnut plant leaf images for classification and detection/Raw_Data/late leaf spot/IMG_6328.JPG,IMG_6328.JPG,late_leaf_spot,52965fe0aee6832579bd32c4b619fd4c98e4f129ccfb9ba972672e038b42fbc2,1200,800,RGB,241310,test
PHYTO_RAW_2124,Dataset of groundnut plant leaf images for classification and detection/Raw_Data/late leaf spot/IMG_6329.JPG,IMG_6329.JPG,late_leaf_spot,1f80d7df4930e5c5c390c0b8ed30e0e912ef35d347aedeb22a90133fdd118715,1200,800,RGB,247359,train
PHYTO_RAW_2125,Dataset of groundnut plant leaf images for classification and detection/Raw_Data/late leaf spot/IMG_6330.JPG,IMG_6330.JPG,late_leaf_spot,093cccc2702e7977274b6f1df8b483e3888016b726e1763fc3888a2196490c98,1200,800,RGB,231004,validation
PHYTO_RAW_2126,Dataset of groundnut plant leaf images for classification and detection/Raw_Data/late leaf spot/IMG_6331.JPG,IMG_6331.JPG,late_leaf_spot,3ca4113cc8a116235562a30cee2a31dc209c0c70ea812f5ae1eef292f8632251,1200,800,RGB,255084,test
PHYTO_RAW_2127,Dataset of groundnut plant leaf images for classification and detection/Raw_Data/late leaf spot/IMG_6332.JPG,IMG_6332.JPG,late_leaf_spot,05aaad9f18dbff7e7b078ee6ff5e298c2ddb0b3930464d0e6f404564e92a0dcc,1200,800,RGB,236110,test
PHYTO_RAW_2128,Dataset of groundnut plant leaf images for classification and detection/Raw_Data/late leaf spot/IMG_6333.JPG,IMG_6333.JPG,late_leaf_spot,fa242994a47788211834427bd2eb3ea7e0cbfcaccdf71c427e58fe0122eb1d98,1200,800,RGB,265021,test
PHYTO_RAW_2129,Dataset of groundnut plant leaf images for classification and detection/Raw_Data/late leaf spot/IMG_6334.JPG,IMG_6334.JPG,late_leaf_spot,d51a09f13e3b4baa214bb4176e56dfc8d1d53100a0ae56d81de763ee3d703d18,1200,800,RGB,253960,train
PHYTO_RAW_2130,Dataset of groundnut plant leaf images for classification and detection/Raw_Data/late leaf spot/IMG_6335.JPG,IMG_6335.JPG,late_leaf_spot,ac3096e22c589ae4ad58f46878baa6b7b3a409bd0bc590f1f8699dfe9627e2e5,1200,800,RGB,442874,train
PHYTO_RAW_2131,Dataset of groundnut plant leaf images for classification and detection/Raw_Data/late leaf spot/IMG_6336.JPG,IMG_6336.JPG,late_leaf_spot,a3e664d5e2087b3dd0ef71201926f0a45997cfd8ea0d495b5a15dd3cee4d870a,1200,800,RGB,547198,train
PHYTO_RAW_2132,Dataset of groundnut plant leaf images for classification and detection/Raw_Data/late leaf spot/IMG_6337.JPG,IMG_6337.JPG,late_leaf_spot,63f4816d522c2128d723b942eff645bd7fc0645965e9a274d01d16112587a212,1200,800,RGB,747028,test
PHYTO_RAW_2133,Dataset of groundnut plant leaf images for classification and detection/Raw_Data/late leaf spot/IMG_6361.JPG,IMG_6361.JPG,late_leaf_spot,5ca342c881965cf8b17a97aa723fd67c44372d72640dc73822872ed75e19694c,1200,800,RGB,242252,train
PHYTO_RAW_2134,Dataset of groundnut plant leaf images for classification and detection/Raw_Data/late leaf spot/IMG_6362.JPG,IMG_6362.JPG,late_leaf_spot,0924022ba2db406d30f45c252f5d6e403adf8e44c5683e49a090dd434cb97db6,1200,800,RGB,200894,train
PHYTO_RAW_2135,Dataset of groundnut plant leaf images for classification and detection/Raw_Data/late leaf spot/IMG_6363.JPG,IMG_6363.JPG,late_leaf_spot,4d361c5dc40405ea1b8b6af5de8368fc685aad81e574de9bc40d6352775554df,1200,800,RGB,239736,train
PHYTO_RAW_2136,Dataset of groundnut plant leaf images for classification and detection/Raw_Data/late leaf spot/IMG_6364.JPG,IMG_6364.JPG,late_leaf_spot,b411a88d272cb64369f80c6eead77e2db9d36c241ecf6089b5ad742667bfced8,1200,800,RGB,239972,train
PHYTO_RAW_2137,Dataset of groundnut plant leaf images for classification and detection/Raw_Data/late leaf spot/IMG_6365.JPG,IMG_6365.JPG,late_leaf_spot,19949937a2ad3acb3ffacb87a4d9691b3ac502cac978745f66173f6ea9cf7743,1200,800,RGB,251087,train
PHYTO_RAW_2138,Dataset of groundnut plant leaf images for classification and detection/Raw_Data/late leaf spot/IMG_6366.JPG,IMG_6366.JPG,late_leaf_spot,1f4da2e09b9277c73b76c345a50be8aae50b7bd842b2efae08eb9ed8a72814c5,1200,800,RGB,218864,validation
PHYTO_RAW_2139,Dataset of groundnut plant leaf images for classification and detection/Raw_Data/late leaf spot/IMG_6367.JPG,IMG_6367.JPG,late_leaf_spot,dc3b54127c385f854b70942b90a850cbdedd026ef5cfdfe0ddeb0ee438a0bb23,1200,800,RGB,208075,train
PHYTO_RAW_2140,Dataset of groundnut plant leaf images for classification and detection/Raw_Data/late leaf spot/IMG_6368.JPG,IMG_6368.JPG,late_leaf_spot,80161ea364f6de8d4d8d0a4ac2db3d56e9c0373226cdca8c159201daa4711a4e,1200,800,RGB,287647,train
PHYTO_RAW_2141,Dataset of groundnut plant leaf images for classification and detection/Raw_Data/late leaf spot/IMG_6369.JPG,IMG_6369.JPG,late_leaf_spot,b655ce84380d15f120e1aa737243876920c5b610e00cd9a7db00c0c7a4b6db32,1200,800,RGB,321745,train
PHYTO_RAW_2142,Dataset of groundnut plant leaf images for classification and detection/Raw_Data/late leaf spot/IMG_6370.JPG,IMG_6370.JPG,late_leaf_spot,3f9b04ad439f74b9e25c814aec2424e4c5dcffc29ebd4d6c3d1fa7b0970d201d,1200,800,RGB,318213,train
PHYTO_RAW_2143,Dataset of groundnut plant leaf images for classification and detection/Raw_Data/late leaf spot/IMG_6371.JPG,IMG_6371.JPG,late_leaf_spot,32c2b5873c4089701ac5f20c7497906ce421e57119f0ae58ff15603376a344ec,1200,800,RGB,310379,train
PHYTO_RAW_2144,Dataset of groundnut plant leaf images for classification and detection/Raw_Data/late leaf spot/IMG_6372.JPG,IMG_6372.JPG,late_leaf_spot,e28d2f8fe9198f568a2f8ec54bdaef564e1d1b13c5aca6c1a2d6d9c1ca44fc42,1200,800,RGB,257497,train
PHYTO_RAW_2145,Dataset of groundnut plant leaf images for classification and detection/Raw_Data/late leaf spot/IMG_6373.JPG,IMG_6373.JPG,late_leaf_spot,e143783a6afa112c67b29646abaf29f78bed16582a653ad7ae4962f4f5c9a675,1200,800,RGB,292279,train
PHYTO_RAW_2146,Dataset of groundnut plant leaf images for classification and detection/Raw_Data/late leaf spot/IMG_6374.JPG,IMG_6374.JPG,late_leaf_spot,5c7060edabc7105cb81d5051b2b71e75598baff92132be15261f22d58bb8df7d,1200,800,RGB,248219,test
PHYTO_RAW_2147,Dataset of groundnut plant leaf images for classification and detection/Raw_Data/late leaf spot/IMG_6375.JPG,IMG_6375.JPG,late_leaf_spot,5a20bac0364fe566a70fa7c0aa0ebbd4c409d60310ad1460e3058fd95a271124,1200,800,RGB,263658,train
PHYTO_RAW_2148,Dataset of groundnut plant leaf images for classification and detection/Raw_Data/late leaf spot/IMG_6376.JPG,IMG_6376.JPG,late_leaf_spot,108d04abc8bc826da169797ea03ea43d50e5dc66e814ed392251c6ac2841c8c5,1200,800,RGB,279582,test
PHYTO_RAW_2149,Dataset of groundnut plant leaf images for classification and detection/Raw_Data/late leaf spot/IMG_6377.JPG,IMG_6377.JPG,late_leaf_spot,a186e78a0d80b8f80195b8c10accb1958970ce9d725f52d9049321a80f8c8a50,1200,800,RGB,264313,test
PHYTO_RAW_2150,Dataset of groundnut plant leaf images for classification and detection/Raw_Data/late leaf spot/IMG_6378.JPG,IMG_6378.JPG,late_leaf_spot,1d985d661919a47fc46f23491b85d071ff6d4ce15f4aa99521fd6a825b8f63f7,1200,800,RGB,264487,validation
PHYTO_RAW_2151,Dataset of groundnut plant leaf images for classification and detection/Raw_Data/late leaf spot/IMG_6379.JPG,IMG_6379.JPG,late_leaf_spot,5eeac3151fd067a1ea9fe3a1f0b7e0661873ce02363f6c42a3b03620cf08f83f,1200,800,RGB,284501,train
PHYTO_RAW_2152,Dataset of groundnut plant leaf images for classification and detection/Raw_Data/late leaf spot/IMG_6380.JPG,IMG_6380.JPG,late_leaf_spot,37767da9ec8ab23f9a40499fdf63dc2d37ab0d31dd552cd7c98c28cf2fd55eb7,1200,800,RGB,231068,train
PHYTO_RAW_2153,Dataset of groundnut plant leaf images for classification and detection/Raw_Data/late leaf spot/IMG_6381.JPG,IMG_6381.JPG,late_leaf_spot,93c9a1d577fb5c398a820fbb3d9bbb2b69267b8eefc247c42b1bddda4c38c03b,1200,800,RGB,271471,train
PHYTO_RAW_2154,Dataset of groundnut plant leaf images for classification and detection/Raw_Data/late leaf spot/IMG_6382.JPG,IMG_6382.JPG,late_leaf_spot,95d8efefa6de131ef5365dab95b299775a9194cc506762657e836dd3da2dc451,1200,800,RGB,247575,train
PHYTO_RAW_2155,Dataset of groundnut plant leaf images for classification and detection/Raw_Data/late leaf spot/IMG_6383.JPG,IMG_6383.JPG,late_leaf_spot,cddc20ff7379d1fc9aed06c26308c4a45b90b4c0521ce3bb5c969b7533ff065e,1200,800,RGB,254221,validation
PHYTO_RAW_2156,Dataset of groundnut plant leaf images for classification and detection/Raw_Data/late leaf spot/IMG_6384.JPG,IMG_6384.JPG,late_leaf_spot,34535203f18b6d0142084f37293b20fac1e8880b63c0b3e9c8df790a1f769fd3,1200,800,RGB,261599,train
PHYTO_RAW_2157,Dataset of groundnut plant leaf images for classification and detection/Raw_Data/late leaf spot/IMG_6385.JPG,IMG_6385.JPG,late_leaf_spot,d2cd7f9aa7e890d557d755b06f2dd90a6a70764bb6d7729257939f8bfa2a5f87,1200,800,RGB,322697,train
PHYTO_RAW_2158,Dataset of groundnut plant leaf images for classification and detection/Raw_Data/late leaf spot/IMG_6386.JPG,IMG_6386.JPG,late_leaf_spot,3b80af0b6b65dda62e4c4c0db1496cd5b6399e774e37a257c502f27d603ea591,1200,800,RGB,281718,train
PHYTO_RAW_2159,Dataset of groundnut plant leaf images for classification and detection/Raw_Data/late leaf spot/IMG_6387.JPG,IMG_6387.JPG,late_leaf_spot,ee1496fbb9c62be1f2103a10ab71f34590312599efcdcad9c5d16368a5e29c91,1200,800,RGB,288187,validation
PHYTO_RAW_2160,Dataset of groundnut plant leaf images for classification and detection/Raw_Data/late leaf spot/IMG_6388.JPG,IMG_6388.JPG,late_leaf_spot,c7d8845378030b59983626309d4debf93e031e136aa2eb9c930a03accde2e8d3,1200,800,RGB,342696,train
PHYTO_RAW_2161,Dataset of groundnut plant leaf images for classification and detection/Raw_Data/late leaf spot/IMG_6389.JPG,IMG_6389.JPG,late_leaf_spot,c40841831cbaa73312cdf707eeb2549d0bb10ef845738215fe1e1feb02849f99,1200,800,RGB,351273,train
PHYTO_RAW_2162,Dataset of groundnut plant leaf images for classification and detection/Raw_Data/late leaf spot/IMG_6390.JPG,IMG_6390.JPG,late_leaf_spot,47a8f4d0d95912b5b2b673e53ecaaa883aa79bfc1f394c59b3b97dfe89be3b51,1200,800,RGB,366793,train
PHYTO_RAW_2163,Dataset of groundnut plant leaf images for classification and detection/Raw_Data/late leaf spot/IMG_6391.JPG,IMG_6391.JPG,late_leaf_spot,d60e8002a43371dbf39011754cf5f6d91ce8f856c01ad2d75d318c0e7410fcce,1200,800,RGB,312326,train
PHYTO_RAW_2164,Dataset of groundnut plant leaf images for classification and detection/Raw_Data/late leaf spot/IMG_6392.JPG,IMG_6392.JPG,late_leaf_spot,06a279d2fc14e0ca1d7136b41ab18ac0f0102940f1f41769e6e35ed38c8503fc,1200,800,RGB,295046,train
PHYTO_RAW_2165,Dataset of groundnut plant leaf images for classification and detection/Raw_Data/late leaf spot/IMG_6393.JPG,IMG_6393.JPG,late_leaf_spot,2c8cba4d3ee130d6d10d1983b7cfdf429db832b0eb01b4a6fa0fe769269202db,1200,800,RGB,266215,train
PHYTO_RAW_2166,Dataset of groundnut plant leaf images for classification and detection/Raw_Data/late leaf spot/IMG_6395.JPG,IMG_6395.JPG,late_leaf_spot,dcd7c67a0a92fb4ec4a438da0e7eceacc64405cb4248975cb1a5afdf3dd22f6c,1200,800,RGB,321943,test
PHYTO_RAW_2167,Dataset of groundnut plant leaf images for classification and detection/Raw_Data/late leaf spot/IMG_6396.JPG,IMG_6396.JPG,late_leaf_spot,3dbbfc7f14d0b8f8569df2dec0e473584f03003239223ac1b16cb25107ed899d,1200,800,RGB,367200,test
PHYTO_RAW_2168,Dataset of groundnut plant leaf images for classification and detection/Raw_Data/late leaf spot/IMG_6397.JPG,IMG_6397.JPG,late_leaf_spot,e05d62aaf2efbf66970f17c40bffe962deb13e8a51b66661b193412b9db3c2fa,1200,800,RGB,324325,train
PHYTO_RAW_2169,Dataset of groundnut plant leaf images for classification and detection/Raw_Data/late leaf spot/IMG_6398.JPG,IMG_6398.JPG,late_leaf_spot,3dde2c61459d352b84524427ccd8d6f18a7c57d085fbb74843474d6f0018ac04,1200,800,RGB,334249,train
PHYTO_RAW_2170,Dataset of groundnut plant leaf images for classification and detection/Raw_Data/late leaf spot/IMG_6399.JPG,IMG_6399.JPG,late_leaf_spot,fec6a767ab8b3127cfc8a84eb5520f23fb9a0f039355f60c1b8c7bfebf042cdc,1200,800,RGB,347645,test
PHYTO_RAW_2171,Dataset of groundnut plant leaf images for classification and detection/Raw_Data/late leaf spot/IMG_6400.JPG,IMG_6400.JPG,late_leaf_spot,57160ec2c4b09062128db1ccef8b22f851462257f25a3ddb1efc33a44d859682,1200,800,RGB,358568,train
PHYTO_RAW_2172,Dataset of groundnut plant leaf images for classification and detection/Raw_Data/late leaf spot/IMG_6401.JPG,IMG_6401.JPG,late_leaf_spot,bd0cc091942ed3c5a65a802f6ddea2ed91e89b8a10bc07ff250f9d819eaa8106,1200,800,RGB,331724,validation
PHYTO_RAW_2173,Dataset of groundnut plant leaf images for classification and detection/Raw_Data/late leaf spot/IMG_6402.JPG,IMG_6402.JPG,late_leaf_spot,0813d2b501ede6c315e9c0267912d18967b3aa17d341d5bc7278df71fd22eace,1200,800,RGB,361178,train
PHYTO_RAW_2174,Dataset of groundnut plant leaf images for classification and detection/Raw_Data/late leaf spot/IMG_6403.JPG,IMG_6403.JPG,late_leaf_spot,40bbc2f408b8547b06687f3682d0281c0cf59730a83872535662f6237c5976e8,1200,800,RGB,359890,train
PHYTO_RAW_2175,Dataset of groundnut plant leaf images for classification and detection/Raw_Data/late leaf spot/IMG_6408.JPG,IMG_6408.JPG,late_leaf_spot,ee1b584028c0ae8341b14c9463485b5636063062fb47bf6ec751cb639a72223a,1200,800,RGB,214403,test
PHYTO_RAW_2176,Dataset of groundnut plant leaf images for classification and detection/Raw_Data/late leaf spot/IMG_6409.JPG,IMG_6409.JPG,late_leaf_spot,5ffe856d4b6f60c90a7a21475bf338f619ed59bfdd5afb8f68814663f9932398,1200,800,RGB,192575,train
PHYTO_RAW_2177,Dataset of groundnut plant leaf images for classification and detection/Raw_Data/late leaf spot/IMG_6410.JPG,IMG_6410.JPG,late_leaf_spot,0717f9cca0a0a412c3002ff0ba680b74ff235b238bc5451e4a2828ba64c91b76,1200,800,RGB,237397,train
PHYTO_RAW_2178,Dataset of groundnut plant leaf images for classification and detection/Raw_Data/late leaf spot/IMG_6411.JPG,IMG_6411.JPG,late_leaf_spot,07fd60d3eb89c0281dfcf9da7684ade94d3184408ab473f52cc7c46604adf50c,1200,800,RGB,224669,test
PHYTO_RAW_2179,Dataset of groundnut plant leaf images for classification and detection/Raw_Data/late leaf spot/IMG_6412.JPG,IMG_6412.JPG,late_leaf_spot,b9f865fd143fc8505c9a5d5d7f631dc087bb993032af2a76ce70c71c9f57e2ae,1200,800,RGB,204863,train
PHYTO_RAW_2180,Dataset of groundnut plant leaf images for classification and detection/Raw_Data/late leaf spot/IMG_6413.JPG,IMG_6413.JPG,late_leaf_spot,3dcbed0632bde601066b63fb1209ca5340692068f00459fede2b8f7f06486dd2,1200,800,RGB,184932,train
PHYTO_RAW_2181,Dataset of groundnut plant leaf images for classification and detection/Raw_Data/late leaf spot/IMG_6414.JPG,IMG_6414.JPG,late_leaf_spot,b70ce45ce6642fa687b07f8f050c395da5edfd36145b314c1c113eea55b8a085,1200,800,RGB,200916,validation
PHYTO_RAW_2182,Dataset of groundnut plant leaf images for classification and detection/Raw_Data/late leaf spot/IMG_6415.JPG,IMG_6415.JPG,late_leaf_spot,f235698c089a51820f017a9a8b961dff88a84e57d31f3f4f0e1be5838d9c4fca,1200,800,RGB,185357,train
PHYTO_RAW_2183,Dataset of groundnut plant leaf images for classification and detection/Raw_Data/late leaf spot/IMG_6416.JPG,IMG_6416.JPG,late_leaf_spot,34451a440611a1df40c8da786e0789e7e435192303ad2c32fc9661f5d678a50e,1200,800,RGB,211630,train
PHYTO_RAW_2184,Dataset of groundnut plant leaf images for classification and detection/Raw_Data/late leaf spot/IMG_6417.JPG,IMG_6417.JPG,late_leaf_spot,8c67a0a63c1f01b6d137fa7724ed24a1d595199fb5d4280c0dc5cbf064217b68,1200,800,RGB,198586,train
PHYTO_RAW_2185,Dataset of groundnut plant leaf images for classification and detection/Raw_Data/late leaf spot/IMG_6418.JPG,IMG_6418.JPG,late_leaf_spot,963c40f820c935bd1c7369c2558ed930d7a56c9ca5d805eb2cd9495075567eae,1200,800,RGB,188884,test
PHYTO_RAW_2186,Dataset of groundnut plant leaf images for classification and detection/Raw_Data/late leaf spot/IMG_6419.JPG,IMG_6419.JPG,late_leaf_spot,46d9a08ad1df7c525354e98cc9b2419bb92c3dc29c7102d3c79db27aa744325b,1200,800,RGB,268064,train
PHYTO_RAW_2187,Dataset of groundnut plant leaf images for classification and detection/Raw_Data/late leaf spot/IMG_6420.JPG,IMG_6420.JPG,late_leaf_spot,a896794fc01a8ec8dc808b537b5eda151b468d6d8f9c99197387bc92f99538a1,1200,800,RGB,291568,train
PHYTO_RAW_2188,Dataset of groundnut plant leaf images for classification and detection/Raw_Data/late leaf spot/IMG_6421.JPG,IMG_6421.JPG,late_leaf_spot,dac83efce6ac1f9402f21a4046994c1d658b6217451f31a972052e0d72961d54,1200,800,RGB,272857,train
PHYTO_RAW_2189,Dataset of groundnut plant leaf images for classification and detection/Raw_Data/late leaf spot/IMG_6422.JPG,IMG_6422.JPG,late_leaf_spot,e27a554861f9a33f31f804069effef925e842b643c8e6038a7353d9a9c9fe626,1200,800,RGB,224434,test
PHYTO_RAW_2190,Dataset of groundnut plant leaf images for classification and detection/Raw_Data/late leaf spot/IMG_6423.JPG,IMG_6423.JPG,late_leaf_spot,a38a61a4e5d11b7c6afdc318f052e596b475541b2a675e62b5b2861d094f905b,1200,800,RGB,209133,train
PHYTO_RAW_2191,Dataset of groundnut plant leaf images for classification and detection/Raw_Data/late leaf spot/IMG_6424.JPG,IMG_6424.JPG,late_leaf_spot,e52ab24b832f46bb1ee93f28df6509f10048ddacc63acaf1d38516c889e1c154,1200,800,RGB,194233,train
PHYTO_RAW_2192,Dataset of groundnut plant leaf images for classification and detection/Raw_Data/late leaf spot/IMG_6425.JPG,IMG_6425.JPG,late_leaf_spot,0057b30a5fc4d0523b654c5b2d7523aa09b601c1f29a3bfc2e9d6e17183468e4,1200,800,RGB,230158,train
PHYTO_RAW_2193,Dataset of groundnut plant leaf images for classification and detection/Raw_Data/late leaf spot/IMG_6426.JPG,IMG_6426.JPG,late_leaf_spot,ee05aec9184fb48b70d39f55cfa18571a5c9f9907acc3baf449e2ccd68059c12,1200,800,RGB,235713,train
PHYTO_RAW_2194,Dataset of groundnut plant leaf images for classification and detection/Raw_Data/late leaf spot/IMG_6427.JPG,IMG_6427.JPG,late_leaf_spot,844b1531574eeb4d870d28383eb5e4525d639442209d8e19e61b24910eb43165,1200,800,RGB,259008,train
PHYTO_RAW_2195,Dataset of groundnut plant leaf images for classification and detection/Raw_Data/late leaf spot/IMG_6428.JPG,IMG_6428.JPG,late_leaf_spot,8933ba04c96d982c378863544c8b0fe421a2f2325dfd77d677c9b5172cb79f9a,1200,800,RGB,206967,test
PHYTO_RAW_2196,Dataset of groundnut plant leaf images for classification and detection/Raw_Data/late leaf spot/IMG_6429.JPG,IMG_6429.JPG,late_leaf_spot,fde65fbb9e9aa68a1157c9c6f1ee6aa9fe1712112cde09273877c8b11285a364,1200,800,RGB,195990,test
PHYTO_RAW_2197,Dataset of groundnut plant leaf images for classification and detection/Raw_Data/late leaf spot/IMG_6430.JPG,IMG_6430.JPG,late_leaf_spot,0d56ee3902705a19c2f10f2439de522767b8e339bc71676dfc1e59b227092f12,1200,800,RGB,232756,train
PHYTO_RAW_2198,Dataset of groundnut plant leaf images for classification and detection/Raw_Data/late leaf spot/IMG_6431.JPG,IMG_6431.JPG,late_leaf_spot,0b75d4296c46590cb2843887288efcd6190212c78c2175ad143a4a6c304f0001,1200,800,RGB,220829,validation
PHYTO_RAW_2199,Dataset of groundnut plant leaf images for classification and detection/Raw_Data/late leaf spot/IMG_6432.JPG,IMG_6432.JPG,late_leaf_spot,c67f5cdb9cbc57ec32d8219187901adc8f2f445d952923141b9292d5c0379e34,1200,800,RGB,223977,train
PHYTO_RAW_2200,Dataset of groundnut plant leaf images for classification and detection/Raw_Data/late leaf spot/IMG_6433.JPG,IMG_6433.JPG,late_leaf_spot,def2d7fa631a078090043d32b3f96f7bec60c865e86c8419f8ce302b20293b0d,1200,800,RGB,229036,train
PHYTO_RAW_2201,Dataset of groundnut plant leaf images for classification and detection/Raw_Data/late leaf spot/IMG_6434.JPG,IMG_6434.JPG,late_leaf_spot,2d381b851e0c3966996bf60f74bdc70288b32e15039ce21af20acc95b50b6a99,1200,800,RGB,255787,train
PHYTO_RAW_2202,Dataset of groundnut plant leaf images for classification and detection/Raw_Data/late leaf spot/IMG_6435.JPG,IMG_6435.JPG,late_leaf_spot,4138247a5ce9d36ac038d6cf3395aeb9944b5da0e8fa8c426880f1b6c9bf84e7,1200,800,RGB,284819,train
PHYTO_RAW_2203,Dataset of groundnut plant leaf images for classification and detection/Raw_Data/late leaf spot/IMG_6436.JPG,IMG_6436.JPG,late_leaf_spot,e02e6d56d9a506ccdae3e1d653aa72723bd8a976d37745c1feb62f1e2c49c2c6,1200,800,RGB,290974,train
PHYTO_RAW_2204,Dataset of groundnut plant leaf images for classification and detection/Raw_Data/late leaf spot/IMG_6437.JPG,IMG_6437.JPG,late_leaf_spot,8516c47eb14cebd005491052a08608b46d1412efa3d5532cbc6bf2a36cd31378,1200,800,RGB,266893,test
PHYTO_RAW_2205,Dataset of groundnut plant leaf images for classification and detection/Raw_Data/late leaf spot/IMG_6438.JPG,IMG_6438.JPG,late_leaf_spot,566187330cf9e2616542ff3fa9b1b8fd3d7cadc181cc67b3b947cba8a47501fe,1200,800,RGB,209312,train
PHYTO_RAW_2206,Dataset of groundnut plant leaf images for classification and detection/Raw_Data/late leaf spot/IMG_6439.JPG,IMG_6439.JPG,late_leaf_spot,6342f0f8241737d8cde0eb2453eb8be0eed650150063ef5c2e69c27fb3bedea0,1200,800,RGB,202612,train
PHYTO_RAW_2207,Dataset of groundnut plant leaf images for classification and detection/Raw_Data/late leaf spot/IMG_6440.JPG,IMG_6440.JPG,late_leaf_spot,2d4a94fb5da1fc03d22d1649dc4bc15ec8fe45be2c82f00a9eee91a658fc88a1,1200,800,RGB,216118,train
PHYTO_RAW_2208,Dataset of groundnut plant leaf images for classification and detection/Raw_Data/late leaf spot/IMG_6441.JPG,IMG_6441.JPG,late_leaf_spot,21bfc61a660cbe502c76eebbb348dea2812d8f7ea6808c153e341ba492db6efa,1200,800,RGB,227827,train
PHYTO_RAW_2209,Dataset of groundnut plant leaf images for classification and detection/Raw_Data/late leaf spot/IMG_6442.JPG,IMG_6442.JPG,late_leaf_spot,01bcc34858dc9864ec1d2d96004c647482149287636d6c9bcd8d7da129ca815b,1200,800,RGB,207699,test
PHYTO_RAW_2210,Dataset of groundnut plant leaf images for classification and detection/Raw_Data/late leaf spot/IMG_6443.JPG,IMG_6443.JPG,late_leaf_spot,651e95205e76d070fe4ccb32fdf7d6a0c0c51c56161c863c17e71838f4317807,1200,800,RGB,243926,train
PHYTO_RAW_2211,Dataset of groundnut plant leaf images for classification and detection/Raw_Data/late leaf spot/IMG_6444.JPG,IMG_6444.JPG,late_leaf_spot,042476b6e0cbbff7d4df69801d114f955f1fbcb748a5bf62f1c04c13c8ae92f9,1200,800,RGB,240696,train
PHYTO_RAW_2212,Dataset of groundnut plant leaf images for classification and detection/Raw_Data/late leaf spot/IMG_6445.JPG,IMG_6445.JPG,late_leaf_spot,43a6645973745552f5b446af2abdddb727f7ab725c88f3348d457e44fbc3b199,1200,800,RGB,278442,train
PHYTO_RAW_2213,Dataset of groundnut plant leaf images for classification and detection/Raw_Data/late leaf spot/IMG_6446.JPG,IMG_6446.JPG,late_leaf_spot,3ea45d5402315f3f9a0b2a44a3f1495246eb84867b6f693dd86064613800a48f,1200,800,RGB,267922,train
PHYTO_RAW_2214,Dataset of groundnut plant leaf images for classification and detection/Raw_Data/late leaf spot/IMG_6447.JPG,IMG_6447.JPG,late_leaf_spot,9c20ead519f82febf99c2f25c0837b060600e964740208be8df1cc81ab478038,1200,800,RGB,235102,train
PHYTO_RAW_2215,Dataset of groundnut plant leaf images for classification and detection/Raw_Data/late leaf spot/IMG_6448.JPG,IMG_6448.JPG,late_leaf_spot,2c54681afb04acae166aa1141b47f01bc39f137137e5d93f089f0c90e76ba71e,1200,800,RGB,222198,train
PHYTO_RAW_2216,Dataset of groundnut plant leaf images for classification and detection/Raw_Data/late leaf spot/IMG_6449.JPG,IMG_6449.JPG,late_leaf_spot,f4f36dcb72663e46070bb97aac0b3f867b5a876711556afeccb4ae47c3c756df,1200,800,RGB,170960,train
PHYTO_RAW_2217,Dataset of groundnut plant leaf images for classification and detection/Raw_Data/late leaf spot/IMG_6450.JPG,IMG_6450.JPG,late_leaf_spot,4423d0831969647a2bf715d2050a8879b9bec9551330772592746be3aabe4c9b,1200,800,RGB,179610,train
PHYTO_RAW_2218,Dataset of groundnut plant leaf images for classification and detection/Raw_Data/late leaf spot/IMG_6451.JPG,IMG_6451.JPG,late_leaf_spot,0195773e0c66ee775c8532f7594377a6e6cbf844266953e69923b9d6f6a5501b,1200,800,RGB,197606,test
PHYTO_RAW_2219,Dataset of groundnut plant leaf images for classification and detection/Raw_Data/late leaf spot/IMG_6452.JPG,IMG_6452.JPG,late_leaf_spot,1ef0f19e61c51dd027dd88cbb1fccdb2957cadbc6e9c0ca8612d7ceb75c455bd,1200,800,RGB,179967,train
PHYTO_RAW_2220,Dataset of groundnut plant leaf images for classification and detection/Raw_Data/late leaf spot/IMG_6453.JPG,IMG_6453.JPG,late_leaf_spot,288ae34ebd12c4af164d999a9f9118b897ea30fcc74445bd7e481c05b132abac,1200,800,RGB,301700,train
PHYTO_RAW_2221,Dataset of groundnut plant leaf images for classification and detection/Raw_Data/late leaf spot/IMG_6456.JPG,IMG_6456.JPG,late_leaf_spot,90e7aeee8eb0bcdafb8ce7480a09d8d43785e9465cf3cb38785b0bbc5f6ca6ed,1200,800,RGB,490223,train
PHYTO_RAW_2222,Dataset of groundnut plant leaf images for classification and detection/Raw_Data/late leaf spot/IMG_6457.JPG,IMG_6457.JPG,late_leaf_spot,2261d24554705f0aacf63adfc6119334e83d89519afc510a2fdf5eca000d6066,1200,800,RGB,505477,train
PHYTO_RAW_2223,Dataset of groundnut plant leaf images for classification and detection/Raw_Data/late leaf spot/IMG_6459.JPG,IMG_6459.JPG,late_leaf_spot,305d4487b7dfe843f4c1421dbb064219fb1bb730a67bbceb5a0d488457b8b8b4,1200,800,RGB,269171,train
PHYTO_RAW_2224,Dataset of groundnut plant leaf images for classification and detection/Raw_Data/late leaf spot/IMG_6460.JPG,IMG_6460.JPG,late_leaf_spot,f3e6435a338cd0e7f0e32a74bb6379620eb4fb9d94cdf5609abf0a5cebd3b7eb,1200,800,RGB,265145,test
PHYTO_RAW_2225,Dataset of groundnut plant leaf images for classification and detection/Raw_Data/late leaf spot/IMG_6461.JPG,IMG_6461.JPG,late_leaf_spot,a986f6c100e92b707619ed2c152c9ba2c865bde3b5627c6da7ee8eef9a98eb0e,1200,800,RGB,248159,train
PHYTO_RAW_2226,Dataset of groundnut plant leaf images for classification and detection/Raw_Data/late leaf spot/IMG_6462.JPG,IMG_6462.JPG,late_leaf_spot,a16fbfa4d8880a624db947b07d3d9d823175866fbbc5c02874bfdd6fffd9a184,1200,800,RGB,245530,train
PHYTO_RAW_2227,Dataset of groundnut plant leaf images for classification and detection/Raw_Data/late leaf spot/IMG_6463.JPG,IMG_6463.JPG,late_leaf_spot,e3dde172889d2e787eb40364f205b4cedee8fce611a098498fd8fc7ebdd6fefc,1200,800,RGB,231753,train
PHYTO_RAW_2228,Dataset of groundnut plant leaf images for classification and detection/Raw_Data/late leaf spot/IMG_6464.JPG,IMG_6464.JPG,late_leaf_spot,9cada64fd8873936e572ec5e35994cf9a17f8c1daa870f979c962251cb7b38fe,1200,800,RGB,244375,validation
PHYTO_RAW_2229,Dataset of groundnut plant leaf images for classification and detection/Raw_Data/late leaf spot/IMG_6465.JPG,IMG_6465.JPG,late_leaf_spot,357882c063241202d00f4fd658c5a46a02b6a3d8213929ddcb6cd7c9c7eb38b6,1200,800,RGB,246956,train
PHYTO_RAW_2230,Dataset of groundnut plant leaf images for classification and detection/Raw_Data/late leaf spot/IMG_6466.JPG,IMG_6466.JPG,late_leaf_spot,7d3d30414a6912a9742fa4947f76923cba526ab0f0b5473744e8bc37dd865e02,1200,800,RGB,231921,train
PHYTO_RAW_2231,Dataset of groundnut plant leaf images for classification and detection/Raw_Data/late leaf spot/IMG_6467.JPG,IMG_6467.JPG,late_leaf_spot,de811498f6cbcdde0bc4d80bf59cd4198968d068744fccf35ef9301019341004,1200,800,RGB,234701,train
PHYTO_RAW_2232,Dataset of groundnut plant leaf images for classification and detection/Raw_Data/late leaf spot/IMG_6468.JPG,IMG_6468.JPG,late_leaf_spot,8a3995300f77c6b257a23013ef3e1bb415d0df83ff1129a58eb04719513e9f14,1200,800,RGB,202638,test
PHYTO_RAW_2233,Dataset of groundnut plant leaf images for classification and detection/Raw_Data/late leaf spot/IMG_6469.JPG,IMG_6469.JPG,late_leaf_spot,4ffd2f658f6d38f3a306dd247dcc7bec215086007bdc5621287b5b75485b79b5,1200,800,RGB,259082,train
PHYTO_RAW_2234,Dataset of groundnut plant leaf images for classification and detection/Raw_Data/late leaf spot/IMG_6470.JPG,IMG_6470.JPG,late_leaf_spot,3b694e2ce54cff43286aa925166c88fd7aae91b88f8eca4aa7d7f1b637b79d1f,1200,800,RGB,265301,test
PHYTO_RAW_2235,Dataset of groundnut plant leaf images for classification and detection/Raw_Data/late leaf spot/IMG_6471.JPG,IMG_6471.JPG,late_leaf_spot,a4400479337e17d204227f93ea9ca186d29c4288a42b0d0fbd8a91f738ae3d91,1200,800,RGB,276145,train
PHYTO_RAW_2236,Dataset of groundnut plant leaf images for classification and detection/Raw_Data/late leaf spot/IMG_6472.JPG,IMG_6472.JPG,late_leaf_spot,e05f7663a1b7a8896525d3c53b0be340995e7609a693209b853ea62903b2d7e3,1200,800,RGB,273476,train
PHYTO_RAW_2237,Dataset of groundnut plant leaf images for classification and detection/Raw_Data/late leaf spot/IMG_6473.JPG,IMG_6473.JPG,late_leaf_spot,8667b490f522c195224ad76385be8c9f7bfb5a0881b41d7abafa2cfef3468917,1200,800,RGB,261143,train
PHYTO_RAW_2238,Dataset of groundnut plant leaf images for classification and detection/Raw_Data/late leaf spot/IMG_6474.JPG,IMG_6474.JPG,late_leaf_spot,301b04984fdc2af235899bc04755bb0a7bfdc8dec6ed20575bfb439d5566484e,1200,800,RGB,273156,test
PHYTO_RAW_2239,Dataset of groundnut plant leaf images for classification and detection/Raw_Data/late leaf spot/IMG_6475.JPG,IMG_6475.JPG,late_leaf_spot,593ef0e067b99affc5a963744414e55063b7c14f4ffd2157e76ad2a239ed674e,1200,800,RGB,230865,train
PHYTO_RAW_2240,Dataset of groundnut plant leaf images for classification and detection/Raw_Data/late leaf spot/IMG_6476.JPG,IMG_6476.JPG,late_leaf_spot,91129009e4ce7a343f0940443964f0d3efd7e613b5ccb3174728d972b6190ae9,1200,800,RGB,230953,train
PHYTO_RAW_2241,Dataset of groundnut plant leaf images for classification and detection/Raw_Data/late leaf spot/IMG_6477.JPG,IMG_6477.JPG,late_leaf_spot,e9dfcded58b067c6cfa7860d9ea96f0c4187581615c18255dfedc5bb82fe23f3,1200,800,RGB,286617,validation
PHYTO_RAW_2242,Dataset of groundnut plant leaf images for classification and detection/Raw_Data/late leaf spot/IMG_6478.JPG,IMG_6478.JPG,late_leaf_spot,dae68c520e11087a99e7f268b1d0891e7b5bbf96b29663b579a1c29f71032edd,1200,800,RGB,267728,validation
PHYTO_RAW_2243,Dataset of groundnut plant leaf images for classification and detection/Raw_Data/late leaf spot/IMG_6479.JPG,IMG_6479.JPG,late_leaf_spot,c1128bb6ee3834eeef2a7ad9550f8d06fb3ee5b3784b8d75c6c4091874017632,1200,800,RGB,271444,train
PHYTO_RAW_2244,Dataset of groundnut plant leaf images for classification and detection/Raw_Data/late leaf spot/IMG_6480.JPG,IMG_6480.JPG,late_leaf_spot,9c3c670399a2d50505868ffdf4f58fe9a50854827e98e59d05e3cac4ba342ebe,1200,800,RGB,302852,train
PHYTO_RAW_2245,Dataset of groundnut plant leaf images for classification and detection/Raw_Data/late leaf spot/IMG_6481.JPG,IMG_6481.JPG,late_leaf_spot,ad6c3c7b5abde09593e6f84ee7913db8f1d0adae521eb4f7f8924dfc2bd00cc9,1200,800,RGB,235473,train
PHYTO_RAW_2246,Dataset of groundnut plant leaf images for classification and detection/Raw_Data/late leaf spot/IMG_6482.JPG,IMG_6482.JPG,late_leaf_spot,2216f7b676f67bed3b708e3b39350788637f99e9723d5c030afc13af69fc1252,1200,800,RGB,266148,train
PHYTO_RAW_2247,Dataset of groundnut plant leaf images for classification and detection/Raw_Data/late leaf spot/IMG_6483.JPG,IMG_6483.JPG,late_leaf_spot,b592d0e07cf6abeebba744b23c4664feb0ca99132d8c66083e7b0f8d12bbcb64,1200,800,RGB,215755,train
PHYTO_RAW_2248,Dataset of groundnut plant leaf images for classification and detection/Raw_Data/late leaf spot/IMG_6484.JPG,IMG_6484.JPG,late_leaf_spot,f150e332e3539bdf562bc57f9443910ada2b56a88f790667c6f8c42a661c76fa,1200,800,RGB,223029,train
PHYTO_RAW_2249,Dataset of groundnut plant leaf images for classification and detection/Raw_Data/late leaf spot/IMG_6485.JPG,IMG_6485.JPG,late_leaf_spot,3503c735e2a76d9089c3fee0446d97c158cce18a9c30c87afdb3a732305fb00e,1200,800,RGB,235883,train
PHYTO_RAW_2250,Dataset of groundnut plant leaf images for classification and detection/Raw_Data/late leaf spot/IMG_6486.JPG,IMG_6486.JPG,late_leaf_spot,7b443f9af261b0e8b0fea76add7395308767127a5817fec1bb9419dc76f2d435,1200,800,RGB,248926,train
PHYTO_RAW_2251,Dataset of groundnut plant leaf images for classification and detection/Raw_Data/late leaf spot/IMG_6487.JPG,IMG_6487.JPG,late_leaf_spot,8cde29d307eac9031e709c26bdea28edbed48005f6527d29a9f3a543ec7426de,1200,800,RGB,249917,train
PHYTO_RAW_2252,Dataset of groundnut plant leaf images for classification and detection/Raw_Data/late leaf spot/IMG_6488.JPG,IMG_6488.JPG,late_leaf_spot,1d6b8c5de84431fc12ff512c442ef4cdf09f98d64dcbeef1f859e2abe799fa62,1200,800,RGB,266905,train
PHYTO_RAW_2253,Dataset of groundnut plant leaf images for classification and detection/Raw_Data/late leaf spot/IMG_6489.JPG,IMG_6489.JPG,late_leaf_spot,38c370ff881e176ee55d7e0f6fa05be6a7736666f5912a6c297f33b82289ca4a,1200,800,RGB,232731,train
PHYTO_RAW_2254,Dataset of groundnut plant leaf images for classification and detection/Raw_Data/late leaf spot/IMG_6490.JPG,IMG_6490.JPG,late_leaf_spot,e26192ea1b85c97f03fd2ffa10ee3e3de696ac3063a613aa4c0edab927e564f9,1200,800,RGB,197786,train
PHYTO_RAW_2255,Dataset of groundnut plant leaf images for classification and detection/Raw_Data/late leaf spot/IMG_6491.JPG,IMG_6491.JPG,late_leaf_spot,44d71d57fb23daa943587d34cb4f2366058efedcc4f49e85fd8431679984a429,1200,800,RGB,260467,train
PHYTO_RAW_2256,Dataset of groundnut plant leaf images for classification and detection/Raw_Data/late leaf spot/IMG_6492.JPG,IMG_6492.JPG,late_leaf_spot,ed5eb058694e772e8aea2e874230747478c344f1f134fcaccc868d3c5f5bdcd0,1200,800,RGB,296588,train
PHYTO_RAW_2257,Dataset of groundnut plant leaf images for classification and detection/Raw_Data/late leaf spot/IMG_6493.JPG,IMG_6493.JPG,late_leaf_spot,d25ac581a3a50ef98de6760f686484a690ab0e409030bb557d99d0cb85fe0b61,1200,800,RGB,208742,train
PHYTO_RAW_2258,Dataset of groundnut plant leaf images for classification and detection/Raw_Data/late leaf spot/IMG_6494.JPG,IMG_6494.JPG,late_leaf_spot,f0c5c9019f1842a3a59c0545743764c7c844f059b24ed7734d9cf775856bc327,1200,800,RGB,266275,train
PHYTO_RAW_2259,Dataset of groundnut plant leaf images for classification and detection/Raw_Data/late leaf spot/IMG_6495.JPG,IMG_6495.JPG,late_leaf_spot,731b7e1e943c62bf1edc4fb0723c2387c26d6c93df4e3eb28faa63f0420346f5,1200,800,RGB,288790,test
PHYTO_RAW_2260,Dataset of groundnut plant leaf images for classification and detection/Raw_Data/late leaf spot/IMG_6496.JPG,IMG_6496.JPG,late_leaf_spot,0f3ee262de651fab6c72c5d0d2c5e29362d4179aaecbda43d824bc89a79b8ca6,1200,800,RGB,229101,validation
PHYTO_RAW_2261,Dataset of groundnut plant leaf images for classification and detection/Raw_Data/late leaf spot/IMG_6497.JPG,IMG_6497.JPG,late_leaf_spot,18ae9f8c947e24bd3d879e2fd72ca4d1c482b8e268f09c46c499226ed6b03ceb,1200,800,RGB,246459,train
PHYTO_RAW_2262,Dataset of groundnut plant leaf images for classification and detection/Raw_Data/late leaf spot/IMG_6498.JPG,IMG_6498.JPG,late_leaf_spot,4c51b9386cf0e82bf8b08fefc95db0d2e874a6d9433790f9e80af56b0613ab48,1200,800,RGB,252228,train
PHYTO_RAW_2263,Dataset of groundnut plant leaf images for classification and detection/Raw_Data/late leaf spot/IMG_6499.JPG,IMG_6499.JPG,late_leaf_spot,b659662e903ad3a6174c4f0aceb351d1c4871a088f7cb9fbbc796586677d0187,1200,800,RGB,253539,test
PHYTO_RAW_2264,Dataset of groundnut plant leaf images for classification and detection/Raw_Data/late leaf spot/IMG_6500.JPG,IMG_6500.JPG,late_leaf_spot,86e3294dd55c8fd98e087b093e99f146e92d9ba6ad94cbaaa2ca292fd24640d9,1200,800,RGB,255460,validation
PHYTO_RAW_2265,Dataset of groundnut plant leaf images for classification and detection/Raw_Data/late leaf spot/IMG_6501.JPG,IMG_6501.JPG,late_leaf_spot,ca2b042a6418a26b4fcea7bba770b984223548a52abb1ad66008ffc3ead8f92c,1200,800,RGB,194534,train
PHYTO_RAW_2266,Dataset of groundnut plant leaf images for classification and detection/Raw_Data/late leaf spot/IMG_6502.JPG,IMG_6502.JPG,late_leaf_spot,cbbab6d4c1b02833ae6d341985178aae097feea4888378b96b220030c6199295,1200,800,RGB,207670,train
PHYTO_RAW_2267,Dataset of groundnut plant leaf images for classification and detection/Raw_Data/late leaf spot/IMG_6503.JPG,IMG_6503.JPG,late_leaf_spot,fe0382889f853ce2770f7b57128bd8e551ba53fc97576dd825a3fbf5e8addf7a,1200,800,RGB,235679,train
PHYTO_RAW_2268,Dataset of groundnut plant leaf images for classification and detection/Raw_Data/late leaf spot/IMG_6504.JPG,IMG_6504.JPG,late_leaf_spot,6bd191b32bf588b35d84d864df447a97297f00ab52dce9022d418df763fcfc95,1200,800,RGB,249096,validation
PHYTO_RAW_2269,Dataset of groundnut plant leaf images for classification and detection/Raw_Data/late leaf spot/IMG_6505.JPG,IMG_6505.JPG,late_leaf_spot,494a3a40d9c841a4f55852e6332cfcae46eae2d0b86f616b9304ad23617139b1,1200,800,RGB,249622,train
PHYTO_RAW_2270,Dataset of groundnut plant leaf images for classification and detection/Raw_Data/late leaf spot/IMG_6506.JPG,IMG_6506.JPG,late_leaf_spot,cbc574d38ce54a57ee0ad98f4eb6b56532a2c30544f1a3c627553d481c6a13ca,1200,800,RGB,221990,train
PHYTO_RAW_2271,Dataset of groundnut plant leaf images for classification and detection/Raw_Data/late leaf spot/IMG_6507.JPG,IMG_6507.JPG,late_leaf_spot,6b571c7df0c4d6943fd06fc906dbd55e259abff6baad39885d44fa1f5914e4c7,1200,800,RGB,258429,train
PHYTO_RAW_2272,Dataset of groundnut plant leaf images for classification and detection/Raw_Data/late leaf spot/IMG_6508.JPG,IMG_6508.JPG,late_leaf_spot,1651b1575c8bef904f11f5fd5d532e4971e816ba836e60e6ad2363e4ea3efbcb,1200,800,RGB,250686,train
PHYTO_RAW_2273,Dataset of groundnut plant leaf images for classification and detection/Raw_Data/late leaf spot/IMG_6509.JPG,IMG_6509.JPG,late_leaf_spot,ecc60449058329840e1c872c0f81695228c687ccc81419f35c60d9e290a878d4,1200,800,RGB,251865,validation
PHYTO_RAW_2274,Dataset of groundnut plant leaf images for classification and detection/Raw_Data/late leaf spot/IMG_6510.JPG,IMG_6510.JPG,late_leaf_spot,e1e31d27ba83430eee40c9998a52d5e427ad6c3a770b1b6a110f13e165b1ff78,1200,800,RGB,222950,test
PHYTO_RAW_2275,Dataset of groundnut plant leaf images for classification and detection/Raw_Data/late leaf spot/IMG_6511.JPG,IMG_6511.JPG,late_leaf_spot,c857856fe82925413b7128e7debc88601ce77ff89aea422aa334e498d56faaed,1200,800,RGB,271057,train
PHYTO_RAW_2276,Dataset of groundnut plant leaf images for classification and detection/Raw_Data/late leaf spot/IMG_6512.JPG,IMG_6512.JPG,late_leaf_spot,b31b3644c2c802900227d3553dbaaee0575a3d3ea3ccd738b170dcacf34eb808,1200,800,RGB,294049,train
PHYTO_RAW_2277,Dataset of groundnut plant leaf images for classification and detection/Raw_Data/late leaf spot/IMG_6513.JPG,IMG_6513.JPG,late_leaf_spot,5624801e77a0fc4f09406e0ac8509894560cbc0822609318dd57e4f140a20d79,1200,800,RGB,275009,train
PHYTO_RAW_2278,Dataset of groundnut plant leaf images for classification and detection/Raw_Data/late leaf spot/IMG_6514.JPG,IMG_6514.JPG,late_leaf_spot,28cbb54bd85011debddf20e907251785e829f1738cb668bfd7541b4fd8d9c069,1200,800,RGB,192779,train
PHYTO_RAW_2279,Dataset of groundnut plant leaf images for classification and detection/Raw_Data/late leaf spot/IMG_6515.JPG,IMG_6515.JPG,late_leaf_spot,3fba4b1152e09eec97879a1869a2e13f20cdedd8292033d55c527801f72b62bf,1200,800,RGB,186672,train
PHYTO_RAW_2280,Dataset of groundnut plant leaf images for classification and detection/Raw_Data/late leaf spot/IMG_6516.JPG,IMG_6516.JPG,late_leaf_spot,c3a3ca77002202d1e947189d0faab885c62e9778d46fbd2971dafb1fa7dd73b8,1200,800,RGB,211603,train
PHYTO_RAW_2281,Dataset of groundnut plant leaf images for classification and detection/Raw_Data/late leaf spot/IMG_6517.JPG,IMG_6517.JPG,late_leaf_spot,4149f1866a5a8bc1af612f8fef62c5aae41ce3428a1b779284f66a8aa0f26b08,1200,800,RGB,204328,train
PHYTO_RAW_2282,Dataset of groundnut plant leaf images for classification and detection/Raw_Data/late leaf spot/IMG_6518.JPG,IMG_6518.JPG,late_leaf_spot,3b5d19f619bb379153bf7b1a139f06d43fde3c0ef9f66515ea0eaaafff5539e7,1200,800,RGB,257945,train
PHYTO_RAW_2283,Dataset of groundnut plant leaf images for classification and detection/Raw_Data/late leaf spot/IMG_6519.JPG,IMG_6519.JPG,late_leaf_spot,9cea2d457f16359b184d00b0df01afacabed403ad51f3fcb658c0345e489b6a1,1200,800,RGB,243873,train
PHYTO_RAW_2284,Dataset of groundnut plant leaf images for classification and detection/Raw_Data/late leaf spot/IMG_6520.JPG,IMG_6520.JPG,late_leaf_spot,e0791f19d140bb69d136598988aa4ad2ae875c73f8cbf224fdb9149ae517b015,1200,800,RGB,234414,train
PHYTO_RAW_2285,Dataset of groundnut plant leaf images for classification and detection/Raw_Data/late leaf spot/IMG_6521.JPG,IMG_6521.JPG,late_leaf_spot,a4ba34838625a32ef89394de164c8a37013e8a5cfb77bb3a8604020e919a6fa6,1200,800,RGB,277147,train
PHYTO_RAW_2286,Dataset of groundnut plant leaf images for classification and detection/Raw_Data/late leaf spot/IMG_6522.JPG,IMG_6522.JPG,late_leaf_spot,a1da43299a9578c33694d3f2d581c4aed00a0f411187d20f411afa87044cb8f9,1200,800,RGB,273938,train
PHYTO_RAW_2287,Dataset of groundnut plant leaf images for classification and detection/Raw_Data/late leaf spot/IMG_6523.JPG,IMG_6523.JPG,late_leaf_spot,e05ac2ce037efb30d2993d81f421532fb33959ffe770a1ca02c43f6009bfe338,1200,800,RGB,400438,train
PHYTO_RAW_2288,Dataset of groundnut plant leaf images for classification and detection/Raw_Data/late leaf spot/IMG_6524.JPG,IMG_6524.JPG,late_leaf_spot,2c101740be331fee85bdc25044f5914aaf367f6a4f8ae293d098bf19698c0edb,1200,800,RGB,373920,train
PHYTO_RAW_2289,Dataset of groundnut plant leaf images for classification and detection/Raw_Data/late leaf spot/IMG_6525.JPG,IMG_6525.JPG,late_leaf_spot,742805803eeea48f5d40654d174d4a24bc6eccf76a92df72ce50e4483180aee6,1200,800,RGB,278473,train
PHYTO_RAW_2290,Dataset of groundnut plant leaf images for classification and detection/Raw_Data/late leaf spot/IMG_6854.JPG,IMG_6854.JPG,late_leaf_spot,04c22557495d85b129cd57280f59fce0bb86b403e649d59350e3d39d0344a7be,1200,800,RGB,258790,train
PHYTO_RAW_2291,Dataset of groundnut plant leaf images for classification and detection/Raw_Data/late leaf spot/IMG_6855.JPG,IMG_6855.JPG,late_leaf_spot,7169871fd64c6897c0e2782a943e232fbd6e83aa052bb0a9d171c4cfd5877d7f,1200,800,RGB,242941,train
PHYTO_RAW_2292,Dataset of groundnut plant leaf images for classification and detection/Raw_Data/late leaf spot/IMG_6856.JPG,IMG_6856.JPG,late_leaf_spot,4a1594b3d26510617668eefa28e6a9b9232a4f1e1e28b9b58d3475a0bf633ef1,1200,800,RGB,256841,test
PHYTO_RAW_2293,Dataset of groundnut plant leaf images for classification and detection/Raw_Data/late leaf spot/IMG_6857.JPG,IMG_6857.JPG,late_leaf_spot,2e0241286ce5eabe40b2626efcadde194c3ace7ca517443a7e6317896df312e6,1200,800,RGB,278193,train
PHYTO_RAW_2294,Dataset of groundnut plant leaf images for classification and detection/Raw_Data/late leaf spot/IMG_6858.JPG,IMG_6858.JPG,late_leaf_spot,2f1bf217c6d0b88406ee21976a007eab9841ffb4e652c21a1c173c5365fafeaf,1200,800,RGB,275226,train
PHYTO_RAW_2295,Dataset of groundnut plant leaf images for classification and detection/Raw_Data/late leaf spot/IMG_6859.JPG,IMG_6859.JPG,late_leaf_spot,89518d7009411ff2f35e8bd1bd6094cae038667c7b240cf72a1af3fb7d179c2d,1200,800,RGB,271065,train
PHYTO_RAW_2296,Dataset of groundnut plant leaf images for classification and detection/Raw_Data/late leaf spot/IMG_6860.JPG,IMG_6860.JPG,late_leaf_spot,331dc83e52941fec48b5d516f0713fd8d21df7685dbfc1a2517b437dbbb9a86a,1200,800,RGB,247141,validation
PHYTO_RAW_2297,Dataset of groundnut plant leaf images for classification and detection/Raw_Data/late leaf spot/IMG_6861.JPG,IMG_6861.JPG,late_leaf_spot,6a447973d8eb31991ec86ba83d96d1c17b815b5178138685cb79c370789a1d34,1200,800,RGB,225734,train
PHYTO_RAW_2298,Dataset of groundnut plant leaf images for classification and detection/Raw_Data/late leaf spot/IMG_6862.JPG,IMG_6862.JPG,late_leaf_spot,45a74f8eb7772a493da5ef50fd5c038ea648dd8795fbb363a2fae4ac83bda496,1200,800,RGB,219730,train
PHYTO_RAW_2299,Dataset of groundnut plant leaf images for classification and detection/Raw_Data/late leaf spot/IMG_6863.JPG,IMG_6863.JPG,late_leaf_spot,784fef3610f0e5641348508c1d2f609c0d803ce116c2fe9b08b44291f04502bd,1200,800,RGB,292890,validation
PHYTO_RAW_2300,Dataset of groundnut plant leaf images for classification and detection/Raw_Data/late leaf spot/IMG_6864.JPG,IMG_6864.JPG,late_leaf_spot,e88729b155f9fc2cf4aba93903cde848e8afacca3db04d2ce21c0b6c31034f8c,1200,800,RGB,288969,train
PHYTO_RAW_2301,Dataset of groundnut plant leaf images for classification and detection/Raw_Data/late leaf spot/IMG_6865.JPG,IMG_6865.JPG,late_leaf_spot,88544a29219035ef300028b2beb9a8ce0353c3615d0e33297696bbc5ed310c42,1200,800,RGB,305837,train
PHYTO_RAW_2302,Dataset of groundnut plant leaf images for classification and detection/Raw_Data/late leaf spot/IMG_6866.JPG,IMG_6866.JPG,late_leaf_spot,a112a17de0cdf347901158bb7c512b1a47a9f89d4ae6dd73eccc2ce1dac0c200,1200,800,RGB,285795,validation
PHYTO_RAW_2303,Dataset of groundnut plant leaf images for classification and detection/Raw_Data/late leaf spot/IMG_6867.JPG,IMG_6867.JPG,late_leaf_spot,c766709c6ffbb86f137ce61fee6c0480f59be53df53cf2b15eb00a4774f71499,1200,800,RGB,320737,validation
PHYTO_RAW_2304,Dataset of groundnut plant leaf images for classification and detection/Raw_Data/late leaf spot/IMG_6868.JPG,IMG_6868.JPG,late_leaf_spot,c30b54bad713bbc640003c0e6f9b84c778f804197173b8ccaaa26c01e8761159,1200,800,RGB,234614,validation
PHYTO_RAW_2305,Dataset of groundnut plant leaf images for classification and detection/Raw_Data/late leaf spot/IMG_6869.JPG,IMG_6869.JPG,late_leaf_spot,5a19d115e8e24dc60db469d33d48dede1390403c42ffbb631fbd12628dedf17f,1200,800,RGB,220488,train
PHYTO_RAW_2306,Dataset of groundnut plant leaf images for classification and detection/Raw_Data/late leaf spot/IMG_6870.JPG,IMG_6870.JPG,late_leaf_spot,c4f740024cdca98d06c6335b7a7bf735ed42100de320efef78a0af7b2692e8c7,1200,800,RGB,259708,train
PHYTO_RAW_2307,Dataset of groundnut plant leaf images for classification and detection/Raw_Data/late leaf spot/IMG_6871.JPG,IMG_6871.JPG,late_leaf_spot,f1083edf958f3bd0cacb72c03009ddf9d0e34c4b7974a9af2a9bc842d1db3695,1200,800,RGB,221688,train
PHYTO_RAW_2308,Dataset of groundnut plant leaf images for classification and detection/Raw_Data/late leaf spot/IMG_6872.JPG,IMG_6872.JPG,late_leaf_spot,219cec22640160cac645143db0649d24d28d06612786d494235bc96951bcad1b,1200,800,RGB,236030,train
PHYTO_RAW_2309,Dataset of groundnut plant leaf images for classification and detection/Raw_Data/late leaf spot/IMG_6873.JPG,IMG_6873.JPG,late_leaf_spot,2e31a1f701d6ac2c52048b1e7cd5e9e8861f1797de5a4f3c390c7a7b0ef9d063,1200,800,RGB,243198,validation
PHYTO_RAW_2310,Dataset of groundnut plant leaf images for classification and detection/Raw_Data/late leaf spot/IMG_6874.JPG,IMG_6874.JPG,late_leaf_spot,4883131e694b44b51e0aabb3d9a19c99631681718269213e6a2b48836e956468,1200,800,RGB,260076,train
PHYTO_RAW_2311,Dataset of groundnut plant leaf images for classification and detection/Raw_Data/late leaf spot/IMG_6875.JPG,IMG_6875.JPG,late_leaf_spot,d06b790686fca580b5ee92a56cb8f03349ebe14f632a314fed3ad7293b033de8,1200,800,RGB,225927,validation
PHYTO_RAW_2312,Dataset of groundnut plant leaf images for classification and detection/Raw_Data/late leaf spot/IMG_6876.JPG,IMG_6876.JPG,late_leaf_spot,750271d3aaa6d970070fb74e549c3735211df63cdbb91053dab05e0d31688552,1200,800,RGB,207564,validation
PHYTO_RAW_2313,Dataset of groundnut plant leaf images for classification and detection/Raw_Data/late leaf spot/IMG_6877.JPG,IMG_6877.JPG,late_leaf_spot,aed7ae74ff47c3a2a0838c2afba4aa6773a1d6d74ab5f0520e1cba62819b7d6e,1200,800,RGB,215335,train
PHYTO_RAW_2314,Dataset of groundnut plant leaf images for classification and detection/Raw_Data/late leaf spot/IMG_6878.JPG,IMG_6878.JPG,late_leaf_spot,78bfc25720729e8f60a4d1543909d0b81a2e6651c787dd8d5d875f5b9ea5eda3,1200,800,RGB,237592,train
PHYTO_RAW_2315,Dataset of groundnut plant leaf images for classification and detection/Raw_Data/late leaf spot/IMG_6879.JPG,IMG_6879.JPG,late_leaf_spot,1db1be6bbd6c4fbb1294898b4d9e5c0eeee152dd384d2e61e7d9dc2b21305346,1200,800,RGB,247553,train
PHYTO_RAW_2316,Dataset of groundnut plant leaf images for classification and detection/Raw_Data/late leaf spot/IMG_6880.JPG,IMG_6880.JPG,late_leaf_spot,fbd02e05822e30eade4186e27738d84e6c928d409cfdf76c7937e13a49b52f13,1200,800,RGB,227264,test
PHYTO_RAW_2317,Dataset of groundnut plant leaf images for classification and detection/Raw_Data/late leaf spot/IMG_6881.JPG,IMG_6881.JPG,late_leaf_spot,551270323c8a76772bacf63c235ffd4b7b6179e5c73bc4349aebd6707fd089f5,1200,800,RGB,211908,validation
PHYTO_RAW_2318,Dataset of groundnut plant leaf images for classification and detection/Raw_Data/late leaf spot/IMG_6882.JPG,IMG_6882.JPG,late_leaf_spot,44675b8d712a547eed0f9fea39edefee7bba471fc60310fc5795c77b15e72e1a,1200,800,RGB,234346,test
PHYTO_RAW_2319,Dataset of groundnut plant leaf images for classification and detection/Raw_Data/late leaf spot/IMG_6883.JPG,IMG_6883.JPG,late_leaf_spot,b5db33e91ab9be8dcaded233e233fe0bad873b0a0ba0857e48432711d48191cc,1200,800,RGB,283583,validation
PHYTO_RAW_2320,Dataset of groundnut plant leaf images for classification and detection/Raw_Data/late leaf spot/IMG_6884.JPG,IMG_6884.JPG,late_leaf_spot,04690da9e7b68a5b4cb04a109df804f8fdacd2695cd6198635c7ab5b8172d1d2,1200,800,RGB,246699,train
PHYTO_RAW_2321,Dataset of groundnut plant leaf images for classification and detection/Raw_Data/late leaf spot/IMG_6885.JPG,IMG_6885.JPG,late_leaf_spot,051bd8e7e4ac1752e9f026d2ee3e95ce4aaf3f65dad5759e038ffd946c3b7ae1,1200,800,RGB,260184,train
PHYTO_RAW_2322,Dataset of groundnut plant leaf images for classification and detection/Raw_Data/late leaf spot/IMG_6886.JPG,IMG_6886.JPG,late_leaf_spot,2f949bcd18fd9e952a6ddd29dff6d247ed23c64760b739fdc38aa9991b9bfa7b,1200,800,RGB,253720,train
PHYTO_RAW_2323,Dataset of groundnut plant leaf images for classification and detection/Raw_Data/late leaf spot/IMG_6887.JPG,IMG_6887.JPG,late_leaf_spot,2965dd9446c96d1d8e30b8cdb332fdbbbbdc9e6069f31f848201e93925dda76b,1200,800,RGB,249385,train
PHYTO_RAW_2324,Dataset of groundnut plant leaf images for classification and detection/Raw_Data/late leaf spot/IMG_6888.JPG,IMG_6888.JPG,late_leaf_spot,aff69c3e66cf49394292b4c34cd2afbd7206745248077690ea8d82e46a559891,1200,800,RGB,197824,train
PHYTO_RAW_2325,Dataset of groundnut plant leaf images for classification and detection/Raw_Data/late leaf spot/IMG_6889.JPG,IMG_6889.JPG,late_leaf_spot,3aa6e7a8435f1d6c4431e06184881bc7ef261991fd44dbe53d8f164e7f417a0c,1200,800,RGB,245215,validation
PHYTO_RAW_2326,Dataset of groundnut plant leaf images for classification and detection/Raw_Data/late leaf spot/IMG_6890.JPG,IMG_6890.JPG,late_leaf_spot,f9bb41db6e6d3ae1e4664f13959d8d078f4d41ccf735f7e104d605213a4cc2ba,1200,800,RGB,238001,test
PHYTO_RAW_2327,Dataset of groundnut plant leaf images for classification and detection/Raw_Data/late leaf spot/IMG_6891.JPG,IMG_6891.JPG,late_leaf_spot,7071bcbe591bf2763baeb92446a9f64a2f0352ac97ee17b2344a22676a56e186,1200,800,RGB,265885,test
PHYTO_RAW_2328,Dataset of groundnut plant leaf images for classification and detection/Raw_Data/late leaf spot/IMG_6892.JPG,IMG_6892.JPG,late_leaf_spot,09174889fe4bd3b277e5d173a1437eae99f94fe5d7e9c444054957a38239ad43,1200,800,RGB,262945,train
PHYTO_RAW_2329,Dataset of groundnut plant leaf images for classification and detection/Raw_Data/late leaf spot/IMG_6893.JPG,IMG_6893.JPG,late_leaf_spot,5286da4a700444b04179da6d14a3d5e42dfc14d97f29b72e98d2d98c56339067,1200,800,RGB,243719,test
PHYTO_RAW_2330,Dataset of groundnut plant leaf images for classification and detection/Raw_Data/late leaf spot/IMG_6894.JPG,IMG_6894.JPG,late_leaf_spot,7bc162b064dad5049ac7fd429406469673ae6567fca2797dbd9a2d25b9a1da8e,1200,800,RGB,383209,test
PHYTO_RAW_2331,Dataset of groundnut plant leaf images for classification and detection/Raw_Data/late leaf spot/IMG_6895.JPG,IMG_6895.JPG,late_leaf_spot,a9224d926439a37329f5a55526af02ab93b23080c42d8f90c562c7f276b9adaa,1200,800,RGB,455062,validation
PHYTO_RAW_2332,Dataset of groundnut plant leaf images for classification and detection/Raw_Data/late leaf spot/IMG_6896.JPG,IMG_6896.JPG,late_leaf_spot,46d77167ae3881cbbc937067d7239f6e1866aa10431923167ca87e7687d90281,1200,800,RGB,770832,train
PHYTO_RAW_2333,Dataset of groundnut plant leaf images for classification and detection/Raw_Data/late leaf spot/IMG_6897.JPG,IMG_6897.JPG,late_leaf_spot,f0f024ae68fc504ba8dfbb84a9c0e26f49c049ffb86b5e6d60561542ee7a04a4,1200,800,RGB,589082,train
PHYTO_RAW_2334,Dataset of groundnut plant leaf images for classification and detection/Raw_Data/late leaf spot/IMG_6902.JPG,IMG_6902.JPG,late_leaf_spot,2630c10ff08bc5bf3c566af739d2b88552baf41ca39b78e16438137beda859d6,1200,800,RGB,261828,test
PHYTO_RAW_2335,Dataset of groundnut plant leaf images for classification and detection/Raw_Data/late leaf spot/IMG_6903.JPG,IMG_6903.JPG,late_leaf_spot,4ad13b1ba78d86320f5d7f3286017c52ad2f49c023360ba6690a79db4855a7d8,1200,800,RGB,220883,train
PHYTO_RAW_2336,Dataset of groundnut plant leaf images for classification and detection/Raw_Data/late leaf spot/IMG_6904.JPG,IMG_6904.JPG,late_leaf_spot,fd643da9f762ab6424cb6fd3a19f9f553fb972df22c0c90f28880b4128540c4e,1200,800,RGB,226409,train
PHYTO_RAW_2337,Dataset of groundnut plant leaf images for classification and detection/Raw_Data/late leaf spot/IMG_6905.JPG,IMG_6905.JPG,late_leaf_spot,db48e4a24b8b3d6c680d7309dfb0d1dbbbf59e562c3716b0e8d6488e3295ea19,1200,800,RGB,215200,train
PHYTO_RAW_2338,Dataset of groundnut plant leaf images for classification and detection/Raw_Data/late leaf spot/IMG_6906.JPG,IMG_6906.JPG,late_leaf_spot,8c920ccc84ab66f220d63320030d6ffe47c169a3fda60ef614743be9ba96448c,1200,800,RGB,207735,test
PHYTO_RAW_2339,Dataset of groundnut plant leaf images for classification and detection/Raw_Data/late leaf spot/IMG_6907.JPG,IMG_6907.JPG,late_leaf_spot,16b54fd6eecb8fd047de94bc9dfd471e47fa95bdd364bccd9b09092e5e7abeb7,1200,800,RGB,200606,train
PHYTO_RAW_2340,Dataset of groundnut plant leaf images for classification and detection/Raw_Data/late leaf spot/IMG_6908.JPG,IMG_6908.JPG,late_leaf_spot,063b37901375fa8e0bb25b03b6c491d87aedf4be7723391e76599ce17af73be8,1200,800,RGB,205940,test
PHYTO_RAW_2341,Dataset of groundnut plant leaf images for classification and detection/Raw_Data/late leaf spot/IMG_6909.JPG,IMG_6909.JPG,late_leaf_spot,db8dd2080ab961ff2e862f877cb529fe7c8b891a1acbb46d2c1486e1d18fa6cf,1200,800,RGB,238072,train
PHYTO_RAW_2342,Dataset of groundnut plant leaf images for classification and detection/Raw_Data/late leaf spot/IMG_6910.JPG,IMG_6910.JPG,late_leaf_spot,558118e838d08cc08fba383ea3e321ba69828fda2a003bae7f460b32c06ec416,1200,800,RGB,224369,train
PHYTO_RAW_2343,Dataset of groundnut plant leaf images for classification and detection/Raw_Data/late leaf spot/IMG_6911.JPG,IMG_6911.JPG,late_leaf_spot,73ef044dd5759fbbb9f496cb23bdf47d91d90cb1ac70555ed54c411707218f6f,1200,800,RGB,195007,train
PHYTO_RAW_2344,Dataset of groundnut plant leaf images for classification and detection/Raw_Data/late leaf spot/IMG_6912.JPG,IMG_6912.JPG,late_leaf_spot,8983ce597d4531fa2d98052b7ebbdce5b3ee92ab6f390a851ee9872d1a14eff2,1200,800,RGB,194109,test
PHYTO_RAW_2345,Dataset of groundnut plant leaf images for classification and detection/Raw_Data/late leaf spot/IMG_6913.JPG,IMG_6913.JPG,late_leaf_spot,e24a300084677834cb93071e91b77d3b22d01ed4e23c6b4f8fcc5bd5441badcb,1200,800,RGB,214548,train
PHYTO_RAW_2346,Dataset of groundnut plant leaf images for classification and detection/Raw_Data/late leaf spot/IMG_6914.JPG,IMG_6914.JPG,late_leaf_spot,f1f86c738ea9c470a981ba14d2f9988f365ba20939ad4e62a31c579aab390a9f,1200,800,RGB,238760,test
PHYTO_RAW_2347,Dataset of groundnut plant leaf images for classification and detection/Raw_Data/late leaf spot/IMG_6915.JPG,IMG_6915.JPG,late_leaf_spot,2e6d2f70340e092a3a9a3426997c3587139d6b558f5c85f7b98a425a2f49d3f0,1200,800,RGB,243441,train
PHYTO_RAW_2348,Dataset of groundnut plant leaf images for classification and detection/Raw_Data/late leaf spot/IMG_6916.JPG,IMG_6916.JPG,late_leaf_spot,690e8caf4aacf8f33c2b485cfe1115ef104fd069293c00fa78203fd6b74b6ef7,1200,800,RGB,235865,train
PHYTO_RAW_2349,Dataset of groundnut plant leaf images for classification and detection/Raw_Data/late leaf spot/IMG_6917.JPG,IMG_6917.JPG,late_leaf_spot,1ad95b732d8af72fa364c4ba73282d10159f52018e4342f7d29f20880cb17f79,1200,800,RGB,213467,train
PHYTO_RAW_2350,Dataset of groundnut plant leaf images for classification and detection/Raw_Data/late leaf spot/IMG_6918.JPG,IMG_6918.JPG,late_leaf_spot,8b9f4cb35eabc968eb1a8daa2db7f0fb930970fdbdaa684b6fb4c05132aedddb,1200,800,RGB,305982,train
PHYTO_RAW_2351,Dataset of groundnut plant leaf images for classification and detection/Raw_Data/late leaf spot/IMG_6919.JPG,IMG_6919.JPG,late_leaf_spot,6c6e5191509a98398436a96f26cad101119e163c7bb7d78d30b0da9816e47495,1200,800,RGB,267566,test
PHYTO_RAW_2352,Dataset of groundnut plant leaf images for classification and detection/Raw_Data/late leaf spot/IMG_6920.JPG,IMG_6920.JPG,late_leaf_spot,c3faf58fb5d9fa1c7a9637434ffa54d93698f609eea7c23f42e9c798badf1d7b,1200,800,RGB,217472,train
PHYTO_RAW_2353,Dataset of groundnut plant leaf images for classification and detection/Raw_Data/late leaf spot/IMG_6921.JPG,IMG_6921.JPG,late_leaf_spot,668b812e4e6c4ea6831ad969ffde1cf0f096ee152c3ae46c0d535169fe422bd3,1200,800,RGB,230061,train
PHYTO_RAW_2354,Dataset of groundnut plant leaf images for classification and detection/Raw_Data/late leaf spot/IMG_6922.JPG,IMG_6922.JPG,late_leaf_spot,8b578fc92138cb92a597d0f65cfa04269664df404d20a4df438e72a1dea379b4,1200,800,RGB,217895,train
PHYTO_RAW_2355,Dataset of groundnut plant leaf images for classification and detection/Raw_Data/late leaf spot/IMG_6923.JPG,IMG_6923.JPG,late_leaf_spot,5d324bee3582b9ba4d3420b52d98c4417853eb4740ba331a0364646a724ef01f,1200,800,RGB,236063,train
PHYTO_RAW_2356,Dataset of groundnut plant leaf images for classification and detection/Raw_Data/late leaf spot/IMG_6924.JPG,IMG_6924.JPG,late_leaf_spot,4291a1a4194dba182eaed11820ac829be075a6022b211c95267adf7d04e73fb9,1200,800,RGB,221484,train
PHYTO_RAW_2357,Dataset of groundnut plant leaf images for classification and detection/Raw_Data/late leaf spot/IMG_6925.JPG,IMG_6925.JPG,late_leaf_spot,693f14b52a4cdea6e25ebaf057c5ca9284ce0a9557b71afe7e2bc409948fa5a2,1200,800,RGB,230035,train
PHYTO_RAW_2358,Dataset of groundnut plant leaf images for classification and detection/Raw_Data/late leaf spot/IMG_6926.JPG,IMG_6926.JPG,late_leaf_spot,80631b6081bda09026e39f13d326419092b166c05c4353d50c35db875010cfc4,1200,800,RGB,231853,train
PHYTO_RAW_2359,Dataset of groundnut plant leaf images for classification and detection/Raw_Data/late leaf spot/IMG_6927.JPG,IMG_6927.JPG,late_leaf_spot,bf0adc202e34cf884c63630b80173f8ce7471b5393d438570195f0aa5853e73e,1200,800,RGB,247276,train
PHYTO_RAW_2360,Dataset of groundnut plant leaf images for classification and detection/Raw_Data/late leaf spot/IMG_6928.JPG,IMG_6928.JPG,late_leaf_spot,44710205ec8451bfc91a2862cbd34ef6718822994c92dad250d4b50cca7a4b30,1200,800,RGB,232817,validation
PHYTO_RAW_2361,Dataset of groundnut plant leaf images for classification and detection/Raw_Data/late leaf spot/IMG_6929.JPG,IMG_6929.JPG,late_leaf_spot,6612c0a69e29bcaf055ca331667a2baaf8509f2db69a9b603bbfda3c21a70c5b,1200,800,RGB,250492,validation
PHYTO_RAW_2362,Dataset of groundnut plant leaf images for classification and detection/Raw_Data/late leaf spot/IMG_6930.JPG,IMG_6930.JPG,late_leaf_spot,ecbfb1cd6fc16e1ab9bda2c9d7f159c7686b887a18ffbd4dc19ffd60fb559e4a,1200,800,RGB,241332,train
PHYTO_RAW_2363,Dataset of groundnut plant leaf images for classification and detection/Raw_Data/late leaf spot/IMG_6931.JPG,IMG_6931.JPG,late_leaf_spot,4193d86a2148fd36d964925cdaf0afc71b695b6c223e718fb337dbe03969d920,1200,800,RGB,232187,test
PHYTO_RAW_2364,Dataset of groundnut plant leaf images for classification and detection/Raw_Data/late leaf spot/IMG_6932.JPG,IMG_6932.JPG,late_leaf_spot,5caa0e567998795f65fd20d86c1054b426bcf5703771536d3e9cd52a47d6685e,1200,800,RGB,236338,train
PHYTO_RAW_2365,Dataset of groundnut plant leaf images for classification and detection/Raw_Data/late leaf spot/IMG_6933.JPG,IMG_6933.JPG,late_leaf_spot,c36bae40d3c84e80088ea7a2bfba0111e1067cea3d3fc385bcad14a7e4831488,1200,800,RGB,299517,train
PHYTO_RAW_2366,Dataset of groundnut plant leaf images for classification and detection/Raw_Data/late leaf spot/IMG_6934.JPG,IMG_6934.JPG,late_leaf_spot,edda28c8092e0f75f174ae945bd9a5796cde943e3a48b1b8520036f48dddc56f,1200,800,RGB,259803,test
PHYTO_RAW_2367,Dataset of groundnut plant leaf images for classification and detection/Raw_Data/late leaf spot/IMG_6935.JPG,IMG_6935.JPG,late_leaf_spot,af4f07f7c475ccb9e7e67b910a52d7f1f9529445c94f0eabf409749f7aae8f3b,1200,800,RGB,214053,test
PHYTO_RAW_2368,Dataset of groundnut plant leaf images for classification and detection/Raw_Data/late leaf spot/IMG_6936.JPG,IMG_6936.JPG,late_leaf_spot,98e777cb0816dc2bd210df91dfeb3484b5887cfd88bef9fa9dee45fa9a83f2e8,1200,800,RGB,263379,train
PHYTO_RAW_2369,Dataset of groundnut plant leaf images for classification and detection/Raw_Data/late leaf spot/IMG_6937.JPG,IMG_6937.JPG,late_leaf_spot,f156156e53e40c72bf2a0dbc5bae883daa48f63acea8deaebb181c8af4e4a8dd,1200,800,RGB,246195,train
PHYTO_RAW_2370,Dataset of groundnut plant leaf images for classification and detection/Raw_Data/late leaf spot/IMG_6938.JPG,IMG_6938.JPG,late_leaf_spot,ddc84a65a58f2aced60ece91345b960ba68add275f96716fedf6523569a8d433,1200,800,RGB,274425,validation
PHYTO_RAW_2371,Dataset of groundnut plant leaf images for classification and detection/Raw_Data/late leaf spot/IMG_6939.JPG,IMG_6939.JPG,late_leaf_spot,459c58d45929178fe771b473b8e2ae598ac4472839f89761e50db0172f9e4478,1200,800,RGB,251863,train
PHYTO_RAW_2372,Dataset of groundnut plant leaf images for classification and detection/Raw_Data/late leaf spot/IMG_6940.JPG,IMG_6940.JPG,late_leaf_spot,cb9901bc931b5dc3e89fbdbd3e56e511cee909c7c88d306f82f36438b3717dcd,1200,800,RGB,232760,train
PHYTO_RAW_2373,Dataset of groundnut plant leaf images for classification and detection/Raw_Data/late leaf spot/IMG_6941.JPG,IMG_6941.JPG,late_leaf_spot,2bab31729a204ed66f1a58ff936985178cfd37b073084cd6ca95c0645b87272e,1200,800,RGB,439412,train
PHYTO_RAW_2374,Dataset of groundnut plant leaf images for classification and detection/Raw_Data/late leaf spot/IMG_6942.JPG,IMG_6942.JPG,late_leaf_spot,d18155fa392abc889e23089fd281aad053a8ffce1d9e9c4c6eb675b1c4755d19,1200,800,RGB,340834,train
PHYTO_RAW_2375,Dataset of groundnut plant leaf images for classification and detection/Raw_Data/late leaf spot/IMG_6943.JPG,IMG_6943.JPG,late_leaf_spot,bae25e7eb4a3f08f3679a94e9d0cc295ecc6847941442a212e16d222401125aa,1200,800,RGB,311216,train
PHYTO_RAW_2376,Dataset of groundnut plant leaf images for classification and detection/Raw_Data/late leaf spot/IMG_6944.JPG,IMG_6944.JPG,late_leaf_spot,271cd242d34bf14b7c2312ef8418572a35d938e9bd50a94e940c5ea7bdd937cc,1200,800,RGB,755039,test
PHYTO_RAW_2377,Dataset of groundnut plant leaf images for classification and detection/Raw_Data/late leaf spot/IMG_6945.JPG,IMG_6945.JPG,late_leaf_spot,f5e0e62ab4062265099cab101a8f44958275c32be5683eb3981335453d6aed68,1200,800,RGB,804847,train
PHYTO_RAW_2378,Dataset of groundnut plant leaf images for classification and detection/Raw_Data/late leaf spot/IMG_6946.JPG,IMG_6946.JPG,late_leaf_spot,6d702be258f578a81b7fc42fa126052360b2cf39f7c0bddc9d6d11617f25c663,1200,800,RGB,806018,train
PHYTO_RAW_2379,Dataset of groundnut plant leaf images for classification and detection/Raw_Data/late leaf spot/IMG_6947.JPG,IMG_6947.JPG,late_leaf_spot,10d3d1cc19fffb2cb0164dace84b05a2c445c91d304fd4c2c4a27cd205385ef6,1200,800,RGB,404332,train
PHYTO_RAW_2380,Dataset of groundnut plant leaf images for classification and detection/Raw_Data/late leaf spot/IMG_6949.JPG,IMG_6949.JPG,late_leaf_spot,7e9cb93a719105986bb3e22ebea5a8e9617f373a90b9eaabe0f01259a2fa593b,1200,800,RGB,227829,train
PHYTO_RAW_2381,Dataset of groundnut plant leaf images for classification and detection/Raw_Data/late leaf spot/IMG_6950.JPG,IMG_6950.JPG,late_leaf_spot,74b2d73dcebfcaf7cadbc670f662207d219583b780e23b9e31db5266fbe88b3f,1200,800,RGB,226545,test
PHYTO_RAW_2382,Dataset of groundnut plant leaf images for classification and detection/Raw_Data/late leaf spot/IMG_6951.JPG,IMG_6951.JPG,late_leaf_spot,d814571e5c2d29842f373a03d2481647e68ce450fdbac4d05fe9c0df21151d94,1200,800,RGB,211169,validation
PHYTO_RAW_2383,Dataset of groundnut plant leaf images for classification and detection/Raw_Data/late leaf spot/IMG_6952.JPG,IMG_6952.JPG,late_leaf_spot,2732885afb870aece99567fabda7bdd7736faf6f61e714a0bcdbed767c4f9c7d,1200,800,RGB,233996,train
PHYTO_RAW_2384,Dataset of groundnut plant leaf images for classification and detection/Raw_Data/late leaf spot/IMG_6953.JPG,IMG_6953.JPG,late_leaf_spot,f7e5b6c035f38a9d168c5270106124f129e4e7d4c3cee7b4598775434d92079a,1200,800,RGB,194367,train
PHYTO_RAW_2385,Dataset of groundnut plant leaf images for classification and detection/Raw_Data/late leaf spot/IMG_6954.JPG,IMG_6954.JPG,late_leaf_spot,5f14372b62f1c85d9b9c96134b92eeedb278f37f6088c871595d5bab503a7999,1200,800,RGB,214834,train
PHYTO_RAW_2386,Dataset of groundnut plant leaf images for classification and detection/Raw_Data/late leaf spot/IMG_6955.JPG,IMG_6955.JPG,late_leaf_spot,e690220ba25a6c126b3d73c6215cec2ae5085351760b0a7ab83313269142a9b0,1200,800,RGB,212295,train
PHYTO_RAW_2387,Dataset of groundnut plant leaf images for classification and detection/Raw_Data/late leaf spot/IMG_6956.JPG,IMG_6956.JPG,late_leaf_spot,44858387346226d5562215031491732a9d854b85325a2b7cef068cfe57c21c29,1200,800,RGB,247047,train
PHYTO_RAW_2388,Dataset of groundnut plant leaf images for classification and detection/Raw_Data/late leaf spot/IMG_6957.JPG,IMG_6957.JPG,late_leaf_spot,2370615a8fe3ec2c11bd41b95fa81e370c88484a1e192a7440641f6e18be4889,1200,800,RGB,216467,validation
PHYTO_RAW_2389,Dataset of groundnut plant leaf images for classification and detection/Raw_Data/late leaf spot/IMG_6958.JPG,IMG_6958.JPG,late_leaf_spot,4b4ae1d879e847d84073fb48427c759d4492115496ab88fb7d7db3459e9cb39b,1200,800,RGB,245774,train
PHYTO_RAW_2390,Dataset of groundnut plant leaf images for classification and detection/Raw_Data/late leaf spot/IMG_6959.JPG,IMG_6959.JPG,late_leaf_spot,e8e53a82c74e43ecc0ee3da534d5d89d23bbba813211baf19e79cff4a846a4f2,1200,800,RGB,226181,validation
PHYTO_RAW_2391,Dataset of groundnut plant leaf images for classification and detection/Raw_Data/late leaf spot/IMG_6960.JPG,IMG_6960.JPG,late_leaf_spot,8564c98de1af981528e0b522b508f96f1749b3f171a8dc35781592ac50081680,1200,800,RGB,239345,train
PHYTO_RAW_2392,Dataset of groundnut plant leaf images for classification and detection/Raw_Data/late leaf spot/IMG_6961.JPG,IMG_6961.JPG,late_leaf_spot,04d30d1c68a79a7c72632bbbb9193161b9db10cc1f9cbe1e07ec88cb8f607468,1200,800,RGB,247594,test
PHYTO_RAW_2393,Dataset of groundnut plant leaf images for classification and detection/Raw_Data/late leaf spot/IMG_6962.JPG,IMG_6962.JPG,late_leaf_spot,7aa429a81ef5ab822ee36eb4bdaea2d10589a9349712f2eb59e5d0fbe35eb3f9,1200,800,RGB,282379,train
PHYTO_RAW_2394,Dataset of groundnut plant leaf images for classification and detection/Raw_Data/late leaf spot/IMG_6963.JPG,IMG_6963.JPG,late_leaf_spot,4f5641d47b5b3f368e3126d9804f0b0e3ec2a29ddb5aa67d4e9cfcf90046385e,1200,800,RGB,254103,train
PHYTO_RAW_2395,Dataset of groundnut plant leaf images for classification and detection/Raw_Data/late leaf spot/IMG_6964.JPG,IMG_6964.JPG,late_leaf_spot,18538cfc52d3530f6f5feb29a880912a440f4ab77a4ee651502b4bbb6370c6b5,1200,800,RGB,227771,train
PHYTO_RAW_2396,Dataset of groundnut plant leaf images for classification and detection/Raw_Data/late leaf spot/IMG_6965.JPG,IMG_6965.JPG,late_leaf_spot,61fd6dff91652d82177b5ff9e959bc638331fa5f58b9cea82a09feccdb3dc870,1200,800,RGB,252403,train
PHYTO_RAW_2397,Dataset of groundnut plant leaf images for classification and detection/Raw_Data/late leaf spot/IMG_6966.JPG,IMG_6966.JPG,late_leaf_spot,84b45845b279fe6524442741830e74fc0a3690d0e8d6ebc6e21401651fa56396,1200,800,RGB,273025,train
PHYTO_RAW_2398,Dataset of groundnut plant leaf images for classification and detection/Raw_Data/late leaf spot/IMG_6967.JPG,IMG_6967.JPG,late_leaf_spot,a6ba9bce0047c451c1f8b2fd6c9c00bed639c485b83b629c2d526424e8f851aa,1200,800,RGB,233858,train
PHYTO_RAW_2399,Dataset of groundnut plant leaf images for classification and detection/Raw_Data/late leaf spot/IMG_6968.JPG,IMG_6968.JPG,late_leaf_spot,b68ced1cf07d7b0b5ec064c6d53ae06d93aeb92473a781b8feb657dfbb59f02d,1200,800,RGB,275954,train
PHYTO_RAW_2400,Dataset of groundnut plant leaf images for classification and detection/Raw_Data/late leaf spot/IMG_6969.JPG,IMG_6969.JPG,late_leaf_spot,a27d92229c1484eff1fc70b8952a77f245ed4bc6462b376936f1a79d372d1aaa,1200,800,RGB,275838,train
PHYTO_RAW_2401,Dataset of groundnut plant leaf images for classification and detection/Raw_Data/late leaf spot/IMG_6970.JPG,IMG_6970.JPG,late_leaf_spot,5225134a4d9dcf4048ce8a23d4fd96eb5db501d7f1fee8e791e4f17555619d56,1200,800,RGB,255482,train
PHYTO_RAW_2402,Dataset of groundnut plant leaf images for classification and detection/Raw_Data/late leaf spot/IMG_6971.JPG,IMG_6971.JPG,late_leaf_spot,a2f2a5b8ee698d1a48c30526b91dc1206e79060d6566e1a3850e825267a76be4,1200,800,RGB,219256,validation
PHYTO_RAW_2403,Dataset of groundnut plant leaf images for classification and detection/Raw_Data/late leaf spot/IMG_6972.JPG,IMG_6972.JPG,late_leaf_spot,d0d517c68de9d990231cf9354987a5e3674009cda57bdc4dfbadd47fc17e66a8,1200,800,RGB,221115,train
PHYTO_RAW_2404,Dataset of groundnut plant leaf images for classification and detection/Raw_Data/late leaf spot/IMG_6973.JPG,IMG_6973.JPG,late_leaf_spot,b48f0760f05e8975ab241860e7c02118f60504d4ab21ba8ee0aaa270f7b8a750,1200,800,RGB,221187,train
PHYTO_RAW_2405,Dataset of groundnut plant leaf images for classification and detection/Raw_Data/late leaf spot/IMG_6974.JPG,IMG_6974.JPG,late_leaf_spot,f3b5d6628e9361f2e4d402ffee094101c5b382d1fa3e4e8c1f9550a355ed1c3a,1200,800,RGB,213133,validation
PHYTO_RAW_2406,Dataset of groundnut plant leaf images for classification and detection/Raw_Data/late leaf spot/IMG_6975.JPG,IMG_6975.JPG,late_leaf_spot,304e23a82a6f98ad9a42630fd631ab25465a85a54ee50695223059c0f1e6d1c7,1200,800,RGB,262001,test
PHYTO_RAW_2407,Dataset of groundnut plant leaf images for classification and detection/Raw_Data/late leaf spot/IMG_6976.JPG,IMG_6976.JPG,late_leaf_spot,cb654b954f29c791419426eff985bdcbeb83710352f0f7a42888302f4900f605,1200,800,RGB,205731,train
PHYTO_RAW_2408,Dataset of groundnut plant leaf images for classification and detection/Raw_Data/late leaf spot/IMG_6977.JPG,IMG_6977.JPG,late_leaf_spot,15918c8552889bf6740f2dd819efc189a3440a95155034d0c239b3f5ac5d95e4,1200,800,RGB,319357,test
PHYTO_RAW_2409,Dataset of groundnut plant leaf images for classification and detection/Raw_Data/late leaf spot/IMG_6978.JPG,IMG_6978.JPG,late_leaf_spot,ec85efe9d580c9aa4066cd02338e3be94128b8cbdd71970b3d125e09efa32369,1200,800,RGB,329296,train
PHYTO_RAW_2410,Dataset of groundnut plant leaf images for classification and detection/Raw_Data/late leaf spot/IMG_6979.JPG,IMG_6979.JPG,late_leaf_spot,7e920e46894897008f0f2d9fb813bf64dd611b64fdbfd8468e15d40067de4114,1200,800,RGB,328953,validation
PHYTO_RAW_2411,Dataset of groundnut plant leaf images for classification and detection/Raw_Data/late leaf spot/IMG_6980.JPG,IMG_6980.JPG,late_leaf_spot,fa94531a3d51b7c080dacd73686bf8864c4a37ab2dba30f3d3bebaee01678106,1200,800,RGB,328593,validation
PHYTO_RAW_2412,Dataset of groundnut plant leaf images for classification and detection/Raw_Data/late leaf spot/IMG_6981.JPG,IMG_6981.JPG,late_leaf_spot,0c3d282395545b0a02c4662bf386f150ad5adc8418293456e3c45d5c855c7a38,1200,800,RGB,252634,train
PHYTO_RAW_2413,Dataset of groundnut plant leaf images for classification and detection/Raw_Data/late leaf spot/IMG_6982.JPG,IMG_6982.JPG,late_leaf_spot,b9e3ea6a9eb8bc44d5dda1e646e4e885f874f4a1db6474c3755364e55d3ab0a5,1200,800,RGB,424645,test
PHYTO_RAW_2414,Dataset of groundnut plant leaf images for classification and detection/Raw_Data/late leaf spot/IMG_6984.JPG,IMG_6984.JPG,late_leaf_spot,fac0f772bdeb57694a91f30e008491ac7c2493f08898336a730f756fadd872d2,1200,800,RGB,640001,train
PHYTO_RAW_2415,Dataset of groundnut plant leaf images for classification and detection/Raw_Data/late leaf spot/IMG_6985.JPG,IMG_6985.JPG,late_leaf_spot,a7cfe1598c8b386d76cedfc54bdefa9e52ba5ff113d686542d9bb1018234459b,1200,800,RGB,690188,train
PHYTO_RAW_2416,Dataset of groundnut plant leaf images for classification and detection/Raw_Data/late leaf spot/IMG_6986.JPG,IMG_6986.JPG,late_leaf_spot,72c8003c72e7538163e0200ec032509d4a804e936bc8dd92c7ee7be7a0c57b20,1200,800,RGB,742181,train
PHYTO_RAW_2417,Dataset of groundnut plant leaf images for classification and detection/Raw_Data/late leaf spot/IMG_6989.JPG,IMG_6989.JPG,late_leaf_spot,144160e5e39354cc231f6ea375bc131b28cef7846d8c187a11b70a2ab6a6561b,1200,800,RGB,266119,train
PHYTO_RAW_2418,Dataset of groundnut plant leaf images for classification and detection/Raw_Data/late leaf spot/IMG_6990.JPG,IMG_6990.JPG,late_leaf_spot,bdb6ff16d4dcdf6747b1b432d3998703203481a9f97cf9768977664f02e4aa80,1200,800,RGB,256794,train
PHYTO_RAW_2419,Dataset of groundnut plant leaf images for classification and detection/Raw_Data/late leaf spot/IMG_6991.JPG,IMG_6991.JPG,late_leaf_spot,fed9e27f6d4a6b52059a05471800630d3e2243e0f6adb8a18f205b372e0a2001,1200,800,RGB,283132,train
PHYTO_RAW_2420,Dataset of groundnut plant leaf images for classification and detection/Raw_Data/late leaf spot/IMG_6992.JPG,IMG_6992.JPG,late_leaf_spot,b604a1cd5a5aa9ae71ca4e8835b34d05747791d29ac2eab0b6ec437ebc649c99,1200,800,RGB,243013,train
PHYTO_RAW_2421,Dataset of groundnut plant leaf images for classification and detection/Raw_Data/late leaf spot/IMG_6993.JPG,IMG_6993.JPG,late_leaf_spot,91a82047b8412acb2f8abab9710ae93d0e4b273f1681674c4b702dbf7b122c85,1200,800,RGB,214718,validation
PHYTO_RAW_2422,Dataset of groundnut plant leaf images for classification and detection/Raw_Data/late leaf spot/IMG_6994.JPG,IMG_6994.JPG,late_leaf_spot,e98419e2cfb360e58b26dfc15866960bf69e26f7e51924937a88e90da9c660e7,1200,800,RGB,221983,test
PHYTO_RAW_2423,Dataset of groundnut plant leaf images for classification and detection/Raw_Data/late leaf spot/IMG_6995.JPG,IMG_6995.JPG,late_leaf_spot,19cb160aa0866f21f937c8ab787eb37962aa33a24e4aba64718605b7d111e81c,1200,800,RGB,195714,train
PHYTO_RAW_2424,Dataset of groundnut plant leaf images for classification and detection/Raw_Data/late leaf spot/IMG_6996.JPG,IMG_6996.JPG,late_leaf_spot,a15d8b6907ff9784595c1ef6a1515e71d10cd1f5d0b1cba7796d0ad3e878e8fa,1200,800,RGB,194313,train
PHYTO_RAW_2425,Dataset of groundnut plant leaf images for classification and detection/Raw_Data/late leaf spot/IMG_6997.JPG,IMG_6997.JPG,late_leaf_spot,de1e03683aa2e2e757818590b89ba640a6a32a369722622219114bfce1a4431c,1200,800,RGB,206342,train
PHYTO_RAW_2426,Dataset of groundnut plant leaf images for classification and detection/Raw_Data/late leaf spot/IMG_6998.JPG,IMG_6998.JPG,late_leaf_spot,9bc01652e82a7a82e335649b9485fc76f5135d6dd619960f3d7410405308c728,1200,800,RGB,188050,train
PHYTO_RAW_2427,Dataset of groundnut plant leaf images for classification and detection/Raw_Data/late leaf spot/IMG_6999.JPG,IMG_6999.JPG,late_leaf_spot,c54b4e852f00fb6581febc73ac640ec68f3995edf71d6411fb10cc143d78f35e,1200,800,RGB,252923,validation
PHYTO_RAW_2428,Dataset of groundnut plant leaf images for classification and detection/Raw_Data/late leaf spot/IMG_7000.JPG,IMG_7000.JPG,late_leaf_spot,df354317862feac75157518043e2fbdb5f9efaaec9c684b684a6a911e7f4588e,1200,800,RGB,245416,train
PHYTO_RAW_2429,Dataset of groundnut plant leaf images for classification and detection/Raw_Data/late leaf spot/IMG_7001.JPG,IMG_7001.JPG,late_leaf_spot,81d5a3287f993d328fc39e88a2e65029ef06ccedc905c0ae2741db6d3c295702,1200,800,RGB,264041,train
PHYTO_RAW_2430,Dataset of groundnut plant leaf images for classification and detection/Raw_Data/late leaf spot/IMG_7002.JPG,IMG_7002.JPG,late_leaf_spot,bf6f24ad00e055ffa69c7681e2f1988b3a54cc544e455ac4e07c536d1613ebcd,1200,800,RGB,230040,train
PHYTO_RAW_2431,Dataset of groundnut plant leaf images for classification and detection/Raw_Data/late leaf spot/IMG_7003.JPG,IMG_7003.JPG,late_leaf_spot,1763dd7e14f70e88e2d37021644c1c8fc5c17d7fe7aa6e6602d2d92a611e750a,1200,800,RGB,270672,test
PHYTO_RAW_2432,Dataset of groundnut plant leaf images for classification and detection/Raw_Data/late leaf spot/IMG_7004.JPG,IMG_7004.JPG,late_leaf_spot,8b0996aa1eb4812518145de9d9d9996e2e57203fece033fa3115584c4236f84a,1200,800,RGB,267328,validation
PHYTO_RAW_2433,Dataset of groundnut plant leaf images for classification and detection/Raw_Data/late leaf spot/IMG_7005.JPG,IMG_7005.JPG,late_leaf_spot,3931ad797830d8ff7ceea1be01e4cb29c944193f207d02cc03f6ae96b4683323,1200,800,RGB,248500,train
PHYTO_RAW_2434,Dataset of groundnut plant leaf images for classification and detection/Raw_Data/late leaf spot/IMG_7006.JPG,IMG_7006.JPG,late_leaf_spot,67c4c0fab84fea2bac303321e8b63215777f2ff5b785afa0349c1c79b7aaa67d,1200,800,RGB,225461,validation
PHYTO_RAW_2435,Dataset of groundnut plant leaf images for classification and detection/Raw_Data/late leaf spot/IMG_7007.JPG,IMG_7007.JPG,late_leaf_spot,bf179ad3ace8085df6ea4483bef44ed0b0564078c77cbd8122d629e7aa9e43de,1200,800,RGB,264785,train
PHYTO_RAW_2436,Dataset of groundnut plant leaf images for classification and detection/Raw_Data/late leaf spot/IMG_7008.JPG,IMG_7008.JPG,late_leaf_spot,ff49a686c18c5f81b657056b42bfb7473774002fc8147b08410924c270df29e0,1200,800,RGB,259542,train
PHYTO_RAW_2437,Dataset of groundnut plant leaf images for classification and detection/Raw_Data/late leaf spot/IMG_7009.JPG,IMG_7009.JPG,late_leaf_spot,a65a7ff104e30f07adac0cb8c5c5d2cd592b1297ee56afdfb16f7ad53de01c9a,1200,800,RGB,262454,train
PHYTO_RAW_2438,Dataset of groundnut plant leaf images for classification and detection/Raw_Data/late leaf spot/IMG_7010.JPG,IMG_7010.JPG,late_leaf_spot,c470df7719a13857876df03133600337472f9154caa3a6df1eb874eff2de36c0,1200,800,RGB,250433,train
PHYTO_RAW_2439,Dataset of groundnut plant leaf images for classification and detection/Raw_Data/late leaf spot/IMG_7011.JPG,IMG_7011.JPG,late_leaf_spot,fab5af32b894c382621fcdba19b4ec9eea0bd2c989dece81aa8269e00a4605bd,1200,800,RGB,230290,train
PHYTO_RAW_2440,Dataset of groundnut plant leaf images for classification and detection/Raw_Data/late leaf spot/IMG_7012.JPG,IMG_7012.JPG,late_leaf_spot,3720bfd054485920fdac72bdde09f90f42bb8b5cb223f23004e46b38b95bb017,1200,800,RGB,206704,train
PHYTO_RAW_2441,Dataset of groundnut plant leaf images for classification and detection/Raw_Data/late leaf spot/IMG_7013.JPG,IMG_7013.JPG,late_leaf_spot,6dd077c254802599da1b657c3fff3db71d2ed9943177219a2ea8936417d145b0,1200,800,RGB,172374,train
PHYTO_RAW_2442,Dataset of groundnut plant leaf images for classification and detection/Raw_Data/late leaf spot/IMG_7014.JPG,IMG_7014.JPG,late_leaf_spot,a23894d925d85b62029c9eb23b884701ed60bd59ecf720783f25a0cc89be48d5,1200,800,RGB,240655,train
PHYTO_RAW_2443,Dataset of groundnut plant leaf images for classification and detection/Raw_Data/late leaf spot/IMG_7015.JPG,IMG_7015.JPG,late_leaf_spot,8ce1e7511f593726ecbe4ddd8d627618e811a524fbba661ad89fd9336305439a,1200,800,RGB,244109,train
PHYTO_RAW_2444,Dataset of groundnut plant leaf images for classification and detection/Raw_Data/late leaf spot/IMG_7016.JPG,IMG_7016.JPG,late_leaf_spot,309ede8faceaed391439861a8e3e557199cf9e57d67b61c59e53301a66548102,1200,800,RGB,252715,train
PHYTO_RAW_2445,Dataset of groundnut plant leaf images for classification and detection/Raw_Data/late leaf spot/IMG_7017.JPG,IMG_7017.JPG,late_leaf_spot,6287bc5990a0908cd6f1055bbac5f27a2435a8dcc1a8259409ec49f7d1c4daa4,1200,800,RGB,270942,test
PHYTO_RAW_2446,Dataset of groundnut plant leaf images for classification and detection/Raw_Data/late leaf spot/IMG_7018.JPG,IMG_7018.JPG,late_leaf_spot,1c7895fe5c90e71ec989e9632bd9dc3204b7196da9bb51ea5b6e090c2697283b,1200,800,RGB,323379,train
PHYTO_RAW_2447,Dataset of groundnut plant leaf images for classification and detection/Raw_Data/late leaf spot/IMG_7019.JPG,IMG_7019.JPG,late_leaf_spot,340a57b38e61da1b461ff150f92e2f36d074c27bfca379119e2893c3bc9f2cf6,1200,800,RGB,356702,train
PHYTO_RAW_2448,Dataset of groundnut plant leaf images for classification and detection/Raw_Data/late leaf spot/IMG_7020.JPG,IMG_7020.JPG,late_leaf_spot,c61be583414609e022be7eb5ec0fa65badcf7370ef312b5c6e2fa7bd0f4f0394,1200,800,RGB,346681,train
PHYTO_RAW_2449,Dataset of groundnut plant leaf images for classification and detection/Raw_Data/late leaf spot/IMG_7021.JPG,IMG_7021.JPG,late_leaf_spot,ffe68a2ee3dc28fbfbb56edaa490fb0e08c3ba5b007f9242b3cfeb930ad06c67,1200,800,RGB,340744,train
PHYTO_RAW_2450,Dataset of groundnut plant leaf images for classification and detection/Raw_Data/late leaf spot/IMG_7022.JPG,IMG_7022.JPG,late_leaf_spot,08829c911795f5a6c8e8f6391ceeb0de70b4ac21f6e85ee4ef31aaa4a80c465d,1200,800,RGB,740772,train
PHYTO_RAW_2451,Dataset of groundnut plant leaf images for classification and detection/Raw_Data/late leaf spot/IMG_7023.JPG,IMG_7023.JPG,late_leaf_spot,683e7040e591d06bf831e40f9fb019b79a074fcf45cd621de307023d79b37a1e,1200,800,RGB,771705,train
PHYTO_RAW_2452,Dataset of groundnut plant leaf images for classification and detection/Raw_Data/late leaf spot/IMG_7024.JPG,IMG_7024.JPG,late_leaf_spot,ba9e242ae1b72f4261ad5dd8b31482c52c2132306309dedcd62455f84180c841,1200,800,RGB,729360,train
PHYTO_RAW_2453,Dataset of groundnut plant leaf images for classification and detection/Raw_Data/late leaf spot/IMG_7025.JPG,IMG_7025.JPG,late_leaf_spot,d22c8f88d9f61fdc8759d8ad75b62591f1f5a33a74381b4800365cb720dceabf,1200,800,RGB,762664,train
PHYTO_RAW_2454,Dataset of groundnut plant leaf images for classification and detection/Raw_Data/late leaf spot/IMG_7027.JPG,IMG_7027.JPG,late_leaf_spot,5c280d3aadf6077a093bf9ab285528a5de954bca67d7445122093bcc33577ae9,1200,800,RGB,243206,train
PHYTO_RAW_2455,Dataset of groundnut plant leaf images for classification and detection/Raw_Data/late leaf spot/IMG_7028.JPG,IMG_7028.JPG,late_leaf_spot,3831e1563b32ca8e96997ede1fa7aaa236052d8188b15257fc76273121d1c9fa,1200,800,RGB,240508,train
PHYTO_RAW_2456,Dataset of groundnut plant leaf images for classification and detection/Raw_Data/late leaf spot/IMG_7029.JPG,IMG_7029.JPG,late_leaf_spot,c3b99ad7beed5e7245086b0306a6634570bdb0ee0e123cdf45a83899b0a99f9b,1200,800,RGB,274977,train
PHYTO_RAW_2457,Dataset of groundnut plant leaf images for classification and detection/Raw_Data/late leaf spot/IMG_7030.JPG,IMG_7030.JPG,late_leaf_spot,44fa059ea708e0667457740eb267da655f5097876bde845afa1205a705f85bb4,1200,800,RGB,258806,test
PHYTO_RAW_2458,Dataset of groundnut plant leaf images for classification and detection/Raw_Data/late leaf spot/IMG_7031.JPG,IMG_7031.JPG,late_leaf_spot,521631591ff66d35414d65b5d1da61dd616c0986c52219ca92ee0d6f7fe74f36,1200,800,RGB,214525,train
PHYTO_RAW_2459,Dataset of groundnut plant leaf images for classification and detection/Raw_Data/late leaf spot/IMG_7032.JPG,IMG_7032.JPG,late_leaf_spot,0aefee1ea8110baafe73d619a3991d449e14d97435e71a138d4ad85fc980c5d5,1200,800,RGB,267997,validation
PHYTO_RAW_2460,Dataset of groundnut plant leaf images for classification and detection/Raw_Data/late leaf spot/IMG_7033.JPG,IMG_7033.JPG,late_leaf_spot,bc9544da365d55cbade0e7b32f1de7ae0d1e5f3d53ccdac2760125647e2fc588,1200,800,RGB,299511,train
PHYTO_RAW_2461,Dataset of groundnut plant leaf images for classification and detection/Raw_Data/late leaf spot/IMG_7034.JPG,IMG_7034.JPG,late_leaf_spot,568fd920d0769fbd92f728c8199c897bd1a74666fd44dd0f9732814a2343bea7,1200,800,RGB,309063,train
PHYTO_RAW_2462,Dataset of groundnut plant leaf images for classification and detection/Raw_Data/late leaf spot/IMG_7035.JPG,IMG_7035.JPG,late_leaf_spot,cedd63bdeb3e88352d0207b45b23121e0047c96a6dcb7ad3c96ce976837ba44e,1200,800,RGB,307867,train
PHYTO_RAW_2463,Dataset of groundnut plant leaf images for classification and detection/Raw_Data/late leaf spot/IMG_7036.JPG,IMG_7036.JPG,late_leaf_spot,15d3596df377385ea3b9db4ce46c8e73fa754eafd3c18faa4703f3c9121b0846,1200,800,RGB,345085,train
PHYTO_RAW_2464,Dataset of groundnut plant leaf images for classification and detection/Raw_Data/late leaf spot/IMG_7037.JPG,IMG_7037.JPG,late_leaf_spot,6040a090f0fd189f29d1aeca09b9065f88e835892abef783aba9b86a7b7f9ddb,1200,800,RGB,283320,train
PHYTO_RAW_2465,Dataset of groundnut plant leaf images for classification and detection/Raw_Data/late leaf spot/IMG_7038.JPG,IMG_7038.JPG,late_leaf_spot,0023a6c6aa55cfd77ac7fa2f1c1aa725a53c52bd2141a4328d803ada4de4b962,1200,800,RGB,270635,train
PHYTO_RAW_2466,Dataset of groundnut plant leaf images for classification and detection/Raw_Data/late leaf spot/IMG_7039.JPG,IMG_7039.JPG,late_leaf_spot,fc86251bb4778e0c83c09763b0f602a75dd1f293f032523d1ebdba7900ec3a31,1200,800,RGB,287055,train
PHYTO_RAW_2467,Dataset of groundnut plant leaf images for classification and detection/Raw_Data/late leaf spot/IMG_7040.JPG,IMG_7040.JPG,late_leaf_spot,60adf971bce881909e0a726c5b611ef36998a29a8b75f9abd5cf07dc0e9e167d,1200,800,RGB,201587,validation
PHYTO_RAW_2468,Dataset of groundnut plant leaf images for classification and detection/Raw_Data/late leaf spot/IMG_7041.JPG,IMG_7041.JPG,late_leaf_spot,25f8110992ebe31d34450be236369ea43497044547e8171df6cd950b78b52e28,1200,800,RGB,225224,train
PHYTO_RAW_2469,Dataset of groundnut plant leaf images for classification and detection/Raw_Data/late leaf spot/IMG_7042.JPG,IMG_7042.JPG,late_leaf_spot,e6498955dae13af288ab1a532a4db618cab80f0a18e16db95b2fa93d839dde56,1200,800,RGB,327837,train
PHYTO_RAW_2470,Dataset of groundnut plant leaf images for classification and detection/Raw_Data/late leaf spot/IMG_7043.JPG,IMG_7043.JPG,late_leaf_spot,fbfcd57a820910a07b062cf7dba4b50eef197b5c6202912cd5f75f566748789c,1200,800,RGB,270646,train
PHYTO_RAW_2471,Dataset of groundnut plant leaf images for classification and detection/Raw_Data/late leaf spot/IMG_7044.JPG,IMG_7044.JPG,late_leaf_spot,d75f29445577389a5dad580ca561b1fd61e989865515c88015f844280fd2dc91,1200,800,RGB,258763,train
PHYTO_RAW_2472,Dataset of groundnut plant leaf images for classification and detection/Raw_Data/late leaf spot/IMG_7045.JPG,IMG_7045.JPG,late_leaf_spot,09a62f7508aa7a0e3c1c99fb830a81d9636f8e519e46e247e32f6342a9be6c25,1200,800,RGB,254498,train
PHYTO_RAW_2473,Dataset of groundnut plant leaf images for classification and detection/Raw_Data/late leaf spot/IMG_7046.JPG,IMG_7046.JPG,late_leaf_spot,deff972c75c3d923c711c4272c33006379877262da59db85696042fdd72ef5e7,1200,800,RGB,283311,validation
PHYTO_RAW_2474,Dataset of groundnut plant leaf images for classification and detection/Raw_Data/late leaf spot/IMG_7047.JPG,IMG_7047.JPG,late_leaf_spot,01b3b4a5812de93608505008ac22acc36ddf774db02a1e3a5aa4d61cf6320f41,1200,800,RGB,242077,validation
PHYTO_RAW_2475,Dataset of groundnut plant leaf images for classification and detection/Raw_Data/late leaf spot/IMG_7048.JPG,IMG_7048.JPG,late_leaf_spot,b1de997d5d96b06f6cecd33ff4359a5ad6412be0fc0a0fa1b632103e49073633,1200,800,RGB,324697,validation
PHYTO_RAW_2476,Dataset of groundnut plant leaf images for classification and detection/Raw_Data/late leaf spot/IMG_7049.JPG,IMG_7049.JPG,late_leaf_spot,8946544371c21fd23ee88b1b31e8939d29083322bc136cf5b6e310fa5e8e0f19,1200,800,RGB,340542,test
PHYTO_RAW_2477,Dataset of groundnut plant leaf images for classification and detection/Raw_Data/late leaf spot/IMG_7050.JPG,IMG_7050.JPG,late_leaf_spot,ce468c3ef0d439ae4e1a9ec3ee347af1f83d08d42f587857e4c25ee2e74b6dbf,1200,800,RGB,325999,validation
PHYTO_RAW_2478,Dataset of groundnut plant leaf images for classification and detection/Raw_Data/late leaf spot/IMG_7051.JPG,IMG_7051.JPG,late_leaf_spot,110a2f6305fef46065cd47ba8f1f9e0e5777bdd69ae5daa5e98f62a7f672b7da,1200,800,RGB,267397,train
PHYTO_RAW_2479,Dataset of groundnut plant leaf images for classification and detection/Raw_Data/late leaf spot/IMG_7052.JPG,IMG_7052.JPG,late_leaf_spot,4b5299454fca1ee940e600c21954c932595b41aad3bc3f514dfa76a41c9743a5,1200,800,RGB,286654,train
PHYTO_RAW_2480,Dataset of groundnut plant leaf images for classification and detection/Raw_Data/late leaf spot/IMG_7053.JPG,IMG_7053.JPG,late_leaf_spot,bfdc842b46f608c07ebe3f4fb518d5c37f50a81cc61bfcd684f7bad5c516cc0a,1200,800,RGB,333901,train
PHYTO_RAW_2481,Dataset of groundnut plant leaf images for classification and detection/Raw_Data/late leaf spot/IMG_7054.JPG,IMG_7054.JPG,late_leaf_spot,a705c6565739858ebb76aa78feb75c7e11aca737c5752a4d6f5b405b45c8e8a3,1200,800,RGB,333965,train
PHYTO_RAW_2482,Dataset of groundnut plant leaf images for classification and detection/Raw_Data/late leaf spot/IMG_7055.JPG,IMG_7055.JPG,late_leaf_spot,c83bd26362686e534ee7f31e51009645a967c249b818b71f34f6ec2c6bbfc30e,1200,800,RGB,345222,train
PHYTO_RAW_2483,Dataset of groundnut plant leaf images for classification and detection/Raw_Data/late leaf spot/IMG_7056.JPG,IMG_7056.JPG,late_leaf_spot,503142e67ad76f0d80f47ec16a99ac7adf607bb2ce8be75b8078a4b7171a03c8,1200,800,RGB,286962,train
PHYTO_RAW_2484,Dataset of groundnut plant leaf images for classification and detection/Raw_Data/late leaf spot/IMG_7057.JPG,IMG_7057.JPG,late_leaf_spot,322fcff283db331aa8c131873bab06bc701559c4a5704be93660ad37f20d8024,1200,800,RGB,326997,train
PHYTO_RAW_2485,Dataset of groundnut plant leaf images for classification and detection/Raw_Data/late leaf spot/IMG_7058.JPG,IMG_7058.JPG,late_leaf_spot,3e83550d3134ec543f0a345d32d4740e1b6fea0a3164aefdeae59a5787dc3a18,1200,800,RGB,343277,train
PHYTO_RAW_2486,Dataset of groundnut plant leaf images for classification and detection/Raw_Data/late leaf spot/IMG_7059.JPG,IMG_7059.JPG,late_leaf_spot,00951c50739d0f694abf903d5f20256aa96b1452770678ca99b4ec72c73a49b6,1200,800,RGB,319375,validation
PHYTO_RAW_2487,Dataset of groundnut plant leaf images for classification and detection/Raw_Data/late leaf spot/IMG_7060.JPG,IMG_7060.JPG,late_leaf_spot,dbf4f9309a8638e4a19c6428d71bdebc8e2224dfb8ac496e7511c5cf9bffe324,1200,800,RGB,331293,validation
PHYTO_RAW_2488,Dataset of groundnut plant leaf images for classification and detection/Raw_Data/late leaf spot/IMG_7061.JPG,IMG_7061.JPG,late_leaf_spot,0accb36f38d315a882fbf92eee02272d9e447f7ab8e2e97204e3b78edcde703f,1200,800,RGB,233527,train
PHYTO_RAW_2489,Dataset of groundnut plant leaf images for classification and detection/Raw_Data/late leaf spot/IMG_7062.JPG,IMG_7062.JPG,late_leaf_spot,4eed33044ff23fd2e4c261426cb4d61ba9f0a85f4170e381f78ab8ee01c9970e,1200,800,RGB,263710,train
PHYTO_RAW_2490,Dataset of groundnut plant leaf images for classification and detection/Raw_Data/late leaf spot/IMG_7063.JPG,IMG_7063.JPG,late_leaf_spot,06a27285999aa7aa6bdcf85e0a8c94182e12c8a2f3f42bffa0b24e16dae1d319,1200,800,RGB,261063,test
PHYTO_RAW_2491,Dataset of groundnut plant leaf images for classification and detection/Raw_Data/late leaf spot/IMG_7064.JPG,IMG_7064.JPG,late_leaf_spot,956e5a2f804fa1ac620d32b1d03d14228f31b6bd779839f9e8db9bc8f4e508a7,1200,800,RGB,243387,train
PHYTO_RAW_2492,Dataset of groundnut plant leaf images for classification and detection/Raw_Data/late leaf spot/IMG_7065.JPG,IMG_7065.JPG,late_leaf_spot,c595da9a2c47cb82bc1214472f734acc48988a6e650a84435d6a19733271e7c3,1200,800,RGB,249350,train
PHYTO_RAW_2493,Dataset of groundnut plant leaf images for classification and detection/Raw_Data/late leaf spot/IMG_7066.JPG,IMG_7066.JPG,late_leaf_spot,d37d79eea111ac498500d575fec6742bf55f2e64743485636716151900fdfda6,1200,800,RGB,241594,train
PHYTO_RAW_2494,Dataset of groundnut plant leaf images for classification and detection/Raw_Data/late leaf spot/IMG_7067.JPG,IMG_7067.JPG,late_leaf_spot,66a61c3010f3bd74f33b7737b066fa71ff7c728fd3877eaea2a076c5bcf1aa0d,1200,800,RGB,233088,validation
PHYTO_RAW_2495,Dataset of groundnut plant leaf images for classification and detection/Raw_Data/late leaf spot/IMG_7068.JPG,IMG_7068.JPG,late_leaf_spot,37246a04eec1d381a2478e7e0dce7fe276b5f9750a573751264d8240e82c7819,1200,800,RGB,241481,test
PHYTO_RAW_2496,Dataset of groundnut plant leaf images for classification and detection/Raw_Data/late leaf spot/IMG_7069.JPG,IMG_7069.JPG,late_leaf_spot,7dc33c016526418986858a033475c0c4f2899499a5df1161de021f37791f7158,1200,800,RGB,323586,train
PHYTO_RAW_2497,Dataset of groundnut plant leaf images for classification and detection/Raw_Data/late leaf spot/IMG_7070.JPG,IMG_7070.JPG,late_leaf_spot,01122714c1766147654a03fda01adea5b55b71137e0296cd78592f16431b2356,1200,800,RGB,334015,train
PHYTO_RAW_2498,Dataset of groundnut plant leaf images for classification and detection/Raw_Data/late leaf spot/IMG_7071.JPG,IMG_7071.JPG,late_leaf_spot,fcd8da6bec67f500dfa9d5cb9a61f28f1e7dedbc7e1b58b815576ff46235fd6d,1200,800,RGB,343167,train
PHYTO_RAW_2499,Dataset of groundnut plant leaf images for classification and detection/Raw_Data/late leaf spot/IMG_7072.JPG,IMG_7072.JPG,late_leaf_spot,9b930f28d80c5e0a86b688b5131f25f09595f97529a409010cdf6e4a53c43f97,1200,800,RGB,583937,train
PHYTO_RAW_2500,Dataset of groundnut plant leaf images for classification and detection/Raw_Data/late leaf spot/IMG_7073.JPG,IMG_7073.JPG,late_leaf_spot,2cce689c83da2781bdfef9ad953824a6c4921e973853f17c9db65bd6438086cc,1200,800,RGB,416389,train
PHYTO_RAW_2501,Dataset of groundnut plant leaf images for classification and detection/Raw_Data/late leaf spot/IMG_7074.JPG,IMG_7074.JPG,late_leaf_spot,e90d626be2311846ea0ebc749d406d487e957b649105fc5f310acec73ccaf255,1200,800,RGB,314165,train
PHYTO_RAW_2502,Dataset of groundnut plant leaf images for classification and detection/Raw_Data/late leaf spot/IMG_7075.JPG,IMG_7075.JPG,late_leaf_spot,b7b0d25e9eb525f1d07507e52ead56b47d65cf4071d68fcc2933e7b59e27d15e,1200,800,RGB,298830,train
PHYTO_RAW_2503,Dataset of groundnut plant leaf images for classification and detection/Raw_Data/late leaf spot/IMG_7076.JPG,IMG_7076.JPG,late_leaf_spot,ec0931864c9d8d3af85d460545a8e9ea524ee50653ce457bf7100327b38b63c2,1200,800,RGB,346659,test
PHYTO_RAW_2504,Dataset of groundnut plant leaf images for classification and detection/Raw_Data/nutrition deficiency/100.JPG,100.JPG,nutrition_deficiency,eb9b650fc7e546e8fac51d7b38d8771f3ec9901ac66802c8ad720398fb2ec8ed,1200,800,RGB,530857,train
PHYTO_RAW_2505,Dataset of groundnut plant leaf images for classification and detection/Raw_Data/nutrition deficiency/101.JPG,101.JPG,nutrition_deficiency,2d0888ad35e1ba76347b5e584c95ebef5388706b6db32c8fba7a738f16b6eae1,1200,800,RGB,517972,train
PHYTO_RAW_2506,Dataset of groundnut plant leaf images for classification and detection/Raw_Data/nutrition deficiency/102.JPG,102.JPG,nutrition_deficiency,f0c8cab7a5c16a4923999ec93d83dd706adfde5ba36024cf6cd8a742ee72683c,1200,800,RGB,489241,validation
PHYTO_RAW_2507,Dataset of groundnut plant leaf images for classification and detection/Raw_Data/nutrition deficiency/21.JPG,21.JPG,nutrition_deficiency,220ecd7f710952fb5ba9cd44e19308e2112244a60aa6acdfb2a4a7b9480074f5,1200,800,RGB,243509,train
PHYTO_RAW_2508,Dataset of groundnut plant leaf images for classification and detection/Raw_Data/nutrition deficiency/22.JPG,22.JPG,nutrition_deficiency,a9412b0d3e477b83445972de5b0cf2e954d0ac3e9a5131857c6d2ae0d0d1c737,1200,800,RGB,248806,validation
PHYTO_RAW_2509,Dataset of groundnut plant leaf images for classification and detection/Raw_Data/nutrition deficiency/23.JPG,23.JPG,nutrition_deficiency,e04055e96d80afbc1ae42454fd651fe619393206a2f7b6718b26c1201579cb31,1200,800,RGB,237614,train
PHYTO_RAW_2510,Dataset of groundnut plant leaf images for classification and detection/Raw_Data/nutrition deficiency/24.JPG,24.JPG,nutrition_deficiency,bba794c220322fcc544e2a541991249332dfe538ba29fbc99755bdcf24d31231,1200,800,RGB,287072,train
PHYTO_RAW_2511,Dataset of groundnut plant leaf images for classification and detection/Raw_Data/nutrition deficiency/25.JPG,25.JPG,nutrition_deficiency,a9d8829ae16931013a4a16964bdbf29d50fe6e7e4a98fb22594a7a826b0f5b0b,1200,800,RGB,285782,train
PHYTO_RAW_2512,Dataset of groundnut plant leaf images for classification and detection/Raw_Data/nutrition deficiency/26.JPG,26.JPG,nutrition_deficiency,caecc3f1f7be29cdf63eb2ddb3a005b2a697d71252ac1c17b90ac4601e07c41c,1200,800,RGB,297967,train
PHYTO_RAW_2513,Dataset of groundnut plant leaf images for classification and detection/Raw_Data/nutrition deficiency/27.JPG,27.JPG,nutrition_deficiency,92fbc9d851c378e0aaea6b9f8a13c7604b3ab14034ca1654d3eec2ec91f8e85d,1200,800,RGB,294561,test
PHYTO_RAW_2514,Dataset of groundnut plant leaf images for classification and detection/Raw_Data/nutrition deficiency/28.JPG,28.JPG,nutrition_deficiency,89e75f3f80821a29b9b6f3dd51773863bfdb00bb6695c9f7b4a51ab322a2de47,1200,800,RGB,300713,test
PHYTO_RAW_2515,Dataset of groundnut plant leaf images for classification and detection/Raw_Data/nutrition deficiency/29.JPG,29.JPG,nutrition_deficiency,a3ba60c95398b1e1bf2da942e172fff334332e5eaa490691801dc0104f6044cb,1200,800,RGB,318897,train
PHYTO_RAW_2516,Dataset of groundnut plant leaf images for classification and detection/Raw_Data/nutrition deficiency/30.JPG,30.JPG,nutrition_deficiency,dde43a58f61dd7f21a91dedbed68cc9b36ebe5f2ec16d7eea8eacebe6ab43733,1200,800,RGB,216041,train
PHYTO_RAW_2517,Dataset of groundnut plant leaf images for classification and detection/Raw_Data/nutrition deficiency/31.JPG,31.JPG,nutrition_deficiency,272fc5a5ed471d8cdf7200465d26a2753d16426fa72f1159c4370b2df0b9a7f6,1200,800,RGB,278366,train
PHYTO_RAW_2518,Dataset of groundnut plant leaf images for classification and detection/Raw_Data/nutrition deficiency/32.JPG,32.JPG,nutrition_deficiency,efe8638d253a762847d492d916114ed51a894f197f30fc45846a0ff51a4c397b,1200,800,RGB,296146,train
PHYTO_RAW_2519,Dataset of groundnut plant leaf images for classification and detection/Raw_Data/nutrition deficiency/33.JPG,33.JPG,nutrition_deficiency,26ea631c9e8b71f7645fea715ea579e8aaf86f93a337fd087d142697eca70cc4,1200,800,RGB,263551,train
PHYTO_RAW_2520,Dataset of groundnut plant leaf images for classification and detection/Raw_Data/nutrition deficiency/34.JPG,34.JPG,nutrition_deficiency,579a3acd9a346a87c058a03bcfa801b36a46b866e7c66ae3c1a13dc1130c45ea,1200,800,RGB,267699,train
PHYTO_RAW_2521,Dataset of groundnut plant leaf images for classification and detection/Raw_Data/nutrition deficiency/35.JPG,35.JPG,nutrition_deficiency,b94459892e5c36aacac12ee1cf2c539c6c3e8b60213566b1128252a965aaef54,1200,800,RGB,284276,test
PHYTO_RAW_2522,Dataset of groundnut plant leaf images for classification and detection/Raw_Data/nutrition deficiency/36.JPG,36.JPG,nutrition_deficiency,86b2a393e9209ace5bf3a5212831a273f6b97cf06a1532db0192c65de78953af,1200,800,RGB,258629,validation
PHYTO_RAW_2523,Dataset of groundnut plant leaf images for classification and detection/Raw_Data/nutrition deficiency/37.JPG,37.JPG,nutrition_deficiency,85444568e77c8b3ae559bb6bbf8200adfd3b3ce1a2cfe351ef7f859d03ba8d37,1200,800,RGB,202884,train
PHYTO_RAW_2524,Dataset of groundnut plant leaf images for classification and detection/Raw_Data/nutrition deficiency/38.JPG,38.JPG,nutrition_deficiency,b138ace084b7a938e8f73771cb7357f15d2032c8c76a3ab4487576841604b7f7,1200,800,RGB,289103,train
PHYTO_RAW_2525,Dataset of groundnut plant leaf images for classification and detection/Raw_Data/nutrition deficiency/39.JPG,39.JPG,nutrition_deficiency,98f9805445458ae010e95f42907c62b00969b03307dc7d20b0aacb41f1ae1208,1200,800,RGB,257875,validation
PHYTO_RAW_2526,Dataset of groundnut plant leaf images for classification and detection/Raw_Data/nutrition deficiency/40.JPG,40.JPG,nutrition_deficiency,17c6be05cff14f1c6da60ebce7c84477a86fa068a0bf00b9ab891921979acdec,1200,800,RGB,312987,validation
PHYTO_RAW_2527,Dataset of groundnut plant leaf images for classification and detection/Raw_Data/nutrition deficiency/41.JPG,41.JPG,nutrition_deficiency,29c4293c37a92826a8ac7c81c4966a9a7de894f2c70921cd5153813383f8d063,1200,800,RGB,248678,train
PHYTO_RAW_2528,Dataset of groundnut plant leaf images for classification and detection/Raw_Data/nutrition deficiency/42.JPG,42.JPG,nutrition_deficiency,ba22679bf80d01aecb0702f5778b7d7613a4989936f674b061325c96f81f64db,1200,800,RGB,256788,validation
PHYTO_RAW_2529,Dataset of groundnut plant leaf images for classification and detection/Raw_Data/nutrition deficiency/43.JPG,43.JPG,nutrition_deficiency,f4b44421abb53d19b6f4282d146b94c7a6c73141a286bcaa9ab795047f8ceafd,1200,800,RGB,253118,train
PHYTO_RAW_2530,Dataset of groundnut plant leaf images for classification and detection/Raw_Data/nutrition deficiency/44.JPG,44.JPG,nutrition_deficiency,4ac5f295a0a354f95167329a6b84d1164ec334a128c999b1212b58b76f42108c,1200,800,RGB,207102,train
PHYTO_RAW_2531,Dataset of groundnut plant leaf images for classification and detection/Raw_Data/nutrition deficiency/45.JPG,45.JPG,nutrition_deficiency,328cff4c0598d403c1aa3b4ddfec14f86e68ca7408467b609902f1110014d862,1200,800,RGB,172283,train
PHYTO_RAW_2532,Dataset of groundnut plant leaf images for classification and detection/Raw_Data/nutrition deficiency/46.JPG,46.JPG,nutrition_deficiency,868753c3b13ccd330bbfde9bb0893a3692d6c474c0ed58b761f4ff74ac082e3a,1200,800,RGB,210281,validation
PHYTO_RAW_2533,Dataset of groundnut plant leaf images for classification and detection/Raw_Data/nutrition deficiency/47.JPG,47.JPG,nutrition_deficiency,f483a17d2067f706da146f04909b131efd62dea38ba4c9f5eee2a89e8f002abe,1200,800,RGB,264583,validation
PHYTO_RAW_2534,Dataset of groundnut plant leaf images for classification and detection/Raw_Data/nutrition deficiency/48.JPG,48.JPG,nutrition_deficiency,e0dc50db4a8870411f295d725679e4dba61c262a60a6991ad6ab634dee8d5429,1200,800,RGB,232007,train
PHYTO_RAW_2535,Dataset of groundnut plant leaf images for classification and detection/Raw_Data/nutrition deficiency/49.JPG,49.JPG,nutrition_deficiency,092fea5ea0107c8df52efbb9daaf8a315079376c43f91ec94f2a155028a5cd6e,1200,800,RGB,229879,test
PHYTO_RAW_2536,Dataset of groundnut plant leaf images for classification and detection/Raw_Data/nutrition deficiency/50.JPG,50.JPG,nutrition_deficiency,990c7b13d4bf3f42d2f8f6197f11e91e84c1372cb68821312e86e90f2052bb42,1200,800,RGB,252456,train
PHYTO_RAW_2537,Dataset of groundnut plant leaf images for classification and detection/Raw_Data/nutrition deficiency/51.JPG,51.JPG,nutrition_deficiency,e391f081b1caa5883e004be6e250e43ca8688104b1d43b5e66983b4d4747032e,1200,800,RGB,549213,train
PHYTO_RAW_2538,Dataset of groundnut plant leaf images for classification and detection/Raw_Data/nutrition deficiency/52.JPG,52.JPG,nutrition_deficiency,c4231514acaf65020a706093476505abed93f224bc91f4255ed192e4b8c973ce,1200,800,RGB,227269,train
PHYTO_RAW_2539,Dataset of groundnut plant leaf images for classification and detection/Raw_Data/nutrition deficiency/53.JPG,53.JPG,nutrition_deficiency,00d9164ef242e6efd037313cfbf3877eb568c5116a986803a1d3c769ffb66c11,1200,800,RGB,190579,train
PHYTO_RAW_2540,Dataset of groundnut plant leaf images for classification and detection/Raw_Data/nutrition deficiency/54.JPG,54.JPG,nutrition_deficiency,04f25c22483cda912c5cfa6aa616e36eee67af86dc5331cf1ce752b4d15ed070,1200,800,RGB,221252,train
PHYTO_RAW_2541,Dataset of groundnut plant leaf images for classification and detection/Raw_Data/nutrition deficiency/55.JPG,55.JPG,nutrition_deficiency,6e35afe5fe3b4c4891ecf971539bb9b8f54ef9b1cb32865360f868368da8653d,1200,800,RGB,198613,train
PHYTO_RAW_2542,Dataset of groundnut plant leaf images for classification and detection/Raw_Data/nutrition deficiency/56.JPG,56.JPG,nutrition_deficiency,4929ee1fb0cea69ef2f4c9b96811271a404b68bcddafe0f07ecb74ed17335027,1200,800,RGB,238543,test
PHYTO_RAW_2543,Dataset of groundnut plant leaf images for classification and detection/Raw_Data/nutrition deficiency/57.JPG,57.JPG,nutrition_deficiency,01590f2e561b98676aa4a0eaa97c58c998547114484c42658690e0193e27b473,1200,800,RGB,247499,train
PHYTO_RAW_2544,Dataset of groundnut plant leaf images for classification and detection/Raw_Data/nutrition deficiency/58.JPG,58.JPG,nutrition_deficiency,55befeec5f49c5d3e80ee7e338134bc68a159cdf00a18947d87af2c082b3d37a,1200,800,RGB,200819,train
PHYTO_RAW_2545,Dataset of groundnut plant leaf images for classification and detection/Raw_Data/nutrition deficiency/59.JPG,59.JPG,nutrition_deficiency,c8beae1989d71c3a790b7aea60fa6f7b257164fb454466276a97f08b607a8e92,1200,800,RGB,271366,train
PHYTO_RAW_2546,Dataset of groundnut plant leaf images for classification and detection/Raw_Data/nutrition deficiency/60.JPG,60.JPG,nutrition_deficiency,832362038a57c7d0d2974baa39c3b460d6c2c0edbcc7962b55922360e2b288e4,1200,800,RGB,265455,train
PHYTO_RAW_2547,Dataset of groundnut plant leaf images for classification and detection/Raw_Data/nutrition deficiency/61.JPG,61.JPG,nutrition_deficiency,0b615b6579843dc7f65c248a449565434a6145f64302f33d6aeb1fb8d919e674,1200,800,RGB,263276,validation
PHYTO_RAW_2548,Dataset of groundnut plant leaf images for classification and detection/Raw_Data/nutrition deficiency/62.JPG,62.JPG,nutrition_deficiency,4f2d06cefb3574ac98acc292c5406640ec57b07871f56ef922bd7d35d275565d,1200,800,RGB,262300,train
PHYTO_RAW_2549,Dataset of groundnut plant leaf images for classification and detection/Raw_Data/nutrition deficiency/63.JPG,63.JPG,nutrition_deficiency,318aa90afec74ba370c73acee2c2e1af10dcf6e396a833a9406d2c7d2b3d96c5,1200,800,RGB,376733,train
PHYTO_RAW_2550,Dataset of groundnut plant leaf images for classification and detection/Raw_Data/nutrition deficiency/64.JPG,64.JPG,nutrition_deficiency,532a9deeb1d5508292f2aecc7c13ed94fe09c543bc29f78d4880f43fba9654d5,1200,800,RGB,226258,train
PHYTO_RAW_2551,Dataset of groundnut plant leaf images for classification and detection/Raw_Data/nutrition deficiency/65.JPG,65.JPG,nutrition_deficiency,c23ac75878e44783000f8fde667092f756174c048e2e135c9af25a28ee5c2bed,1200,800,RGB,207344,train
PHYTO_RAW_2552,Dataset of groundnut plant leaf images for classification and detection/Raw_Data/nutrition deficiency/66.JPG,66.JPG,nutrition_deficiency,7b7ca48ecd52ee7e1de27bf3655334a1a694d24c5587c291423148907e7f92e7,1200,800,RGB,206808,test
PHYTO_RAW_2553,Dataset of groundnut plant leaf images for classification and detection/Raw_Data/nutrition deficiency/67.JPG,67.JPG,nutrition_deficiency,9e5ff460e963635c51992a7870172a8b0108bfe4b334e228e02dd712182349df,1200,800,RGB,240373,validation
PHYTO_RAW_2554,Dataset of groundnut plant leaf images for classification and detection/Raw_Data/nutrition deficiency/68.JPG,68.JPG,nutrition_deficiency,f1988056e778f4ea324b6a7b191cb807eb2b32f3e63b69056d3a16986e3addca,1200,800,RGB,253168,train
PHYTO_RAW_2555,Dataset of groundnut plant leaf images for classification and detection/Raw_Data/nutrition deficiency/69.JPG,69.JPG,nutrition_deficiency,a84352d86509a5e115d4c850df334824deaebd81da7da0de469418617b3b9444,1200,800,RGB,254579,train
PHYTO_RAW_2556,Dataset of groundnut plant leaf images for classification and detection/Raw_Data/nutrition deficiency/70.JPG,70.JPG,nutrition_deficiency,3cab6f7f981a301d23e1c92853cd68a3bc6dec58c6a238b34705d63697df8f9a,1200,800,RGB,277456,train
PHYTO_RAW_2557,Dataset of groundnut plant leaf images for classification and detection/Raw_Data/nutrition deficiency/71.JPG,71.JPG,nutrition_deficiency,c213f3a0248ded6221b0de61096b5d6ea940853cf2ebe0578a951ac8ea892ebf,1200,800,RGB,223377,train
PHYTO_RAW_2558,Dataset of groundnut plant leaf images for classification and detection/Raw_Data/nutrition deficiency/72.JPG,72.JPG,nutrition_deficiency,00a5725976920672edb46a8ffe21633fb16d6d50d768398ed62bfc9330521770,1200,800,RGB,234544,train
PHYTO_RAW_2559,Dataset of groundnut plant leaf images for classification and detection/Raw_Data/nutrition deficiency/73.JPG,73.JPG,nutrition_deficiency,b7c9badc659aea0ee251450683cd89a20f249d90f86efa5f007144ce90dc6416,1200,800,RGB,220223,train
PHYTO_RAW_2560,Dataset of groundnut plant leaf images for classification and detection/Raw_Data/nutrition deficiency/74.JPG,74.JPG,nutrition_deficiency,2bc1b93534ee6241703d1ce813e7d70d4c94a3c6eb751b00c53675c11197d887,1200,800,RGB,231914,train
PHYTO_RAW_2561,Dataset of groundnut plant leaf images for classification and detection/Raw_Data/nutrition deficiency/75.JPG,75.JPG,nutrition_deficiency,f9071cbf1b3a6afccf9ed55a1dcb2d53c1b0e43b2d6c6e768b8d7c2be85b7890,1200,800,RGB,269045,train
PHYTO_RAW_2562,Dataset of groundnut plant leaf images for classification and detection/Raw_Data/nutrition deficiency/76.JPG,76.JPG,nutrition_deficiency,14ee0b1b9c55fc97a963cb483965c3c37949506aa19a3b3f6ca894d7f988c621,1200,800,RGB,218470,train
PHYTO_RAW_2563,Dataset of groundnut plant leaf images for classification and detection/Raw_Data/nutrition deficiency/77.JPG,77.JPG,nutrition_deficiency,fa533ad27e58f3a2c6a9afcd72ea99f0decf855506926a84302028a0a514a006,1200,800,RGB,477636,train
PHYTO_RAW_2564,Dataset of groundnut plant leaf images for classification and detection/Raw_Data/nutrition deficiency/78.JPG,78.JPG,nutrition_deficiency,28d71b7358df03f870bf85dc80b5dec3cc918c1b406d228b9fd8b39c87cce351,1200,800,RGB,275815,train
PHYTO_RAW_2565,Dataset of groundnut plant leaf images for classification and detection/Raw_Data/nutrition deficiency/79.JPG,79.JPG,nutrition_deficiency,958f9afd1578ac88694e138141c2d1faeb5ccf0fd87485cbcfd3f8c1b1626c72,1200,800,RGB,273311,train
PHYTO_RAW_2566,Dataset of groundnut plant leaf images for classification and detection/Raw_Data/nutrition deficiency/80.JPG,80.JPG,nutrition_deficiency,873aa3b682789d8de6de959d6f5abf839327ce3f4795f2aa0d952d6d37aa7541,1200,800,RGB,249453,train
PHYTO_RAW_2567,Dataset of groundnut plant leaf images for classification and detection/Raw_Data/nutrition deficiency/81.JPG,81.JPG,nutrition_deficiency,16d3c2a9375b6caeb88ede2c5e224b58fbbc52b1b3384e40f0f6ba6600ee9369,1200,800,RGB,264148,train
PHYTO_RAW_2568,Dataset of groundnut plant leaf images for classification and detection/Raw_Data/nutrition deficiency/82.JPG,82.JPG,nutrition_deficiency,4f138e30ec2a96c94fdd87177983b507d5e6f46d53389ddf122c243059b034ae,1200,800,RGB,290930,train
PHYTO_RAW_2569,Dataset of groundnut plant leaf images for classification and detection/Raw_Data/nutrition deficiency/83.JPG,83.JPG,nutrition_deficiency,6d3940afa4d291d775947ccbc25137e9910a812035e24d408f7dfad8c6986293,1200,800,RGB,280422,train
PHYTO_RAW_2570,Dataset of groundnut plant leaf images for classification and detection/Raw_Data/nutrition deficiency/84.JPG,84.JPG,nutrition_deficiency,cbf3f055377998a29192a8cd34f785f1db70c777eb0d9135f3d93756800a8d13,1200,800,RGB,305184,train
PHYTO_RAW_2571,Dataset of groundnut plant leaf images for classification and detection/Raw_Data/nutrition deficiency/85.JPG,85.JPG,nutrition_deficiency,053223aa1294b6b2bedf6d2c429898dda88870fe98112983237dd1345343e768,1200,800,RGB,286197,train
PHYTO_RAW_2572,Dataset of groundnut plant leaf images for classification and detection/Raw_Data/nutrition deficiency/86.JPG,86.JPG,nutrition_deficiency,bfde92749c5c134c28f07acadf3ec80f9f2ac86295a17173c8c3f4f3a4fc4e4e,1200,800,RGB,339158,train
PHYTO_RAW_2573,Dataset of groundnut plant leaf images for classification and detection/Raw_Data/nutrition deficiency/87.JPG,87.JPG,nutrition_deficiency,a7e7096bc97c5df4c90a91fcef8053e77a8c4007640577ac5dc34d7dff5761dd,1200,800,RGB,235760,train
PHYTO_RAW_2574,Dataset of groundnut plant leaf images for classification and detection/Raw_Data/nutrition deficiency/88.JPG,88.JPG,nutrition_deficiency,2ff6e3dba20107672699cdd7b23b41c9b9275abceb1ff2658129e9a5bb33a10a,1200,800,RGB,283685,train
PHYTO_RAW_2575,Dataset of groundnut plant leaf images for classification and detection/Raw_Data/nutrition deficiency/89.JPG,89.JPG,nutrition_deficiency,94bccbb76c0fa87a52ba4d8c3f9d6e44dc5cfe4bbb58941fef21b354104d962d,1200,800,RGB,491237,validation
PHYTO_RAW_2576,Dataset of groundnut plant leaf images for classification and detection/Raw_Data/nutrition deficiency/90.JPG,90.JPG,nutrition_deficiency,e69b0ba26ec8331bd8f5785371fc2418d66b0a0d199b96b2d8badd306b884489,1200,800,RGB,355808,train
PHYTO_RAW_2577,Dataset of groundnut plant leaf images for classification and detection/Raw_Data/nutrition deficiency/91.JPG,91.JPG,nutrition_deficiency,e23832980f961b288f1c1e33106fc1f5768deca1b3275bf7583ade776f0e804d,1200,800,RGB,343392,train
PHYTO_RAW_2578,Dataset of groundnut plant leaf images for classification and detection/Raw_Data/nutrition deficiency/92.JPG,92.JPG,nutrition_deficiency,8a17e9f0aa107847f8b90e052d2c714d02ff64594a10629c474850f0d0ccd438,1200,800,RGB,291244,train
PHYTO_RAW_2579,Dataset of groundnut plant leaf images for classification and detection/Raw_Data/nutrition deficiency/93.JPG,93.JPG,nutrition_deficiency,3b7f87eabbc87d48abcd5530b46fe04f9d079e31cca4b8d831b68f9acdbf3e18,1200,800,RGB,420688,train
PHYTO_RAW_2580,Dataset of groundnut plant leaf images for classification and detection/Raw_Data/nutrition deficiency/94.JPG,94.JPG,nutrition_deficiency,09cb9c782594d393e062c7bd7d2b9970fed0ee82ec41cc326ad32cacc271255e,1200,800,RGB,298038,train
PHYTO_RAW_2581,Dataset of groundnut plant leaf images for classification and detection/Raw_Data/nutrition deficiency/95.JPG,95.JPG,nutrition_deficiency,efe5a4c132cdc9d02070d8050428c2d764aec55202bc9b9122ee952f06a28f4f,1200,800,RGB,410556,test
PHYTO_RAW_2582,Dataset of groundnut plant leaf images for classification and detection/Raw_Data/nutrition deficiency/96.JPG,96.JPG,nutrition_deficiency,f6d041e27e6747e3093275a51d6d80c9c532e61a0525bc80abe3029eee3dcdc4,1200,800,RGB,291275,train
PHYTO_RAW_2583,Dataset of groundnut plant leaf images for classification and detection/Raw_Data/nutrition deficiency/97.JPG,97.JPG,nutrition_deficiency,8086f0caf98b85193387342fb96d7da5bb1ef0ebbbf0ce50d3676c8ce6291a3a,1200,800,RGB,273329,train
PHYTO_RAW_2584,Dataset of groundnut plant leaf images for classification and detection/Raw_Data/nutrition deficiency/98.JPG,98.JPG,nutrition_deficiency,f1874376b7f568c48e18633a3982e8f0d2f3af5f26234c190b34352d9bd79309,1200,800,RGB,321814,train
PHYTO_RAW_2585,Dataset of groundnut plant leaf images for classification and detection/Raw_Data/nutrition deficiency/99.JPG,99.JPG,nutrition_deficiency,4357b656f945efd29a7707d397cf0f2ae96c50ea377c84af1df27b55a2470922,1200,800,RGB,135440,train
PHYTO_RAW_2586,Dataset of groundnut plant leaf images for classification and detection/Raw_Data/nutrition deficiency/IMG_3156.JPG,IMG_3156.JPG,nutrition_deficiency,7d9af92bf3b73dcd0699c51faa2a0c56f7cc55ba85e5003b50fd5d478a165a5d,1200,800,RGB,255809,train
PHYTO_RAW_2587,Dataset of groundnut plant leaf images for classification and detection/Raw_Data/nutrition deficiency/IMG_3157.JPG,IMG_3157.JPG,nutrition_deficiency,e5e9a467ab05109d696bcabfabd7a39d10bc92e3dd48be186a57bd8a44bf398c,1200,800,RGB,225663,train
PHYTO_RAW_2588,Dataset of groundnut plant leaf images for classification and detection/Raw_Data/nutrition deficiency/IMG_3158.JPG,IMG_3158.JPG,nutrition_deficiency,ec1234fd38ed67848ba2698383a964a98577a25b491e0b2bd1d7fe11624ae72b,1200,800,RGB,279298,train
PHYTO_RAW_2589,Dataset of groundnut plant leaf images for classification and detection/Raw_Data/nutrition deficiency/IMG_3159.JPG,IMG_3159.JPG,nutrition_deficiency,ffcda93b1dd6fb20853f605073f1907f761d17347eba07090fd162b747656f24,1200,800,RGB,256428,validation
PHYTO_RAW_2590,Dataset of groundnut plant leaf images for classification and detection/Raw_Data/nutrition deficiency/IMG_3160.JPG,IMG_3160.JPG,nutrition_deficiency,cca7aafbcd634a8ceabe1bc8be37d370b273dee19b28b89648fb95137338cf6e,1200,800,RGB,324353,train
PHYTO_RAW_2591,Dataset of groundnut plant leaf images for classification and detection/Raw_Data/nutrition deficiency/IMG_3161.JPG,IMG_3161.JPG,nutrition_deficiency,2689fcf84705db920bd64f078bd6aeb1f34021a33396cee3da6ec269c9042802,1200,800,RGB,319652,validation
PHYTO_RAW_2592,Dataset of groundnut plant leaf images for classification and detection/Raw_Data/nutrition deficiency/IMG_3162.JPG,IMG_3162.JPG,nutrition_deficiency,e96bd6016ca194288a64b6bf99927f8e3060a0801f1090014b67a5a61bb37abd,1200,800,RGB,223636,train
PHYTO_RAW_2593,Dataset of groundnut plant leaf images for classification and detection/Raw_Data/nutrition deficiency/IMG_3163.JPG,IMG_3163.JPG,nutrition_deficiency,d68e8fed71a55674650e0a89607a0a95b29daa5b5388fc7c87e2ae22e65fd8cf,1200,800,RGB,256301,train
PHYTO_RAW_2594,Dataset of groundnut plant leaf images for classification and detection/Raw_Data/nutrition deficiency/IMG_3164.JPG,IMG_3164.JPG,nutrition_deficiency,7095244dfac4180a8def3b52692131772203a21aca76b76c9eebc12e6671cc62,1200,800,RGB,272650,train
PHYTO_RAW_2595,Dataset of groundnut plant leaf images for classification and detection/Raw_Data/nutrition deficiency/IMG_3165.JPG,IMG_3165.JPG,nutrition_deficiency,4080291fd5e996641bcff07bdb17bd08cd73eaa5a5ccbbee319bcb75b766de15,1200,800,RGB,410573,train
PHYTO_RAW_2596,Dataset of groundnut plant leaf images for classification and detection/Raw_Data/nutrition deficiency/IMG_3166.JPG,IMG_3166.JPG,nutrition_deficiency,fec9dc00f959f7bb61b22a7c2afba4e857d0855cf9e444845ab667a848672bd2,1200,800,RGB,631598,train
PHYTO_RAW_2597,Dataset of groundnut plant leaf images for classification and detection/Raw_Data/nutrition deficiency/IMG_3167.JPG,IMG_3167.JPG,nutrition_deficiency,121677455af7604d51eac082eab62122a2d9ec2f9f6e16d0d89d235ad2a2c99d,1200,800,RGB,187648,train
PHYTO_RAW_2598,Dataset of groundnut plant leaf images for classification and detection/Raw_Data/nutrition deficiency/IMG_3168.JPG,IMG_3168.JPG,nutrition_deficiency,9523162ed1795a3abfe7129d540028a99012950c0579938a4c90c4c22bd91075,1200,800,RGB,187858,validation
PHYTO_RAW_2599,Dataset of groundnut plant leaf images for classification and detection/Raw_Data/nutrition deficiency/IMG_3169.JPG,IMG_3169.JPG,nutrition_deficiency,f3e8d2e403d2fe0c05d78fb28f542648d7c2a351d0782bc753cbc2145cd3002f,1200,800,RGB,163813,train
PHYTO_RAW_2600,Dataset of groundnut plant leaf images for classification and detection/Raw_Data/nutrition deficiency/IMG_3170.JPG,IMG_3170.JPG,nutrition_deficiency,11ebc6877136059c203e29b64bb10e8d650fd0cc7155b7466d09d9dd0fbbbf09,1200,800,RGB,163959,train
PHYTO_RAW_2601,Dataset of groundnut plant leaf images for classification and detection/Raw_Data/nutrition deficiency/IMG_3171.JPG,IMG_3171.JPG,nutrition_deficiency,e4b841f83e86e16a871c44e6e642020d6b6d621025275bb52b0a4b19fa79b4f7,1200,800,RGB,184428,train
PHYTO_RAW_2602,Dataset of groundnut plant leaf images for classification and detection/Raw_Data/nutrition deficiency/IMG_3172.JPG,IMG_3172.JPG,nutrition_deficiency,f00781ee7f75f989213a7f4120ea9de30b12b5aaf6e5b2d5646a88ba67cb5ffe,1200,800,RGB,189315,train
PHYTO_RAW_2603,Dataset of groundnut plant leaf images for classification and detection/Raw_Data/nutrition deficiency/IMG_3173.JPG,IMG_3173.JPG,nutrition_deficiency,dfa320968225959ffd58b87418548109c0f5bcfbc941f03bf9b1dfc57ade6ba8,1200,800,RGB,200000,train
PHYTO_RAW_2604,Dataset of groundnut plant leaf images for classification and detection/Raw_Data/nutrition deficiency/IMG_3174.JPG,IMG_3174.JPG,nutrition_deficiency,1e02ba1466295173fab65f6850439ba09b7688b984374bc33b14a6e77a1e8906,1200,800,RGB,223257,train
PHYTO_RAW_2605,Dataset of groundnut plant leaf images for classification and detection/Raw_Data/nutrition deficiency/IMG_3175.JPG,IMG_3175.JPG,nutrition_deficiency,ea25388d8208cbf564c0685ed0da716508e324a73b88cfe1d5ccc6398076ed11,1200,800,RGB,215870,train
PHYTO_RAW_2606,Dataset of groundnut plant leaf images for classification and detection/Raw_Data/nutrition deficiency/IMG_3176.JPG,IMG_3176.JPG,nutrition_deficiency,8f9e751602e39dd6d98689611a20ac4ac02606d6b5d3adad7b0d217b636afa8f,1200,800,RGB,207687,train
PHYTO_RAW_2607,Dataset of groundnut plant leaf images for classification and detection/Raw_Data/nutrition deficiency/IMG_3177.JPG,IMG_3177.JPG,nutrition_deficiency,6d00c6361c186e2c9cbd0f54d83b1b4815f0cab1eee5a85de54d19d1835e5779,1200,800,RGB,227403,validation
PHYTO_RAW_2608,Dataset of groundnut plant leaf images for classification and detection/Raw_Data/nutrition deficiency/IMG_3178.JPG,IMG_3178.JPG,nutrition_deficiency,9bc1bf6a28f7529422dd587bc5526e6aa247eb8ed47c81d893bd24dc9ee224c2,1200,800,RGB,208658,test
PHYTO_RAW_2609,Dataset of groundnut plant leaf images for classification and detection/Raw_Data/nutrition deficiency/IMG_3179.JPG,IMG_3179.JPG,nutrition_deficiency,ce8ca79e9b6876305570f84b8647d28a1104896c6286ea8e92cb21e2a98000ea,1200,800,RGB,211711,validation
PHYTO_RAW_2610,Dataset of groundnut plant leaf images for classification and detection/Raw_Data/nutrition deficiency/IMG_3180.JPG,IMG_3180.JPG,nutrition_deficiency,b52df2b6c1c5a1088cd94853a753359fb29eed4ed439c65d8a36bf1b81c7050c,1200,800,RGB,194039,train
PHYTO_RAW_2611,Dataset of groundnut plant leaf images for classification and detection/Raw_Data/nutrition deficiency/IMG_3181.JPG,IMG_3181.JPG,nutrition_deficiency,6727f5d81eef8900eaa4a21d597906896b4f2336292e316629de5d14535aba91,1200,800,RGB,190148,validation
PHYTO_RAW_2612,Dataset of groundnut plant leaf images for classification and detection/Raw_Data/nutrition deficiency/IMG_3182.JPG,IMG_3182.JPG,nutrition_deficiency,e81f9a35456aa270a25b5e55a1c7c87e0154084ccb5b6262890d0e18523c5eb0,1200,800,RGB,185263,train
PHYTO_RAW_2613,Dataset of groundnut plant leaf images for classification and detection/Raw_Data/nutrition deficiency/IMG_3183.JPG,IMG_3183.JPG,nutrition_deficiency,55b90454120b397fb60db4e3eb4e41d68c3ef860aec3f47ba0924c927e75c98a,1200,800,RGB,193380,train
PHYTO_RAW_2614,Dataset of groundnut plant leaf images for classification and detection/Raw_Data/nutrition deficiency/IMG_3184.JPG,IMG_3184.JPG,nutrition_deficiency,8745070887819cfa783853523344c57d77ab3ddd7ec6e48589d861a8b9610695,1200,800,RGB,227663,validation
PHYTO_RAW_2615,Dataset of groundnut plant leaf images for classification and detection/Raw_Data/nutrition deficiency/IMG_3185.JPG,IMG_3185.JPG,nutrition_deficiency,f9bd5c7cd67c9406e32a72bdfe5d535674096008637b9286ac6554bdec8bf72b,1200,800,RGB,187145,train
PHYTO_RAW_2616,Dataset of groundnut plant leaf images for classification and detection/Raw_Data/nutrition deficiency/IMG_3186.JPG,IMG_3186.JPG,nutrition_deficiency,c7c22f6be6e55a81c7a0ecc3e47e0c7864ebaf2bf2fe54603006fdbbaf85cd71,1200,800,RGB,197720,test
PHYTO_RAW_2617,Dataset of groundnut plant leaf images for classification and detection/Raw_Data/nutrition deficiency/IMG_3187.JPG,IMG_3187.JPG,nutrition_deficiency,b680d8bd84947190c84c0469cf47a8cdf489dc7ae314f392807848c8a85cf7a2,1200,800,RGB,205240,test
PHYTO_RAW_2618,Dataset of groundnut plant leaf images for classification and detection/Raw_Data/nutrition deficiency/IMG_3188.JPG,IMG_3188.JPG,nutrition_deficiency,cc728d5c5ff7032090cc96d9c505fb6392fd85e589e5987d7e384d3cb4faad83,1200,800,RGB,196279,train
PHYTO_RAW_2619,Dataset of groundnut plant leaf images for classification and detection/Raw_Data/nutrition deficiency/IMG_3189.JPG,IMG_3189.JPG,nutrition_deficiency,3d112f685a45e19d2ec4ec385635c1b9ccec34bad932e7f04e8154941fe15901,1200,800,RGB,227381,train
PHYTO_RAW_2620,Dataset of groundnut plant leaf images for classification and detection/Raw_Data/nutrition deficiency/IMG_3190.JPG,IMG_3190.JPG,nutrition_deficiency,97385ae3c45db0e44c8e30cec70389902313ec9811f76476667da16f0c190415,1200,800,RGB,359481,train
PHYTO_RAW_2621,Dataset of groundnut plant leaf images for classification and detection/Raw_Data/nutrition deficiency/IMG_3191.JPG,IMG_3191.JPG,nutrition_deficiency,b12366f0631c859782d25ff18442d4ad01e2af9f2d98628b3fc14fbea5e10e47,1200,800,RGB,428924,validation
PHYTO_RAW_2622,Dataset of groundnut plant leaf images for classification and detection/Raw_Data/nutrition deficiency/IMG_3192.JPG,IMG_3192.JPG,nutrition_deficiency,59fcaee947aebd846ab809f51a985264ec68b152b1c897e9a0ecaf37fccd8718,1200,800,RGB,390696,test
PHYTO_RAW_2623,Dataset of groundnut plant leaf images for classification and detection/Raw_Data/nutrition deficiency/IMG_3483.JPG,IMG_3483.JPG,nutrition_deficiency,e6c95eaab2921f4056843c4030a28fb3a33e3c78eb8d23f7db0c64b7e7ad20b7,1200,800,RGB,263226,train
PHYTO_RAW_2624,Dataset of groundnut plant leaf images for classification and detection/Raw_Data/nutrition deficiency/IMG_3484.JPG,IMG_3484.JPG,nutrition_deficiency,909fca760394b4be6e36e6f2b9ad355cca6c3a43808576234afe034b2939bdbb,1200,800,RGB,224248,train
PHYTO_RAW_2625,Dataset of groundnut plant leaf images for classification and detection/Raw_Data/nutrition deficiency/IMG_3485.JPG,IMG_3485.JPG,nutrition_deficiency,f9e516b49a4fdf30bfb28fa4a80ecc2cbdb2d5648ef1914c4980846ee8943525,1200,800,RGB,187077,test
PHYTO_RAW_2626,Dataset of groundnut plant leaf images for classification and detection/Raw_Data/nutrition deficiency/IMG_3486.JPG,IMG_3486.JPG,nutrition_deficiency,8ce4beb7778cac62f690323fd3a1dd9622a95ce0b76da9e8ec4f82e432b67c9e,1200,800,RGB,194791,train
PHYTO_RAW_2627,Dataset of groundnut plant leaf images for classification and detection/Raw_Data/nutrition deficiency/IMG_3487.JPG,IMG_3487.JPG,nutrition_deficiency,94491a1a80c7ec23aab400824192e135d513b161e534cfb52904e04facdff10d,1200,800,RGB,228780,test
PHYTO_RAW_2628,Dataset of groundnut plant leaf images for classification and detection/Raw_Data/nutrition deficiency/IMG_3488.JPG,IMG_3488.JPG,nutrition_deficiency,aa873378c14156d7480f1369e40a183accc3c281a6977dd48b5c8032bd08ffc9,1200,800,RGB,222138,train
PHYTO_RAW_2629,Dataset of groundnut plant leaf images for classification and detection/Raw_Data/nutrition deficiency/IMG_3489.JPG,IMG_3489.JPG,nutrition_deficiency,2f5105a713148feef66ae4dca3ef8f82dd8650a7ce23641ef0301a21b8a75b92,1200,800,RGB,250713,test
PHYTO_RAW_2630,Dataset of groundnut plant leaf images for classification and detection/Raw_Data/nutrition deficiency/IMG_3490.JPG,IMG_3490.JPG,nutrition_deficiency,07a3b17c1daf04f2cd92df2bb1af515cb1bb78e512593cf2dd7d2b140932ea31,1200,800,RGB,262816,train
PHYTO_RAW_2631,Dataset of groundnut plant leaf images for classification and detection/Raw_Data/nutrition deficiency/IMG_3491.JPG,IMG_3491.JPG,nutrition_deficiency,b9082cda748c93ab4ecab1e015506bf2898935408b03a903a77e725e92cf1c45,1200,800,RGB,269434,validation
PHYTO_RAW_2632,Dataset of groundnut plant leaf images for classification and detection/Raw_Data/nutrition deficiency/IMG_3492.JPG,IMG_3492.JPG,nutrition_deficiency,545408c414157954e20c6d64d4fa865befaa9a375830f33012d2b4df45b59c57,1200,800,RGB,271447,validation
PHYTO_RAW_2633,Dataset of groundnut plant leaf images for classification and detection/Raw_Data/nutrition deficiency/IMG_3493.JPG,IMG_3493.JPG,nutrition_deficiency,159d3b7c0364038d8d4fd5fcd1b3e4522d02d2b897fa035c9ddd4265cc1cab7e,1200,800,RGB,242560,train
PHYTO_RAW_2634,Dataset of groundnut plant leaf images for classification and detection/Raw_Data/nutrition deficiency/IMG_3494.JPG,IMG_3494.JPG,nutrition_deficiency,767d03f7ff99eae3320294878b1330c727d76c21aff25969bbd14ea932955592,1200,800,RGB,197721,train
PHYTO_RAW_2635,Dataset of groundnut plant leaf images for classification and detection/Raw_Data/nutrition deficiency/IMG_3495.JPG,IMG_3495.JPG,nutrition_deficiency,20ab8ead988a6c1242efffe54a5717c2e1b29f5da5ae96adf90dd72a9a3fd706,1200,800,RGB,218172,validation
PHYTO_RAW_2636,Dataset of groundnut plant leaf images for classification and detection/Raw_Data/nutrition deficiency/IMG_3496.JPG,IMG_3496.JPG,nutrition_deficiency,6e0c316b14a5f242a5c228f4a4f723ec5095cfd107ef9d6211e52b64a4cb5f76,1200,800,RGB,235985,train
PHYTO_RAW_2637,Dataset of groundnut plant leaf images for classification and detection/Raw_Data/nutrition deficiency/IMG_3497.JPG,IMG_3497.JPG,nutrition_deficiency,b247dccf972393eea1f559e622a9b8603d5b4b5865ea6e41362309dfaf4fd1e6,1200,800,RGB,265823,train
PHYTO_RAW_2638,Dataset of groundnut plant leaf images for classification and detection/Raw_Data/nutrition deficiency/IMG_3498.JPG,IMG_3498.JPG,nutrition_deficiency,1dae1b2d22dc581d88943ea927f99a976bb17218cfdf1fc4cdb3b4daf3fd8927,1200,800,RGB,312760,validation
PHYTO_RAW_2639,Dataset of groundnut plant leaf images for classification and detection/Raw_Data/nutrition deficiency/IMG_3499.JPG,IMG_3499.JPG,nutrition_deficiency,4497107db695b3725a48567f819cb1f6aaa0949ffdf2591c254a7e4c6388c0ad,1200,800,RGB,236292,test
PHYTO_RAW_2640,Dataset of groundnut plant leaf images for classification and detection/Raw_Data/nutrition deficiency/IMG_3500.JPG,IMG_3500.JPG,nutrition_deficiency,d287c3e2fb66d1d43b86d9b368109b6149ba1501761f6f8ad56d8d68b6afa459,1200,800,RGB,393307,train
PHYTO_RAW_2641,Dataset of groundnut plant leaf images for classification and detection/Raw_Data/nutrition deficiency/IMG_3501.JPG,IMG_3501.JPG,nutrition_deficiency,90d7f8b231db65db5253928838d48cf2c2a2ce25ac82701f366678b63a507286,1200,800,RGB,210366,train
PHYTO_RAW_2642,Dataset of groundnut plant leaf images for classification and detection/Raw_Data/nutrition deficiency/IMG_3502.JPG,IMG_3502.JPG,nutrition_deficiency,5095db5ab587b5a708ed49fce0654538a97aa232f8292138c993ccc94fd9515c,1200,800,RGB,304108,train
PHYTO_RAW_2643,Dataset of groundnut plant leaf images for classification and detection/Raw_Data/nutrition deficiency/IMG_3503.JPG,IMG_3503.JPG,nutrition_deficiency,39b3c2741672cb918c07b6769a7d1cce91c34b2cd7ffb37c9c45cadef7d06c41,1200,800,RGB,294165,test
PHYTO_RAW_2644,Dataset of groundnut plant leaf images for classification and detection/Raw_Data/nutrition deficiency/IMG_3504.JPG,IMG_3504.JPG,nutrition_deficiency,85df1418c86be077ea8f8e4afbee7294b291028b2ffa6a277a0c36a48991bb4a,1200,800,RGB,293699,train
PHYTO_RAW_2645,Dataset of groundnut plant leaf images for classification and detection/Raw_Data/nutrition deficiency/IMG_3505.JPG,IMG_3505.JPG,nutrition_deficiency,ec10a1fb12c0fdff395a3ed6ec6ce4bf5fe632e5270f45a37d0abe54ede5a130,1200,800,RGB,274197,train
PHYTO_RAW_2646,Dataset of groundnut plant leaf images for classification and detection/Raw_Data/nutrition deficiency/IMG_3506.JPG,IMG_3506.JPG,nutrition_deficiency,f8e1852a6fc6cd718bb6ef45c4f886d7783fa237ac08a6781780ebc7edb5aaa1,1200,800,RGB,337597,train
PHYTO_RAW_2647,Dataset of groundnut plant leaf images for classification and detection/Raw_Data/nutrition deficiency/IMG_3507.JPG,IMG_3507.JPG,nutrition_deficiency,618f931dfcf8f5ca8d04b868201eb311041b1af21a6ad8142ffc16c162d5b58d,1200,800,RGB,265763,validation
PHYTO_RAW_2648,Dataset of groundnut plant leaf images for classification and detection/Raw_Data/nutrition deficiency/IMG_3508.JPG,IMG_3508.JPG,nutrition_deficiency,57c5b2ef0ca7f1e9ace752be4bfd7b6af1cc5ab976a3bdd10b7973b9879cd554,1200,800,RGB,273466,train
PHYTO_RAW_2649,Dataset of groundnut plant leaf images for classification and detection/Raw_Data/nutrition deficiency/IMG_3509.JPG,IMG_3509.JPG,nutrition_deficiency,8e63e139b349760456afeff1887037cdad3c2ee95486f5c52a2f3b27a313e32f,1200,800,RGB,260367,train
PHYTO_RAW_2650,Dataset of groundnut plant leaf images for classification and detection/Raw_Data/nutrition deficiency/IMG_3510.JPG,IMG_3510.JPG,nutrition_deficiency,38bfdb3b01408660f536fdd9b32053b1d427008d08e41715050173a099132484,1200,800,RGB,425670,train
PHYTO_RAW_2651,Dataset of groundnut plant leaf images for classification and detection/Raw_Data/nutrition deficiency/IMG_3511.JPG,IMG_3511.JPG,nutrition_deficiency,1c5508c04965c8e625f67ccd29835e6ef1227e879036a687fffc75e23ea499c4,1200,800,RGB,499539,train
PHYTO_RAW_2652,Dataset of groundnut plant leaf images for classification and detection/Raw_Data/nutrition deficiency/IMG_3512.JPG,IMG_3512.JPG,nutrition_deficiency,c668f7c07f2c4e085cdceb02498dda3574f3fb8000ad87e55ad260b68af1191e,1200,800,RGB,444953,test
PHYTO_RAW_2653,Dataset of groundnut plant leaf images for classification and detection/Raw_Data/nutrition deficiency/IMG_3513.JPG,IMG_3513.JPG,nutrition_deficiency,fc63757c145d4a06e5e5cdf09193d6e485120eff5e73c756c079e1b7b1a7d4b9,1200,800,RGB,666823,validation
PHYTO_RAW_2654,Dataset of groundnut plant leaf images for classification and detection/Raw_Data/nutrition deficiency/IMG_3515.JPG,IMG_3515.JPG,nutrition_deficiency,bc3fa9df1b97aea9f9650447a74130a997d432d8d72049fc63ab12328b588bd5,1200,800,RGB,310357,validation
PHYTO_RAW_2655,Dataset of groundnut plant leaf images for classification and detection/Raw_Data/nutrition deficiency/IMG_3516.JPG,IMG_3516.JPG,nutrition_deficiency,e5e2e8e96b63fd3b72ad22e9e8c6384be803126bc9a8e409bef3e8be343c5a87,1200,800,RGB,365387,train
PHYTO_RAW_2656,Dataset of groundnut plant leaf images for classification and detection/Raw_Data/nutrition deficiency/IMG_3760.JPG,IMG_3760.JPG,nutrition_deficiency,353131dd7f9dfb9069000325ac62a21a67a95d33b385b22b77bf034d66472d5b,1200,800,RGB,251118,test
PHYTO_RAW_2657,Dataset of groundnut plant leaf images for classification and detection/Raw_Data/nutrition deficiency/IMG_3761.JPG,IMG_3761.JPG,nutrition_deficiency,247bbad595e1f8166ad92fc6254f32e6d85355b72e45fe2ca91f5c70fe4fd9c7,1200,800,RGB,257688,train
PHYTO_RAW_2658,Dataset of groundnut plant leaf images for classification and detection/Raw_Data/nutrition deficiency/IMG_3762.JPG,IMG_3762.JPG,nutrition_deficiency,cda8434a1242dc536a69d4141ce9e2ddfbb5d86e3cf28bee44761afdc4d1c768,1200,800,RGB,288544,train
PHYTO_RAW_2659,Dataset of groundnut plant leaf images for classification and detection/Raw_Data/nutrition deficiency/IMG_3763.JPG,IMG_3763.JPG,nutrition_deficiency,5180ebd831c50437e7a2131d30922b781079e0306a8ef0e647579e4eb42103e9,1200,800,RGB,262242,train
PHYTO_RAW_2660,Dataset of groundnut plant leaf images for classification and detection/Raw_Data/nutrition deficiency/IMG_3764.JPG,IMG_3764.JPG,nutrition_deficiency,191f7004063d12cfaaf76a0d3a77a23326eae36fa192d60e32c675c942b0b514,1200,800,RGB,287517,validation
PHYTO_RAW_2661,Dataset of groundnut plant leaf images for classification and detection/Raw_Data/nutrition deficiency/IMG_3765.JPG,IMG_3765.JPG,nutrition_deficiency,55c6c3b4d56ab9d6e4d9a2a9480c0ff65629f1ef23c92637103dd38352decbaa,1200,800,RGB,290953,train
PHYTO_RAW_2662,Dataset of groundnut plant leaf images for classification and detection/Raw_Data/nutrition deficiency/IMG_3766.JPG,IMG_3766.JPG,nutrition_deficiency,132fad7eb62ed4931533e828f137162b52c424829883c42d1bd645513f09bc41,1200,800,RGB,360059,train
PHYTO_RAW_2663,Dataset of groundnut plant leaf images for classification and detection/Raw_Data/nutrition deficiency/IMG_3767.JPG,IMG_3767.JPG,nutrition_deficiency,280a57624102c11cd158b3f8799fa72ca479ffb68a798fdb9246cd89d918cc59,1200,800,RGB,326222,test
PHYTO_RAW_2664,Dataset of groundnut plant leaf images for classification and detection/Raw_Data/nutrition deficiency/IMG_3768.JPG,IMG_3768.JPG,nutrition_deficiency,7fa9e9fed5553aeb4febfe1753732736672c9f71cd29a5db145262348ff57c0f,1200,800,RGB,283873,train
PHYTO_RAW_2665,Dataset of groundnut plant leaf images for classification and detection/Raw_Data/nutrition deficiency/IMG_3769.JPG,IMG_3769.JPG,nutrition_deficiency,089592e1e1b60d4d67e9d17f5c163af09394b79c5fdae0a9edf0bf2a13c751c2,1200,800,RGB,300712,train
PHYTO_RAW_2666,Dataset of groundnut plant leaf images for classification and detection/Raw_Data/nutrition deficiency/IMG_3770.JPG,IMG_3770.JPG,nutrition_deficiency,cc78f1dacc3b1d399fafad1f8793c1e45e78aaf994a4c0466117fee913e463fd,1200,800,RGB,250529,train
PHYTO_RAW_2667,Dataset of groundnut plant leaf images for classification and detection/Raw_Data/nutrition deficiency/IMG_3771.JPG,IMG_3771.JPG,nutrition_deficiency,579f90684205d1c3ca7789c718fd4f57e910a96957a3cc39d8ca46612d26e3b6,1200,800,RGB,256591,test
PHYTO_RAW_2668,Dataset of groundnut plant leaf images for classification and detection/Raw_Data/nutrition deficiency/IMG_3772.JPG,IMG_3772.JPG,nutrition_deficiency,74974e8d192b0ce9517756f8e6507742d72e1ac380128fc850f520a55c4b97f6,1200,800,RGB,263911,train
PHYTO_RAW_2669,Dataset of groundnut plant leaf images for classification and detection/Raw_Data/nutrition deficiency/IMG_3773.JPG,IMG_3773.JPG,nutrition_deficiency,893e3170cdb05b5d24a6f345b7035fd376522e166fa00390f0591f0688878eb8,1200,800,RGB,231552,train
PHYTO_RAW_2670,Dataset of groundnut plant leaf images for classification and detection/Raw_Data/nutrition deficiency/IMG_3774.JPG,IMG_3774.JPG,nutrition_deficiency,8722d2bfae50fb53e056a06e8e2c8493bd639984f8ea26a88f028d30d0f6c643,1200,800,RGB,280454,train
PHYTO_RAW_2671,Dataset of groundnut plant leaf images for classification and detection/Raw_Data/nutrition deficiency/IMG_3775.JPG,IMG_3775.JPG,nutrition_deficiency,243cc4157347c4038e1299ea363781eec2dd4d186062d7519c80f3a290777949,1200,800,RGB,223393,train
PHYTO_RAW_2672,Dataset of groundnut plant leaf images for classification and detection/Raw_Data/nutrition deficiency/IMG_3776.JPG,IMG_3776.JPG,nutrition_deficiency,5e987bfdf71ae1a3eae7e39edaac2b49c732fa753c344005caf725058597579f,1200,800,RGB,235076,test
PHYTO_RAW_2673,Dataset of groundnut plant leaf images for classification and detection/Raw_Data/nutrition deficiency/IMG_3777.JPG,IMG_3777.JPG,nutrition_deficiency,5bdcb78593d905f75924413159e66c879a88713f91d492fa9daef171a0c5f22b,1200,800,RGB,224607,train
PHYTO_RAW_2674,Dataset of groundnut plant leaf images for classification and detection/Raw_Data/nutrition deficiency/IMG_3778.JPG,IMG_3778.JPG,nutrition_deficiency,fffe66c156383476006429b8ecea9c1db4a1f963263b261d2ebd541a1881a552,1200,800,RGB,243693,validation
PHYTO_RAW_2675,Dataset of groundnut plant leaf images for classification and detection/Raw_Data/nutrition deficiency/IMG_3779.JPG,IMG_3779.JPG,nutrition_deficiency,d5fe2c7f814143b1429cbe6ba2558e558d6034e5f88bca95f3e673e0967f2478,1200,800,RGB,265896,test
PHYTO_RAW_2676,Dataset of groundnut plant leaf images for classification and detection/Raw_Data/nutrition deficiency/IMG_3780.JPG,IMG_3780.JPG,nutrition_deficiency,07cc73ae401be4f33f65399d5fb0a3f8eabe4c51376502369cce9f0a1cbb7757,1200,800,RGB,274595,train
PHYTO_RAW_2677,Dataset of groundnut plant leaf images for classification and detection/Raw_Data/nutrition deficiency/IMG_3781.JPG,IMG_3781.JPG,nutrition_deficiency,948af05713bbabf5341fef1a3e0e47c09ed8771d529f83e2bd59309c98569872,1200,800,RGB,228413,test
PHYTO_RAW_2678,Dataset of groundnut plant leaf images for classification and detection/Raw_Data/nutrition deficiency/IMG_3782.JPG,IMG_3782.JPG,nutrition_deficiency,c894e664242aa808f5a1bb5fad7ab0452cdda429f4488893667ccf690c2ac6f8,1200,800,RGB,248135,train
PHYTO_RAW_2679,Dataset of groundnut plant leaf images for classification and detection/Raw_Data/nutrition deficiency/IMG_3783.JPG,IMG_3783.JPG,nutrition_deficiency,dad7a5ed1c437081693e97509e24d23bd9164ce1f85bc864c3c4fae36a53eb7e,1200,800,RGB,272941,train
PHYTO_RAW_2680,Dataset of groundnut plant leaf images for classification and detection/Raw_Data/nutrition deficiency/IMG_3784.JPG,IMG_3784.JPG,nutrition_deficiency,82ea85b465f4efbda46269a05e45b528de8e1d2499b7d0aa346b8c18c5ff9a33,1200,800,RGB,237082,train
PHYTO_RAW_2681,Dataset of groundnut plant leaf images for classification and detection/Raw_Data/nutrition deficiency/IMG_3785.JPG,IMG_3785.JPG,nutrition_deficiency,3d3070c09fa75ab2ca9b72cde8ba4c6ed098620c08877a38dbbb1f59f3e4c5ae,1200,800,RGB,219502,train
PHYTO_RAW_2682,Dataset of groundnut plant leaf images for classification and detection/Raw_Data/nutrition deficiency/IMG_3786.JPG,IMG_3786.JPG,nutrition_deficiency,92f3389d7ee522dbf25d3f4ca7a4a527c138e5dcb8f82f5a60edd2e78fcff270,1200,800,RGB,246031,train
PHYTO_RAW_2683,Dataset of groundnut plant leaf images for classification and detection/Raw_Data/nutrition deficiency/IMG_3787.JPG,IMG_3787.JPG,nutrition_deficiency,a6d211338e2acb2a44f63521ab9c0ec900f4c4bf1a58582b5d3e9faf75e2e0e2,1200,800,RGB,480711,train
PHYTO_RAW_2684,Dataset of groundnut plant leaf images for classification and detection/Raw_Data/nutrition deficiency/IMG_3788.JPG,IMG_3788.JPG,nutrition_deficiency,d88306d3a8fcd0bc842bf203b75757d6bb7354841229688aa118727793275ff0,1200,800,RGB,406547,test
PHYTO_RAW_2685,Dataset of groundnut plant leaf images for classification and detection/Raw_Data/nutrition deficiency/IMG_3789.JPG,IMG_3789.JPG,nutrition_deficiency,f3c692e1ee2e5c7f21254a77fdcf8fd2173d807b8ef3eab4390418d07d29a3cc,1200,800,RGB,462078,train
PHYTO_RAW_2686,Dataset of groundnut plant leaf images for classification and detection/Raw_Data/nutrition deficiency/IMG_3790.JPG,IMG_3790.JPG,nutrition_deficiency,2299aba09c3b7b4107f5fdc8f11b523d0c2c0d71aaa31490231c4f440c65ae93,1200,800,RGB,456211,test
PHYTO_RAW_2687,Dataset of groundnut plant leaf images for classification and detection/Raw_Data/nutrition deficiency/IMG_3791.JPG,IMG_3791.JPG,nutrition_deficiency,c5c3e8fc11047fbfc42adb7adf1e2f2af8ff41ef2e48cc10bcfe0964e6d79945,1200,800,RGB,433777,validation
PHYTO_RAW_2688,Dataset of groundnut plant leaf images for classification and detection/Raw_Data/nutrition deficiency/IMG_3792.JPG,IMG_3792.JPG,nutrition_deficiency,68112677846aba738332ae488f920e882678cffb392f7bfee19cb9ea3b861b3d,1200,800,RGB,259549,train
PHYTO_RAW_2689,Dataset of groundnut plant leaf images for classification and detection/Raw_Data/nutrition deficiency/IMG_3793.JPG,IMG_3793.JPG,nutrition_deficiency,c3e53b836fccce4224af06754843ed5352918445ad05e16939396a279730dda0,1200,800,RGB,254707,validation
PHYTO_RAW_2690,Dataset of groundnut plant leaf images for classification and detection/Raw_Data/nutrition deficiency/IMG_3794.JPG,IMG_3794.JPG,nutrition_deficiency,ac0eae3d03d832a159a588f293b377246197d158cbfecde10c84fc8e2fff5ddd,1200,800,RGB,238343,train
PHYTO_RAW_2691,Dataset of groundnut plant leaf images for classification and detection/Raw_Data/nutrition deficiency/IMG_3795.JPG,IMG_3795.JPG,nutrition_deficiency,334dffd03281d6308caeb74bcac410a8e1ebfd41ae60c0a8c64a998c4ffa59ce,1200,800,RGB,231670,train
PHYTO_RAW_2692,Dataset of groundnut plant leaf images for classification and detection/Raw_Data/nutrition deficiency/IMG_3796.JPG,IMG_3796.JPG,nutrition_deficiency,5ff23dd63ec3c3f276118b7cc5821afdb91984e06d753fb1f429bc4ca02e4e72,1200,800,RGB,267850,validation
PHYTO_RAW_2693,Dataset of groundnut plant leaf images for classification and detection/Raw_Data/nutrition deficiency/IMG_3797.JPG,IMG_3797.JPG,nutrition_deficiency,df5585504529aeb910dca144fdc8e7ed91a9d06d507fbf9afce51d9842eb6e1c,1200,800,RGB,232796,test
PHYTO_RAW_2694,Dataset of groundnut plant leaf images for classification and detection/Raw_Data/nutrition deficiency/IMG_3798.JPG,IMG_3798.JPG,nutrition_deficiency,353a6fdda0cdc0cf2eb3a66eefe2776c2fc84bc6a5843c96135769c6a272aae9,1200,800,RGB,357270,validation
PHYTO_RAW_2695,Dataset of groundnut plant leaf images for classification and detection/Raw_Data/nutrition deficiency/IMG_3799.JPG,IMG_3799.JPG,nutrition_deficiency,2c333212d34f06a78a72a17bdda9c6e53b1a0f3205b65797c05fbe349db711a5,1200,800,RGB,279087,train
PHYTO_RAW_2696,Dataset of groundnut plant leaf images for classification and detection/Raw_Data/nutrition deficiency/IMG_3800.JPG,IMG_3800.JPG,nutrition_deficiency,5642413de854b9d922799ed32cb968fa654c9e5caa6817679b855341fa3d7f50,1200,800,RGB,272258,validation
PHYTO_RAW_2697,Dataset of groundnut plant leaf images for classification and detection/Raw_Data/nutrition deficiency/IMG_3801.JPG,IMG_3801.JPG,nutrition_deficiency,8628d532d74a882f701dd2675656b4547c8f73e23783ec4f6edf1b83de316459,1200,800,RGB,265262,train
PHYTO_RAW_2698,Dataset of groundnut plant leaf images for classification and detection/Raw_Data/nutrition deficiency/IMG_3802.JPG,IMG_3802.JPG,nutrition_deficiency,46b54d9956441e02b0e33986f298aa76953cd9178fdf357ff3bea5cffab57182,1200,800,RGB,267596,train
PHYTO_RAW_2699,Dataset of groundnut plant leaf images for classification and detection/Raw_Data/nutrition deficiency/IMG_3803.JPG,IMG_3803.JPG,nutrition_deficiency,335c8366b88d8181fa86d75c14450185d26934e4bdf396995f2db78a04eadf09,1200,800,RGB,293767,train
PHYTO_RAW_2700,Dataset of groundnut plant leaf images for classification and detection/Raw_Data/nutrition deficiency/IMG_3804.JPG,IMG_3804.JPG,nutrition_deficiency,36f23dd6e6817f281f5ef6149eb05c8bfef4e84c885613628097c15cf8403648,1200,800,RGB,278732,train
PHYTO_RAW_2701,Dataset of groundnut plant leaf images for classification and detection/Raw_Data/nutrition deficiency/IMG_4552.JPG,IMG_4552.JPG,nutrition_deficiency,236dc8ccb518218bf1d8fd528417908bc8c8310083108573c80eac3415b0e2df,1200,800,RGB,208783,train
PHYTO_RAW_2702,Dataset of groundnut plant leaf images for classification and detection/Raw_Data/nutrition deficiency/IMG_4553.JPG,IMG_4553.JPG,nutrition_deficiency,ecf5293774a0846582fbe43f3e8488034c48f6e7fe146b6d56f912c1ff806a8a,1200,800,RGB,217196,train
PHYTO_RAW_2703,Dataset of groundnut plant leaf images for classification and detection/Raw_Data/nutrition deficiency/IMG_4554.JPG,IMG_4554.JPG,nutrition_deficiency,fd343b39b6ba4d15ea681bee4d11daaf29a7ab1383a41f9fb841b78560b28ee2,1200,800,RGB,229966,train
PHYTO_RAW_2704,Dataset of groundnut plant leaf images for classification and detection/Raw_Data/nutrition deficiency/IMG_4555.JPG,IMG_4555.JPG,nutrition_deficiency,910b9ba2933739eda500dca1e8e7c99d7f770241a47bf7bcabb4458a22dccc0d,1200,800,RGB,190505,train
PHYTO_RAW_2705,Dataset of groundnut plant leaf images for classification and detection/Raw_Data/nutrition deficiency/IMG_4556.JPG,IMG_4556.JPG,nutrition_deficiency,b0d8c9b2e248708e53e8d5f27491fad4320dddc6c454173d1488049b4561962c,1200,800,RGB,195415,train
PHYTO_RAW_2706,Dataset of groundnut plant leaf images for classification and detection/Raw_Data/nutrition deficiency/IMG_4557.JPG,IMG_4557.JPG,nutrition_deficiency,24ada5c1180e7a244e63de357ab1370b9456a50026e0e7a97a22f62a58aa0ffc,1200,800,RGB,233139,validation
PHYTO_RAW_2707,Dataset of groundnut plant leaf images for classification and detection/Raw_Data/nutrition deficiency/IMG_4558.JPG,IMG_4558.JPG,nutrition_deficiency,42d76a75fbf28f2a65ec4b5488563c686cca6a4795a105b9c3ec75c474e59f03,1200,800,RGB,215900,train
PHYTO_RAW_2708,Dataset of groundnut plant leaf images for classification and detection/Raw_Data/nutrition deficiency/IMG_4559.JPG,IMG_4559.JPG,nutrition_deficiency,fc492b2eb39f56738430e1df8bfbad4762e67930c1f137a96096a82c1c5f12a4,1200,800,RGB,269419,train
PHYTO_RAW_2709,Dataset of groundnut plant leaf images for classification and detection/Raw_Data/nutrition deficiency/IMG_4560.JPG,IMG_4560.JPG,nutrition_deficiency,7c2bc20a6be42e17c0c86d1ab65221be19a6d504da3ea33e8c2c502e4e4700dc,1200,800,RGB,234864,train
PHYTO_RAW_2710,Dataset of groundnut plant leaf images for classification and detection/Raw_Data/nutrition deficiency/IMG_4561.JPG,IMG_4561.JPG,nutrition_deficiency,ea91d53891eb5a8a86824fd033cd96f885ef6197df60923de72888766f453c67,1200,800,RGB,226151,train
PHYTO_RAW_2711,Dataset of groundnut plant leaf images for classification and detection/Raw_Data/nutrition deficiency/IMG_4562.JPG,IMG_4562.JPG,nutrition_deficiency,926e186973a591a9c1477737d847ab0e4eb80663931b2963bf7f8e67bab6f564,1200,800,RGB,179192,train
PHYTO_RAW_2712,Dataset of groundnut plant leaf images for classification and detection/Raw_Data/nutrition deficiency/IMG_4563.JPG,IMG_4563.JPG,nutrition_deficiency,117b1ca8f796f5424f1c82ae0d29d9cd66d9512d17e29ba281d5458003c87dd6,1200,800,RGB,193830,train
PHYTO_RAW_2713,Dataset of groundnut plant leaf images for classification and detection/Raw_Data/nutrition deficiency/IMG_4564.JPG,IMG_4564.JPG,nutrition_deficiency,c365368b83f205666c47b807e5a65712b99d64f18d865b5bf9ea729cadd0a109,1200,800,RGB,205044,train
PHYTO_RAW_2714,Dataset of groundnut plant leaf images for classification and detection/Raw_Data/nutrition deficiency/IMG_4565.JPG,IMG_4565.JPG,nutrition_deficiency,b397dda2ce4285a4ea4edc0f187f68429a776f0903547f564ec9f69e97234177,1200,800,RGB,245707,train
PHYTO_RAW_2715,Dataset of groundnut plant leaf images for classification and detection/Raw_Data/nutrition deficiency/IMG_4566.JPG,IMG_4566.JPG,nutrition_deficiency,3f11635fa655931f79a1d9559d14293743c5d841801d5be9e88c764d24918315,1200,800,RGB,247315,train
PHYTO_RAW_2716,Dataset of groundnut plant leaf images for classification and detection/Raw_Data/nutrition deficiency/IMG_4567.JPG,IMG_4567.JPG,nutrition_deficiency,bdfd5c017beb0d9d6a9c8df3360706924012f7a236452b1a807c7226df00d40b,1200,800,RGB,195105,test
PHYTO_RAW_2717,Dataset of groundnut plant leaf images for classification and detection/Raw_Data/nutrition deficiency/IMG_4568.JPG,IMG_4568.JPG,nutrition_deficiency,bc9ba7380d445b966dfcfe6dafdc5d1d4cad75c2d3deed1c06af8ad93c33f9d0,1200,800,RGB,219484,train
PHYTO_RAW_2718,Dataset of groundnut plant leaf images for classification and detection/Raw_Data/nutrition deficiency/IMG_4569.JPG,IMG_4569.JPG,nutrition_deficiency,a4f56aa7a359f5891d5f5143b74ece4665bb2f06293741ac242ca95de32d5c75,1200,800,RGB,217599,train
PHYTO_RAW_2719,Dataset of groundnut plant leaf images for classification and detection/Raw_Data/nutrition deficiency/IMG_4570.JPG,IMG_4570.JPG,nutrition_deficiency,10460dd8274663e1b50d669bbed2fa1385c363f018c61449517514f40693d2ff,1200,800,RGB,257125,train
PHYTO_RAW_2720,Dataset of groundnut plant leaf images for classification and detection/Raw_Data/nutrition deficiency/IMG_4571.JPG,IMG_4571.JPG,nutrition_deficiency,8a162bd3c9e422e6c5f8d0e7cc078621d437a479f24be92fc75322e4e188606a,1200,800,RGB,235510,test
PHYTO_RAW_2721,Dataset of groundnut plant leaf images for classification and detection/Raw_Data/nutrition deficiency/IMG_4572.JPG,IMG_4572.JPG,nutrition_deficiency,97f9e4ca9ea71b1aeea30cefeedc46152451950805f967de84dd88c424976a26,1200,800,RGB,243288,train
PHYTO_RAW_2722,Dataset of groundnut plant leaf images for classification and detection/Raw_Data/nutrition deficiency/IMG_4573.JPG,IMG_4573.JPG,nutrition_deficiency,b50c4a66f5ea4ebd46738dc0562a05ccc8f14f2d78a3de054a11763c7c19276a,1200,800,RGB,279035,train
PHYTO_RAW_2723,Dataset of groundnut plant leaf images for classification and detection/Raw_Data/nutrition deficiency/IMG_4574.JPG,IMG_4574.JPG,nutrition_deficiency,46604bc666600a7518a8f9e71be739794e80469f462a731ec3997583965e0991,1200,800,RGB,243241,test
PHYTO_RAW_2724,Dataset of groundnut plant leaf images for classification and detection/Raw_Data/nutrition deficiency/IMG_4575.JPG,IMG_4575.JPG,nutrition_deficiency,c9d85cf01ec81841f6946a67654eedd90e6a308076474c227ac528c50c663b08,1200,800,RGB,290217,train
PHYTO_RAW_2725,Dataset of groundnut plant leaf images for classification and detection/Raw_Data/nutrition deficiency/IMG_4576.JPG,IMG_4576.JPG,nutrition_deficiency,e43e85f3f35f028dbf3b7753176d0c14628981d0d527e54157351c12d2674d7a,1200,800,RGB,275497,test
PHYTO_RAW_2726,Dataset of groundnut plant leaf images for classification and detection/Raw_Data/nutrition deficiency/IMG_4577.JPG,IMG_4577.JPG,nutrition_deficiency,dce104ba2bffff9fa6e03133b31d97c1c3816e69e38369fcab83e43ce2cffd74,1200,800,RGB,223546,test
PHYTO_RAW_2727,Dataset of groundnut plant leaf images for classification and detection/Raw_Data/nutrition deficiency/IMG_4578.JPG,IMG_4578.JPG,nutrition_deficiency,6201ef05dd34235344e35b02c705d83d1441eceffe541a66db85bb6ffdc10de8,1200,800,RGB,255730,validation
PHYTO_RAW_2728,Dataset of groundnut plant leaf images for classification and detection/Raw_Data/nutrition deficiency/IMG_4579.JPG,IMG_4579.JPG,nutrition_deficiency,92af946db3bd537b6be4d677c463d730f8e79d836ec6049d5aa086399050aa6d,1200,800,RGB,321273,train
PHYTO_RAW_2729,Dataset of groundnut plant leaf images for classification and detection/Raw_Data/nutrition deficiency/IMG_4580.JPG,IMG_4580.JPG,nutrition_deficiency,bd6f2d66a1ddcdcf4748e3af1cd86eb531cd468447c1be23ca963f3be3179812,1200,800,RGB,224606,test
PHYTO_RAW_2730,Dataset of groundnut plant leaf images for classification and detection/Raw_Data/nutrition deficiency/IMG_4581.JPG,IMG_4581.JPG,nutrition_deficiency,18618677c2bd5eed1ac572492d471455b5f64e32a05e5b24ae5a3f20a1e658bc,1200,800,RGB,213708,validation
PHYTO_RAW_2731,Dataset of groundnut plant leaf images for classification and detection/Raw_Data/nutrition deficiency/IMG_4582.JPG,IMG_4582.JPG,nutrition_deficiency,bd5efa50baaffe0827e6b23fcab26ad38a9f42a2fb9b0cd2dc14494980c0761e,1200,800,RGB,266425,train
PHYTO_RAW_2732,Dataset of groundnut plant leaf images for classification and detection/Raw_Data/nutrition deficiency/IMG_4583.JPG,IMG_4583.JPG,nutrition_deficiency,76e2ceaeedc63ea126366720637ca99375a9dd05cacd303a08d0fbcff3006112,1200,800,RGB,249397,validation
PHYTO_RAW_2733,Dataset of groundnut plant leaf images for classification and detection/Raw_Data/nutrition deficiency/IMG_4584.JPG,IMG_4584.JPG,nutrition_deficiency,dfd9f979026cbbd5bc04df5fadb23497489545cc5fae091a543d0cd24a7a4107,1200,800,RGB,163504,train
PHYTO_RAW_2734,Dataset of groundnut plant leaf images for classification and detection/Raw_Data/nutrition deficiency/IMG_5707.JPG,IMG_5707.JPG,nutrition_deficiency,f6c6c5cc8e29f3e0cab0577b752431d3975ba8fe918a945c4c42de6144ea6c9f,1200,800,RGB,252929,train
PHYTO_RAW_2735,Dataset of groundnut plant leaf images for classification and detection/Raw_Data/nutrition deficiency/IMG_5708.JPG,IMG_5708.JPG,nutrition_deficiency,7673623df95f65b672d48a214ef6d37b56e7a2aa8cabdb98928d42f9799a2461,1200,800,RGB,207361,train
PHYTO_RAW_2736,Dataset of groundnut plant leaf images for classification and detection/Raw_Data/nutrition deficiency/IMG_5709.JPG,IMG_5709.JPG,nutrition_deficiency,4fc067acf02b046d7db078bb5803c1426f95f6f048bde419700d126f2edfa896,1200,800,RGB,259577,test
PHYTO_RAW_2737,Dataset of groundnut plant leaf images for classification and detection/Raw_Data/nutrition deficiency/IMG_5710.JPG,IMG_5710.JPG,nutrition_deficiency,5c1b70b847c781974b9b3a5768bd139287d86238cbe8d0c19437ead03244c81a,1200,800,RGB,238491,train
PHYTO_RAW_2738,Dataset of groundnut plant leaf images for classification and detection/Raw_Data/nutrition deficiency/IMG_5711.JPG,IMG_5711.JPG,nutrition_deficiency,f4870e43ba4645788b72f55d2e665167112fdd3c497be7771d0f1ff8a2478467,1200,800,RGB,231066,validation
PHYTO_RAW_2739,Dataset of groundnut plant leaf images for classification and detection/Raw_Data/nutrition deficiency/IMG_5712.JPG,IMG_5712.JPG,nutrition_deficiency,242c7d0e27fc855aa600a5bd884ffb621d51ca105fe23ad97c1d078819394904,1200,800,RGB,247020,validation
PHYTO_RAW_2740,Dataset of groundnut plant leaf images for classification and detection/Raw_Data/nutrition deficiency/IMG_5713.JPG,IMG_5713.JPG,nutrition_deficiency,01ecabb37d0480f8c0ef0adeafc154c5ecdb46b4806f45e952752fac0f9de470,1200,800,RGB,324398,train
PHYTO_RAW_2741,Dataset of groundnut plant leaf images for classification and detection/Raw_Data/nutrition deficiency/IMG_5714.JPG,IMG_5714.JPG,nutrition_deficiency,6914547fcb9fe0b890ae4310f6fabdcc49aaf64153c48f8691c575b7ee4bb323,1200,800,RGB,285676,test
PHYTO_RAW_2742,Dataset of groundnut plant leaf images for classification and detection/Raw_Data/nutrition deficiency/IMG_5715.JPG,IMG_5715.JPG,nutrition_deficiency,17512697a478705679dbed905f8592b9a7909592176fa6ad3541b8cf7e885e23,1200,800,RGB,248286,train
PHYTO_RAW_2743,Dataset of groundnut plant leaf images for classification and detection/Raw_Data/nutrition deficiency/IMG_5716.JPG,IMG_5716.JPG,nutrition_deficiency,e2cf9fa1d3249962196e5cf9d0f8d7652de298c0240ce6400d375c45723dd8c1,1200,800,RGB,225917,train
PHYTO_RAW_2744,Dataset of groundnut plant leaf images for classification and detection/Raw_Data/nutrition deficiency/IMG_5717.JPG,IMG_5717.JPG,nutrition_deficiency,42e349211b541a57713effced12234124ce75bccec864499a6df49b853a94d6d,1200,800,RGB,244757,train
PHYTO_RAW_2745,Dataset of groundnut plant leaf images for classification and detection/Raw_Data/nutrition deficiency/IMG_5718.JPG,IMG_5718.JPG,nutrition_deficiency,3200a7597b141c204c71ab7957609aa988873e98e01960292e8702ef01056894,1200,800,RGB,251492,train
PHYTO_RAW_2746,Dataset of groundnut plant leaf images for classification and detection/Raw_Data/nutrition deficiency/IMG_5719.JPG,IMG_5719.JPG,nutrition_deficiency,38ee1d9b3cacfb37e52dab6fb6619241629a60950e1ba5e6dc556ab140a624ee,1200,800,RGB,236167,train
PHYTO_RAW_2747,Dataset of groundnut plant leaf images for classification and detection/Raw_Data/nutrition deficiency/IMG_5720.JPG,IMG_5720.JPG,nutrition_deficiency,0025b98e086319c89696924e7b4fb32a123e177970a4dc29cd63ad4af2e165d0,1200,800,RGB,224581,train
PHYTO_RAW_2748,Dataset of groundnut plant leaf images for classification and detection/Raw_Data/nutrition deficiency/IMG_5721.JPG,IMG_5721.JPG,nutrition_deficiency,617172dc181616cf09c68c2882db26b41a955d80c223c154558a58fba64ec4de,1200,800,RGB,226910,train
PHYTO_RAW_2749,Dataset of groundnut plant leaf images for classification and detection/Raw_Data/nutrition deficiency/IMG_5722.JPG,IMG_5722.JPG,nutrition_deficiency,c0b25b75a383ff5ef4a1eeeb78d633f5e60ff47a37b14115aa7f7acaa7a7aac4,1200,800,RGB,332980,train
PHYTO_RAW_2750,Dataset of groundnut plant leaf images for classification and detection/Raw_Data/nutrition deficiency/IMG_5723.JPG,IMG_5723.JPG,nutrition_deficiency,9091099f7d1f36d0c9a49fe92651d2be917211bfb073ddcfecd50a6357611ff1,1200,800,RGB,231630,train
PHYTO_RAW_2751,Dataset of groundnut plant leaf images for classification and detection/Raw_Data/nutrition deficiency/IMG_5724.JPG,IMG_5724.JPG,nutrition_deficiency,7406181edcfbee53041e6ef9c6679c64249e65639fb8cf8a91515f33215d0998,1200,800,RGB,266538,train
PHYTO_RAW_2752,Dataset of groundnut plant leaf images for classification and detection/Raw_Data/nutrition deficiency/IMG_5725.JPG,IMG_5725.JPG,nutrition_deficiency,3389e50dfa3676d544a5b44b39be0c6856509138851a16eb22da26d325780b03,1200,800,RGB,276489,validation
PHYTO_RAW_2753,Dataset of groundnut plant leaf images for classification and detection/Raw_Data/nutrition deficiency/IMG_5726.JPG,IMG_5726.JPG,nutrition_deficiency,87ce0152135bac1087d537b979f003340bfcfaa13d78ae37739bc2353416cfe1,1200,800,RGB,193936,validation
PHYTO_RAW_2754,Dataset of groundnut plant leaf images for classification and detection/Raw_Data/nutrition deficiency/IMG_5727.JPG,IMG_5727.JPG,nutrition_deficiency,2a6f341474b486c8f11bc8ca721122d77af34531bb68c6d98987b37e7866e426,1200,800,RGB,228357,train
PHYTO_RAW_2755,Dataset of groundnut plant leaf images for classification and detection/Raw_Data/nutrition deficiency/IMG_5728.JPG,IMG_5728.JPG,nutrition_deficiency,1b8a36f3b443023a71cc025e6eb09744d154bb4994dc7ce8efeb1f32dd9a8b4d,1200,800,RGB,185877,train
PHYTO_RAW_2756,Dataset of groundnut plant leaf images for classification and detection/Raw_Data/nutrition deficiency/IMG_5729.JPG,IMG_5729.JPG,nutrition_deficiency,cdf35ea3eecf5aeab87d00941ee967cb3736ae72235166faec4c92474d811a63,1200,800,RGB,189200,train
PHYTO_RAW_2757,Dataset of groundnut plant leaf images for classification and detection/Raw_Data/nutrition deficiency/IMG_5730.JPG,IMG_5730.JPG,nutrition_deficiency,fe90bc0bf73e363011db54af08a618bb6b198064ffb956e10bf58d7116b4b6f7,1200,800,RGB,224050,train
PHYTO_RAW_2758,Dataset of groundnut plant leaf images for classification and detection/Raw_Data/nutrition deficiency/IMG_5731.JPG,IMG_5731.JPG,nutrition_deficiency,2999c3b9371453449e07795c7d32d5eb4715ca6d5b3a0db13f2c40ddfded0c39,1200,800,RGB,208716,test
PHYTO_RAW_2759,Dataset of groundnut plant leaf images for classification and detection/Raw_Data/nutrition deficiency/IMG_5732.JPG,IMG_5732.JPG,nutrition_deficiency,b2f92fbe233e2af736aed5a8a4b36c9d62333a2a947cf9b9e2821f8b10422620,1200,800,RGB,213854,test
PHYTO_RAW_2760,Dataset of groundnut plant leaf images for classification and detection/Raw_Data/nutrition deficiency/IMG_5733.JPG,IMG_5733.JPG,nutrition_deficiency,4773302d3ea99d5d238d8dad6e8d130f91472b4fe508024f6c9eb425f4c00894,1200,800,RGB,177127,train
PHYTO_RAW_2761,Dataset of groundnut plant leaf images for classification and detection/Raw_Data/nutrition deficiency/IMG_5734.JPG,IMG_5734.JPG,nutrition_deficiency,973a6991228d94c4917700f3aa6b633e6aa7e3d4a7cdbd60a3e2a2157686932c,1200,800,RGB,196089,test
PHYTO_RAW_2762,Dataset of groundnut plant leaf images for classification and detection/Raw_Data/nutrition deficiency/IMG_5735.JPG,IMG_5735.JPG,nutrition_deficiency,fc9e0de21624e963af3dd1ad220f78c6628ea611e51772a0f44a1bbbc03d5641,1200,800,RGB,257002,train
PHYTO_RAW_2763,Dataset of groundnut plant leaf images for classification and detection/Raw_Data/nutrition deficiency/IMG_5736.JPG,IMG_5736.JPG,nutrition_deficiency,e3f7b1bce93130481d981a0578b4ccd195242af465406c3236f9349cd00eed03,1200,800,RGB,192071,train
PHYTO_RAW_2764,Dataset of groundnut plant leaf images for classification and detection/Raw_Data/nutrition deficiency/IMG_5737.JPG,IMG_5737.JPG,nutrition_deficiency,1606f69bda8c84acc8366f328f419f70e6868ddbcda3d5383c22512241d6fca9,1200,800,RGB,179612,train
PHYTO_RAW_2765,Dataset of groundnut plant leaf images for classification and detection/Raw_Data/nutrition deficiency/IMG_5738.JPG,IMG_5738.JPG,nutrition_deficiency,2f2c58dec2e11af1b7bc7a3e74f5dadd17b26dc5782b4efc31d922ea3d6b127c,1200,800,RGB,294060,train
PHYTO_RAW_2766,Dataset of groundnut plant leaf images for classification and detection/Raw_Data/nutrition deficiency/IMG_5739.JPG,IMG_5739.JPG,nutrition_deficiency,3d9aa2469ce2bda95db3491d0c0496241c8690737dff48455eeebcc6bf1c29ed,1200,800,RGB,332292,train
PHYTO_RAW_2767,Dataset of groundnut plant leaf images for classification and detection/Raw_Data/nutrition deficiency/IMG_5740.JPG,IMG_5740.JPG,nutrition_deficiency,a0f5d2aece78b9272ed3b528bf9a90b335b2f5aaa1ae14c7db9cfd6dcc832f8b,1200,800,RGB,337347,train
PHYTO_RAW_2768,Dataset of groundnut plant leaf images for classification and detection/Raw_Data/nutrition deficiency/IMG_5741.JPG,IMG_5741.JPG,nutrition_deficiency,5b894a803575b99998fffb18aaad0291cd8a855295dc25db534b45b38fb97078,1200,800,RGB,291486,train
PHYTO_RAW_2769,Dataset of groundnut plant leaf images for classification and detection/Raw_Data/nutrition deficiency/IMG_5742.JPG,IMG_5742.JPG,nutrition_deficiency,ff68fe115f1f9671aa1102ca7006fbe5cf498c04719ad5c305796ee33aef1eef,1200,800,RGB,237099,test
PHYTO_RAW_2770,Dataset of groundnut plant leaf images for classification and detection/Raw_Data/nutrition deficiency/IMG_5743.JPG,IMG_5743.JPG,nutrition_deficiency,08ef8791cedc47e9b84713a903def97b5d05c8ae048ae5dcc35f209b9b3cc2d1,1200,800,RGB,182490,train
PHYTO_RAW_2771,Dataset of groundnut plant leaf images for classification and detection/Raw_Data/nutrition deficiency/IMG_5744.JPG,IMG_5744.JPG,nutrition_deficiency,470e0cedcf9abeee14ed7ff7a07f320f9960e1561a4646a80f35b4177f160b02,1200,800,RGB,212995,test
PHYTO_RAW_2772,Dataset of groundnut plant leaf images for classification and detection/Raw_Data/nutrition deficiency/IMG_5745.JPG,IMG_5745.JPG,nutrition_deficiency,d2188965adf612def39577f3ccc99441ba231b803d23063e46e6f3da70b018ce,1200,800,RGB,197808,test
PHYTO_RAW_2773,Dataset of groundnut plant leaf images for classification and detection/Raw_Data/nutrition deficiency/IMG_5746.JPG,IMG_5746.JPG,nutrition_deficiency,bcde67767835277a763bb4c9b31b842c0df1ba9d5b40bb62758765bb597c7611,1200,800,RGB,230893,train
PHYTO_RAW_2774,Dataset of groundnut plant leaf images for classification and detection/Raw_Data/nutrition deficiency/IMG_5747.JPG,IMG_5747.JPG,nutrition_deficiency,7380b53e64d991a5a4a59b59d61176100b9911b6b4620e4826b8213b4253128a,1200,800,RGB,202916,test
PHYTO_RAW_2775,Dataset of groundnut plant leaf images for classification and detection/Raw_Data/nutrition deficiency/IMG_5748.JPG,IMG_5748.JPG,nutrition_deficiency,df0ea6fbec188cc79faf7962bb19e4b93e4f16ec5b40b47e786fd8bcc8d522fd,1200,800,RGB,196279,train
PHYTO_RAW_2776,Dataset of groundnut plant leaf images for classification and detection/Raw_Data/nutrition deficiency/IMG_5749.JPG,IMG_5749.JPG,nutrition_deficiency,edeb9de806eec6ba48c8e288da830e05cba28c1d15274351bb4a1241e50d0aa5,1200,800,RGB,214129,test
PHYTO_RAW_2777,Dataset of groundnut plant leaf images for classification and detection/Raw_Data/nutrition deficiency/IMG_5750.JPG,IMG_5750.JPG,nutrition_deficiency,6414034469cc27bc6f78f18321c5f5600ee65ed218240e24ea7238362cb95139,1200,800,RGB,283646,train
PHYTO_RAW_2778,Dataset of groundnut plant leaf images for classification and detection/Raw_Data/nutrition deficiency/IMG_5751.JPG,IMG_5751.JPG,nutrition_deficiency,3e6df5221428b97acea619862943670fceccbbee25d1edae36e68eadf3a8d47c,1200,800,RGB,329711,train
PHYTO_RAW_2779,Dataset of groundnut plant leaf images for classification and detection/Raw_Data/nutrition deficiency/IMG_5752.JPG,IMG_5752.JPG,nutrition_deficiency,e4f9bb958f812c62104dbfe72ca1622955ee7b9ee696c491b91432ee588294e7,1200,800,RGB,341805,validation
PHYTO_RAW_2780,Dataset of groundnut plant leaf images for classification and detection/Raw_Data/nutrition deficiency/IMG_5753.JPG,IMG_5753.JPG,nutrition_deficiency,b4cb2685b5b91d51282b896f712edb258c1a9e4a62d5c1a1aca0a9b650efe94a,1200,800,RGB,262987,train
PHYTO_RAW_2781,Dataset of groundnut plant leaf images for classification and detection/Raw_Data/nutrition deficiency/IMG_5754.JPG,IMG_5754.JPG,nutrition_deficiency,9471e344b1a9a590cc7bd432bcb302e9f424b477995fcef92eb321529f33a57d,1200,800,RGB,262087,test
PHYTO_RAW_2782,Dataset of groundnut plant leaf images for classification and detection/Raw_Data/nutrition deficiency/IMG_5755.JPG,IMG_5755.JPG,nutrition_deficiency,1c5592b0475714db5f8f1b6352755c5e751ca8d304321810b47d347cd39eb318,1200,800,RGB,227592,train
PHYTO_RAW_2783,Dataset of groundnut plant leaf images for classification and detection/Raw_Data/nutrition deficiency/IMG_5756.JPG,IMG_5756.JPG,nutrition_deficiency,32b1cc8bb91c0e89571ebbf11378d46021200ec8dd58eae36646d736613eeb9a,1200,800,RGB,230838,train
PHYTO_RAW_2784,Dataset of groundnut plant leaf images for classification and detection/Raw_Data/nutrition deficiency/IMG_5757.JPG,IMG_5757.JPG,nutrition_deficiency,10af529bbaa471d4209214601476b7f029e4658ef65c7ff8b9eb7e7275ed3267,1200,800,RGB,219617,train
PHYTO_RAW_2785,Dataset of groundnut plant leaf images for classification and detection/Raw_Data/nutrition deficiency/IMG_5758.JPG,IMG_5758.JPG,nutrition_deficiency,c3cb16ca3966dc55581b49c5987d44a952df7531109bc5133119b0be2f50cd57,1200,800,RGB,237635,train
PHYTO_RAW_2786,Dataset of groundnut plant leaf images for classification and detection/Raw_Data/nutrition deficiency/IMG_5759.JPG,IMG_5759.JPG,nutrition_deficiency,f239dee09dbac04ffd81950815f1b939e86dad9d895ffed376bb9042662921f6,1200,800,RGB,277282,test
PHYTO_RAW_2787,Dataset of groundnut plant leaf images for classification and detection/Raw_Data/nutrition deficiency/IMG_5760.JPG,IMG_5760.JPG,nutrition_deficiency,87c3ab81399f2f3fb012c96985820688f17afec5851e3a67f8bd55264d2674f7,1200,800,RGB,426891,train
PHYTO_RAW_2788,Dataset of groundnut plant leaf images for classification and detection/Raw_Data/nutrition deficiency/IMG_5761.JPG,IMG_5761.JPG,nutrition_deficiency,f8387da3c2afb6cf1f6862eb59035a362f5e96e81c797925d51a4e46fbfe359c,1200,800,RGB,377975,train
PHYTO_RAW_2789,Dataset of groundnut plant leaf images for classification and detection/Raw_Data/nutrition deficiency/IMG_5762.JPG,IMG_5762.JPG,nutrition_deficiency,862af721282ec105e0c5acc0bf56b8f0a59958c21f3d4cd72513f3050e10abea,1200,800,RGB,490326,validation
PHYTO_RAW_2790,Dataset of groundnut plant leaf images for classification and detection/Raw_Data/nutrition deficiency/IMG_5763.JPG,IMG_5763.JPG,nutrition_deficiency,8d27cb13c5e2b50cdf2bbad03c5c852b14bc7b3fb26ebe2b0ceb0ca0c80c9212,1200,800,RGB,262365,validation
PHYTO_RAW_2791,Dataset of groundnut plant leaf images for classification and detection/Raw_Data/nutrition deficiency/IMG_5764.JPG,IMG_5764.JPG,nutrition_deficiency,604165833c88ae9bad86c6b772673e508fee18c61c9337e735af0599eccb436c,1200,800,RGB,267994,test
PHYTO_RAW_2792,Dataset of groundnut plant leaf images for classification and detection/Raw_Data/nutrition deficiency/IMG_5765.JPG,IMG_5765.JPG,nutrition_deficiency,f7773a8156f73ff05d4063bb2947ea074b1dbada9fb9f10992808abba0c80779,1200,800,RGB,272863,train
PHYTO_RAW_2793,Dataset of groundnut plant leaf images for classification and detection/Raw_Data/nutrition deficiency/IMG_5766.JPG,IMG_5766.JPG,nutrition_deficiency,7c406c8bd4f3f14cc662588be754aabfa8bbb6c6babb12a074b8916441c8b866,1200,800,RGB,249572,train
PHYTO_RAW_2794,Dataset of groundnut plant leaf images for classification and detection/Raw_Data/nutrition deficiency/IMG_5767.JPG,IMG_5767.JPG,nutrition_deficiency,19f13033adb245e5305e978a4a558fdc962a1ead22e5a6be2caa02de929f4b77,1200,800,RGB,244316,train
PHYTO_RAW_2795,Dataset of groundnut plant leaf images for classification and detection/Raw_Data/nutrition deficiency/IMG_5768.JPG,IMG_5768.JPG,nutrition_deficiency,e04dc9bab8764f55071840883c97afb1fb656045efb1872f3bd6dc2873c2e183,1200,800,RGB,277095,test
PHYTO_RAW_2796,Dataset of groundnut plant leaf images for classification and detection/Raw_Data/nutrition deficiency/IMG_5769.JPG,IMG_5769.JPG,nutrition_deficiency,21de2935329c8d95c35e7de93b179f20ed85f260ce8eee30c37aa2f750e95bf0,1200,800,RGB,263212,train
PHYTO_RAW_2797,Dataset of groundnut plant leaf images for classification and detection/Raw_Data/nutrition deficiency/IMG_5770.JPG,IMG_5770.JPG,nutrition_deficiency,1f0169c0a2313e5cdbdc21fe2af41fe694bbe405d07e7bc6f94f9fa401a32b08,1200,800,RGB,345868,train
PHYTO_RAW_2798,Dataset of groundnut plant leaf images for classification and detection/Raw_Data/nutrition deficiency/IMG_5771.JPG,IMG_5771.JPG,nutrition_deficiency,3c6a6bd2dd09411967b296d225ab5ba820ab077f1f995ebc71e22e557fdaf205,1200,800,RGB,362331,train
PHYTO_RAW_2799,Dataset of groundnut plant leaf images for classification and detection/Raw_Data/nutrition deficiency/IMG_5772.JPG,IMG_5772.JPG,nutrition_deficiency,4c65b21649c668cf370c2ec8ef00543c85e81c6732eec351be4e46ece38fd113,1200,800,RGB,286977,validation
PHYTO_RAW_2800,Dataset of groundnut plant leaf images for classification and detection/Raw_Data/nutrition deficiency/IMG_5773.JPG,IMG_5773.JPG,nutrition_deficiency,41933beb612a114122b3396e3ee8dbbbf4f60bd28bf58b6ab1f745b2d288b61e,1200,800,RGB,265209,train
PHYTO_RAW_2801,Dataset of groundnut plant leaf images for classification and detection/Raw_Data/nutrition deficiency/IMG_5774.JPG,IMG_5774.JPG,nutrition_deficiency,c93784e00665ab27a36ef01e0a970c321499cfb35212de2cb0b587b8646f5708,1200,800,RGB,261667,train
PHYTO_RAW_2802,Dataset of groundnut plant leaf images for classification and detection/Raw_Data/nutrition deficiency/IMG_5775.JPG,IMG_5775.JPG,nutrition_deficiency,6ba1a719aa572cb71f98054fd98a6e74dcab2579804577a5e164203b0bbab789,1200,800,RGB,293701,train
PHYTO_RAW_2803,Dataset of groundnut plant leaf images for classification and detection/Raw_Data/nutrition deficiency/IMG_5776.JPG,IMG_5776.JPG,nutrition_deficiency,671f33209904a3d47777a150270a985387d6ca250b27fe0671e82de055ece094,1200,800,RGB,336568,train
PHYTO_RAW_2804,Dataset of groundnut plant leaf images for classification and detection/Raw_Data/nutrition deficiency/IMG_5777.JPG,IMG_5777.JPG,nutrition_deficiency,4d2a4a571a831d3d683081b56492773d001fe923ded45a40e1905f4e88d85e95,1200,800,RGB,382955,train
PHYTO_RAW_2805,Dataset of groundnut plant leaf images for classification and detection/Raw_Data/nutrition deficiency/IMG_5778.JPG,IMG_5778.JPG,nutrition_deficiency,4432b0447761229b0126cc57b5ee58ff4658529c569c67d9e47f3f4ad9844015,1200,800,RGB,422581,train
PHYTO_RAW_2806,Dataset of groundnut plant leaf images for classification and detection/Raw_Data/nutrition deficiency/IMG_5779.JPG,IMG_5779.JPG,nutrition_deficiency,481dc90c108e28a9303067538c36deab756215af79ba92e2311dbb867df5eead,1200,800,RGB,279821,train
PHYTO_RAW_2807,Dataset of groundnut plant leaf images for classification and detection/Raw_Data/nutrition deficiency/IMG_5780.JPG,IMG_5780.JPG,nutrition_deficiency,0729dd858895c565551224a596a80d1000d0a05289dd6d399f111e76c54831ba,1200,800,RGB,276937,train
PHYTO_RAW_2808,Dataset of groundnut plant leaf images for classification and detection/Raw_Data/nutrition deficiency/IMG_5781.JPG,IMG_5781.JPG,nutrition_deficiency,1b9ce7fb26006a915f96ef2219e864f996307a3835b4d54bdf62664b7659eb3f,1200,800,RGB,203364,train
PHYTO_RAW_2809,Dataset of groundnut plant leaf images for classification and detection/Raw_Data/nutrition deficiency/IMG_5782.JPG,IMG_5782.JPG,nutrition_deficiency,7d8585ae18c1f29b3c4db494d29c82413e57d0d44ef082fd891480e5d6faf245,1200,800,RGB,224199,train
PHYTO_RAW_2810,Dataset of groundnut plant leaf images for classification and detection/Raw_Data/nutrition deficiency/IMG_5783.JPG,IMG_5783.JPG,nutrition_deficiency,afa11671bd94a808ef93769e4797ee1054426ac2c550fbbed611afef01dc0481,1200,800,RGB,216866,test
PHYTO_RAW_2811,Dataset of groundnut plant leaf images for classification and detection/Raw_Data/nutrition deficiency/IMG_5784.JPG,IMG_5784.JPG,nutrition_deficiency,47532d08550a765e1fffa70ffa3fc5fb7ddb4e85a6ba512f53e803d5bfd2c1c7,1200,800,RGB,219592,test
PHYTO_RAW_2812,Dataset of groundnut plant leaf images for classification and detection/Raw_Data/nutrition deficiency/IMG_5785.JPG,IMG_5785.JPG,nutrition_deficiency,c37f67b2da4fb1e71eb70438ff8c657cfbc320e0045c9ff18ac22649882fdb23,1200,800,RGB,205377,train
PHYTO_RAW_2813,Dataset of groundnut plant leaf images for classification and detection/Raw_Data/nutrition deficiency/IMG_5786.JPG,IMG_5786.JPG,nutrition_deficiency,f2b9786ea35a99b181c4abd4c4e4d9d8b6821a878b9ce30c56fd858af19b7f77,1200,800,RGB,225780,train
PHYTO_RAW_2814,Dataset of groundnut plant leaf images for classification and detection/Raw_Data/nutrition deficiency/IMG_5787.JPG,IMG_5787.JPG,nutrition_deficiency,ca51a83e8a49827365bfd2ca5d0e597aa5475c5aae7c7bfcc655d439ba456ccb,1200,800,RGB,187089,validation
PHYTO_RAW_2815,Dataset of groundnut plant leaf images for classification and detection/Raw_Data/nutrition deficiency/IMG_5788.JPG,IMG_5788.JPG,nutrition_deficiency,62e514dabda686d9c5fb0cffe0639a9b1fd53307fe894b57cc8dfe7883652e36,1200,800,RGB,246304,validation
PHYTO_RAW_2816,Dataset of groundnut plant leaf images for classification and detection/Raw_Data/nutrition deficiency/IMG_5789.JPG,IMG_5789.JPG,nutrition_deficiency,bb6271372b871ce8a4ad55ecda5a47fd8738686bece49da343772b524b322498,1200,800,RGB,218772,train
PHYTO_RAW_2817,Dataset of groundnut plant leaf images for classification and detection/Raw_Data/nutrition deficiency/IMG_5790.JPG,IMG_5790.JPG,nutrition_deficiency,2598e6404d52de7c5eecadb00cdcc5dacb661874de2bed73f1adaffcf1d9c565,1200,800,RGB,197518,train
PHYTO_RAW_2818,Dataset of groundnut plant leaf images for classification and detection/Raw_Data/nutrition deficiency/IMG_5791.JPG,IMG_5791.JPG,nutrition_deficiency,10463c82fd3d695e5f1f44cb8b9c8d1a67bd1343dd6bf2a48b6b80f08f9c3920,1200,800,RGB,293053,test
PHYTO_RAW_2819,Dataset of groundnut plant leaf images for classification and detection/Raw_Data/nutrition deficiency/IMG_5792.JPG,IMG_5792.JPG,nutrition_deficiency,08c19d2a47c13489baae7ae18c6e8905ea5f1a5be13383f10b0f84720c62f8c7,1200,800,RGB,278100,train
PHYTO_RAW_2820,Dataset of groundnut plant leaf images for classification and detection/Raw_Data/nutrition deficiency/IMG_5793.JPG,IMG_5793.JPG,nutrition_deficiency,0981d65b978553e258628cadb15f8698202d407b67e47daafaf3fe69628e2992,1200,800,RGB,309658,train
PHYTO_RAW_2821,Dataset of groundnut plant leaf images for classification and detection/Raw_Data/nutrition deficiency/IMG_5794.JPG,IMG_5794.JPG,nutrition_deficiency,d413149ef7c82aa9ad287a332ee17a0e8c2c5ec2daddc482fb2e819eda506a49,1200,800,RGB,315069,train
PHYTO_RAW_2822,Dataset of groundnut plant leaf images for classification and detection/Raw_Data/nutrition deficiency/IMG_5795.JPG,IMG_5795.JPG,nutrition_deficiency,d2144c1a4b547ffbed49fc87cc28c273bc94a583aff28c2657788e14f664be0f,1200,800,RGB,218397,test
PHYTO_RAW_2823,Dataset of groundnut plant leaf images for classification and detection/Raw_Data/nutrition deficiency/IMG_5796.JPG,IMG_5796.JPG,nutrition_deficiency,edcaf5316144e89d2792b875487fb74677421caee8d4dead8989b1ff1b92a295,1200,800,RGB,215273,train
PHYTO_RAW_2824,Dataset of groundnut plant leaf images for classification and detection/Raw_Data/nutrition deficiency/IMG_5797.JPG,IMG_5797.JPG,nutrition_deficiency,269658b8a4f7169aedfc0cb9f85265a62e62833ae1a7d26cd43dee566a330dfb,1200,800,RGB,231748,train
PHYTO_RAW_2825,Dataset of groundnut plant leaf images for classification and detection/Raw_Data/nutrition deficiency/IMG_5798.JPG,IMG_5798.JPG,nutrition_deficiency,b43d15d36feab2dbac7b73e0784737f0784225b227ab6b37abd8e58f0a4556b0,1200,800,RGB,302927,train
PHYTO_RAW_2826,Dataset of groundnut plant leaf images for classification and detection/Raw_Data/nutrition deficiency/IMG_5799.JPG,IMG_5799.JPG,nutrition_deficiency,91b9d5e649e7ec570b9ff06f9b344f7a2bba210dece78662f459acaf3d545768,1200,800,RGB,240307,train
PHYTO_RAW_2827,Dataset of groundnut plant leaf images for classification and detection/Raw_Data/nutrition deficiency/IMG_5800.JPG,IMG_5800.JPG,nutrition_deficiency,e831a84ea560be8ca6f77f199e67d07163c978548a1e18d0d75b678f50e47ed3,1200,800,RGB,284245,train
PHYTO_RAW_2828,Dataset of groundnut plant leaf images for classification and detection/Raw_Data/nutrition deficiency/IMG_5801.JPG,IMG_5801.JPG,nutrition_deficiency,50521b6b3b1e8ea2d8e3f08b92cd4486e84965fdad6b2dfe3634afa6d295c9fb,1200,800,RGB,403496,train
PHYTO_RAW_2829,Dataset of groundnut plant leaf images for classification and detection/Raw_Data/nutrition deficiency/IMG_5802.JPG,IMG_5802.JPG,nutrition_deficiency,e1c451730544606ccc9487830a4841e034b23aacce6cb3d0667fe5cfb6902851,1200,800,RGB,439291,validation
PHYTO_RAW_2830,Dataset of groundnut plant leaf images for classification and detection/Raw_Data/nutrition deficiency/IMG_5808.JPG,IMG_5808.JPG,nutrition_deficiency,57d6ef971908219800baf12f35e9039fa06b6b9e0ddc9fe02d222317221aee4e,1200,800,RGB,285640,validation
PHYTO_RAW_2831,Dataset of groundnut plant leaf images for classification and detection/Raw_Data/nutrition deficiency/IMG_5809.JPG,IMG_5809.JPG,nutrition_deficiency,7397e902c552ffe6994b55ef1c7e3020ebb9936785bd98d5fb18bcd4b161eebf,1200,800,RGB,292033,train
PHYTO_RAW_2832,Dataset of groundnut plant leaf images for classification and detection/Raw_Data/nutrition deficiency/IMG_5810.JPG,IMG_5810.JPG,nutrition_deficiency,dacd88561c2bc156341ccc49ae70311395627ae90f28808a5cbf89e5a4af7a02,1200,800,RGB,296488,train
PHYTO_RAW_2833,Dataset of groundnut plant leaf images for classification and detection/Raw_Data/rust/IMG_8842.JPG,IMG_8842.JPG,rust,044c2765c0fd6f5fb80dd36b109d09cdc32885d320741da61048399bbaf5ab24,1200,800,RGB,196868,train
PHYTO_RAW_2834,Dataset of groundnut plant leaf images for classification and detection/Raw_Data/rust/IMG_8843.JPG,IMG_8843.JPG,rust,c8f2a717bacdc42176117aa27409d58a73537658459f77cd053aefba51b284e7,1200,800,RGB,241007,train
PHYTO_RAW_2835,Dataset of groundnut plant leaf images for classification and detection/Raw_Data/rust/IMG_8844.JPG,IMG_8844.JPG,rust,393f46f242cb7e5e4f49ac93d7603fc56d0ace569ca6468c4db116e5d358938e,1200,800,RGB,261000,train
PHYTO_RAW_2836,Dataset of groundnut plant leaf images for classification and detection/Raw_Data/rust/IMG_8846.JPG,IMG_8846.JPG,rust,2c0ebe44953b5756b9cb8daac87e95445821e9ae2053c7b6d4e597e0e3ce8167,1200,800,RGB,225180,train
PHYTO_RAW_2837,Dataset of groundnut plant leaf images for classification and detection/Raw_Data/rust/IMG_8848.JPG,IMG_8848.JPG,rust,9d00a28ec5107db6d489ea99773f4c1c7a3cbbf8b7b7f9c613d5bf25717dd3bd,1200,800,RGB,218651,train
PHYTO_RAW_2838,Dataset of groundnut plant leaf images for classification and detection/Raw_Data/rust/IMG_8849.JPG,IMG_8849.JPG,rust,7f880f0ed0572b408965c7cbd17913222a0708654eb806b763bb823246d28d10,1200,800,RGB,207620,validation
PHYTO_RAW_2839,Dataset of groundnut plant leaf images for classification and detection/Raw_Data/rust/IMG_8850.JPG,IMG_8850.JPG,rust,e38094efac7ab1ff0c863723873f40535f99c6b4683a5abd7bd4aacce916e30a,1200,800,RGB,222999,train
PHYTO_RAW_2840,Dataset of groundnut plant leaf images for classification and detection/Raw_Data/rust/IMG_8851.JPG,IMG_8851.JPG,rust,159a321dae1bc32e456ac5418e50db1f0db9e77ef00cae9d8f21215ba8c1378f,1200,800,RGB,250064,validation
PHYTO_RAW_2841,Dataset of groundnut plant leaf images for classification and detection/Raw_Data/rust/IMG_8852.JPG,IMG_8852.JPG,rust,03d6f5e251ac4b6942f4ff96bae7aa31bb259155e42177747b192a5692044bae,1200,800,RGB,213326,train
PHYTO_RAW_2842,Dataset of groundnut plant leaf images for classification and detection/Raw_Data/rust/IMG_8853.JPG,IMG_8853.JPG,rust,d54b1ae93a992f14423ce07606bde4b9abc79507ae6a71ffee151ba5234c9d41,1200,800,RGB,190234,train
PHYTO_RAW_2843,Dataset of groundnut plant leaf images for classification and detection/Raw_Data/rust/IMG_8854.JPG,IMG_8854.JPG,rust,cc66ee23a7b5c181a786d2bef626b7369d70b07856956602f0fd227d05a70626,1200,800,RGB,198484,validation
PHYTO_RAW_2844,Dataset of groundnut plant leaf images for classification and detection/Raw_Data/rust/IMG_8855.JPG,IMG_8855.JPG,rust,5e18e63fb573305a84362a3c12afe5ea085996aeba47ab8ccaed5886079091dd,1200,800,RGB,224254,validation
PHYTO_RAW_2845,Dataset of groundnut plant leaf images for classification and detection/Raw_Data/rust/IMG_8856.JPG,IMG_8856.JPG,rust,cb62ce3f6bd8567c4d7a2e40cc5413f632aa3ecaad2b5a89be25e0793a1ca389,1200,800,RGB,216580,train
PHYTO_RAW_2846,Dataset of groundnut plant leaf images for classification and detection/Raw_Data/rust/IMG_8857.JPG,IMG_8857.JPG,rust,d0a08837ee27520b5cd4a6226cfa9780913fc456e3fd3c51f691290c054a9924,1200,800,RGB,239755,validation
PHYTO_RAW_2847,Dataset of groundnut plant leaf images for classification and detection/Raw_Data/rust/IMG_8858.JPG,IMG_8858.JPG,rust,f7bf9f86dd71c459b7502c88a5b16969cec0738d71d8acb60ddf536bbd3fa590,1200,800,RGB,222169,train
PHYTO_RAW_2848,Dataset of groundnut plant leaf images for classification and detection/Raw_Data/rust/IMG_8859.JPG,IMG_8859.JPG,rust,299698efc32de9c06f8aefca684c6298662759ad4b89cd26f5dbacd82f40ba94,1200,800,RGB,227491,train
PHYTO_RAW_2849,Dataset of groundnut plant leaf images for classification and detection/Raw_Data/rust/IMG_8860.JPG,IMG_8860.JPG,rust,e6a6c3e4e6b5298808edb87def6cc2fbccb44b9e4e3d7782b7e13b869ff870a0,1200,800,RGB,235634,train
PHYTO_RAW_2850,Dataset of groundnut plant leaf images for classification and detection/Raw_Data/rust/IMG_8861.JPG,IMG_8861.JPG,rust,53deaa24773679bd893c564b3187923d9c3f1c5f7e335f1a24ded3b770bcb140,1200,800,RGB,206908,train
PHYTO_RAW_2851,Dataset of groundnut plant leaf images for classification and detection/Raw_Data/rust/IMG_8862.JPG,IMG_8862.JPG,rust,672c6171f246fd731c449d8c8c75ec7e98a84b22441ba7f4ab0072f6c4970a50,1200,800,RGB,236662,train
PHYTO_RAW_2852,Dataset of groundnut plant leaf images for classification and detection/Raw_Data/rust/IMG_8863.JPG,IMG_8863.JPG,rust,95bc8966036adb53dab9002881b38068dfe33c7b220dc85dc7e5d119d41c6a60,1200,800,RGB,366144,test
PHYTO_RAW_2853,Dataset of groundnut plant leaf images for classification and detection/Raw_Data/rust/IMG_8864.JPG,IMG_8864.JPG,rust,3e0ad8c5f5f86c2c8075337960f63ade1749d2eddf47850119e5fdd7b7631334,1200,800,RGB,230302,test
PHYTO_RAW_2854,Dataset of groundnut plant leaf images for classification and detection/Raw_Data/rust/IMG_8865.JPG,IMG_8865.JPG,rust,ea4d23adf9a4f516395a49486f1dcf6442837f22c3050afcbd64e78d37e8b01a,1200,800,RGB,251135,train
PHYTO_RAW_2855,Dataset of groundnut plant leaf images for classification and detection/Raw_Data/rust/IMG_8866.JPG,IMG_8866.JPG,rust,240f47a4235fb833b98ff61442be7f2936e58fda72b6a62ff52294a41f51209c,1200,800,RGB,238461,validation
PHYTO_RAW_2856,Dataset of groundnut plant leaf images for classification and detection/Raw_Data/rust/IMG_8867.JPG,IMG_8867.JPG,rust,31bf81c7945996a2157f7037b3a82780bb4283a8f43e9dbcd996d27a9785ae16,1200,800,RGB,269517,train
PHYTO_RAW_2857,Dataset of groundnut plant leaf images for classification and detection/Raw_Data/rust/IMG_8868.JPG,IMG_8868.JPG,rust,505bbcd4c709d5d1212ca053ed6d6261c3d0f89262210e5434f6fdd674b0262c,1200,800,RGB,217812,train
PHYTO_RAW_2858,Dataset of groundnut plant leaf images for classification and detection/Raw_Data/rust/IMG_8869.JPG,IMG_8869.JPG,rust,4c74ddef9c65ce366c3d99d821862118a89acf2a117e696a4eb34250caafaa4c,1200,800,RGB,244660,validation
PHYTO_RAW_2859,Dataset of groundnut plant leaf images for classification and detection/Raw_Data/rust/IMG_8870.JPG,IMG_8870.JPG,rust,ff4eb7a357622b2b9688b058968fb3d0541d982108dd83dde4dfb62c52d9c698,1200,800,RGB,235488,train
PHYTO_RAW_2860,Dataset of groundnut plant leaf images for classification and detection/Raw_Data/rust/IMG_8871.JPG,IMG_8871.JPG,rust,ba278c410a89e4c588280ed9adacc33d0b6ad87937bbd8c9021a3b1f975deece,1200,800,RGB,210963,validation
PHYTO_RAW_2861,Dataset of groundnut plant leaf images for classification and detection/Raw_Data/rust/IMG_8872.JPG,IMG_8872.JPG,rust,657b50d89ff1fef14829c118ca92464cc2d0a96c1e395a6657aad544c034a60d,1200,800,RGB,214144,train
PHYTO_RAW_2862,Dataset of groundnut plant leaf images for classification and detection/Raw_Data/rust/IMG_8873.JPG,IMG_8873.JPG,rust,2c5693ca422309d28873490290e3670c2dfb624675b5bbda4431aa0f696b2820,1200,800,RGB,217891,train
PHYTO_RAW_2863,Dataset of groundnut plant leaf images for classification and detection/Raw_Data/rust/IMG_8874.JPG,IMG_8874.JPG,rust,8e3672ff4a37b81917603230d54d5ee921cf9321e8eea6f2d622bfcdaf93897c,1200,800,RGB,264033,train
PHYTO_RAW_2864,Dataset of groundnut plant leaf images for classification and detection/Raw_Data/rust/IMG_8875.JPG,IMG_8875.JPG,rust,8f2ed63656529da3ade05a6e61d5089687070d685082a07365d4084236a8d7b0,1200,800,RGB,260848,test
PHYTO_RAW_2865,Dataset of groundnut plant leaf images for classification and detection/Raw_Data/rust/IMG_8876.JPG,IMG_8876.JPG,rust,e01483b95409ff32ab0bb51bba1fb62398eec89e2d8f9014745dcc714d1e8cad,1200,800,RGB,296548,train
PHYTO_RAW_2866,Dataset of groundnut plant leaf images for classification and detection/Raw_Data/rust/IMG_8877.JPG,IMG_8877.JPG,rust,465cc62df3ec44711fc72ab4fbf25749331dd563c11b14cb18ae656ce826b2ae,1200,800,RGB,288032,train
PHYTO_RAW_2867,Dataset of groundnut plant leaf images for classification and detection/Raw_Data/rust/IMG_8878.JPG,IMG_8878.JPG,rust,42a43836325f1428515989733ef39f82a90d5fa1e5185fc88e20f85486431c8c,1200,800,RGB,210450,train
PHYTO_RAW_2868,Dataset of groundnut plant leaf images for classification and detection/Raw_Data/rust/IMG_8879.JPG,IMG_8879.JPG,rust,137584c03cbc619a332f1d0a321f34def12bc6f8caa24643cf5c0a3ebc88dbc7,1200,800,RGB,229752,train
PHYTO_RAW_2869,Dataset of groundnut plant leaf images for classification and detection/Raw_Data/rust/IMG_8880.JPG,IMG_8880.JPG,rust,7a89431570b18a44580897c6c6e8ddac93cad65d1e8cbd523338b6e63330b86c,1200,800,RGB,207234,train
PHYTO_RAW_2870,Dataset of groundnut plant leaf images for classification and detection/Raw_Data/rust/IMG_8881.JPG,IMG_8881.JPG,rust,c8c0b46d1fa0e2a696d3d04026aa35e05546c26512c945f5b78188143d435d57,1200,800,RGB,438859,test
PHYTO_RAW_2871,Dataset of groundnut plant leaf images for classification and detection/Raw_Data/rust/IMG_8882.JPG,IMG_8882.JPG,rust,6440afaa1c2d22a9be73be631ab007dc603984973a1193a1ffcf07fc7ad6b078,1200,800,RGB,506178,train
PHYTO_RAW_2872,Dataset of groundnut plant leaf images for classification and detection/Raw_Data/rust/IMG_8883.JPG,IMG_8883.JPG,rust,0d8c67121a37eb30c32f23ad18d33985c3bf590d932c1bc73eb124ef32638b07,1200,800,RGB,242981,train
PHYTO_RAW_2873,Dataset of groundnut plant leaf images for classification and detection/Raw_Data/rust/IMG_8884.JPG,IMG_8884.JPG,rust,61f20fc470c5f5e03e320e5adae314f9b8aeac162f49c739c0fa2a4cb7f7ddf1,1200,800,RGB,211790,validation
PHYTO_RAW_2874,Dataset of groundnut plant leaf images for classification and detection/Raw_Data/rust/IMG_8885.JPG,IMG_8885.JPG,rust,166b672a040f52051df507c36cf501b95065006232c6ab4d3ca513e179ba1a5c,1200,800,RGB,213872,validation
PHYTO_RAW_2875,Dataset of groundnut plant leaf images for classification and detection/Raw_Data/rust/IMG_8886.JPG,IMG_8886.JPG,rust,ca9cc93a95ecab6f5350b0fd64d3e5dca61172787b28f38f874c943492da338c,1200,800,RGB,201457,train
PHYTO_RAW_2876,Dataset of groundnut plant leaf images for classification and detection/Raw_Data/rust/IMG_8887.JPG,IMG_8887.JPG,rust,46d081944a4fa113c44c029a37bb02474245262bfc4bab8e52240712bf3c85e7,1200,800,RGB,255810,validation
PHYTO_RAW_2877,Dataset of groundnut plant leaf images for classification and detection/Raw_Data/rust/IMG_8888.JPG,IMG_8888.JPG,rust,613b363472205509943b1fadf14f2e40f03690f4cb1d4237b6ee52bcfd7af425,1200,800,RGB,243713,train
PHYTO_RAW_2878,Dataset of groundnut plant leaf images for classification and detection/Raw_Data/rust/IMG_8889.JPG,IMG_8889.JPG,rust,8da93967637eecf5225954eb4edeb49036d4f628f1a1cc5347e8f7714b72257b,1200,800,RGB,259394,train
PHYTO_RAW_2879,Dataset of groundnut plant leaf images for classification and detection/Raw_Data/rust/IMG_8890.JPG,IMG_8890.JPG,rust,c469a8172ab4a013d234db2dd0ea90c009e43a15242f0f05ea977c7a26c8a8c7,1200,800,RGB,230878,validation
PHYTO_RAW_2880,Dataset of groundnut plant leaf images for classification and detection/Raw_Data/rust/IMG_8891.JPG,IMG_8891.JPG,rust,d2883b8bf266e4e25809261417cfefc11b4ad567c1849eb8cb02a47a7b74de88,1200,800,RGB,233592,train
PHYTO_RAW_2881,Dataset of groundnut plant leaf images for classification and detection/Raw_Data/rust/IMG_8892.JPG,IMG_8892.JPG,rust,aafc3f62a8fae7fd9c2b278ea5624bba7977b3334f062ec9a8d463db98b85845,1200,800,RGB,222299,test
PHYTO_RAW_2882,Dataset of groundnut plant leaf images for classification and detection/Raw_Data/rust/IMG_8893.JPG,IMG_8893.JPG,rust,8a4d7f04fde15e0ca3dcdbfd93e06afccee9124db06a914d467278b3c0d913e0,1200,800,RGB,239035,train
PHYTO_RAW_2883,Dataset of groundnut plant leaf images for classification and detection/Raw_Data/rust/IMG_8894.JPG,IMG_8894.JPG,rust,6d76d614ebc771326d42504f1e030df1bd93a60b69ceaf7683dace2c9280e609,1200,800,RGB,217438,validation
PHYTO_RAW_2884,Dataset of groundnut plant leaf images for classification and detection/Raw_Data/rust/IMG_8895.JPG,IMG_8895.JPG,rust,6f6b2b92707469c3302ea5b1a46c0eb8a96fb0dd5e1465f7d5922c62abc99d27,1200,800,RGB,243329,train
PHYTO_RAW_2885,Dataset of groundnut plant leaf images for classification and detection/Raw_Data/rust/IMG_8896.JPG,IMG_8896.JPG,rust,c1b8bc663ac5e80f55fbfcd993f514fdcf5c64275527f5115f563125ce1bb275,1200,800,RGB,246941,train
PHYTO_RAW_2886,Dataset of groundnut plant leaf images for classification and detection/Raw_Data/rust/IMG_8897.JPG,IMG_8897.JPG,rust,840921eacfde6eb7c70af970be9d7ce8dd5e7117fd058809014024eecc03e204,1200,800,RGB,207848,train
PHYTO_RAW_2887,Dataset of groundnut plant leaf images for classification and detection/Raw_Data/rust/IMG_8898.JPG,IMG_8898.JPG,rust,9d59cc78e93b0f44136a74a0c7474bbe70da1b9b73be1f1e711f13c0f00117c0,1200,800,RGB,258932,validation
PHYTO_RAW_2888,Dataset of groundnut plant leaf images for classification and detection/Raw_Data/rust/IMG_8899.JPG,IMG_8899.JPG,rust,ece13c24a686440c763e0581942b697b020a4d9be2f23e68886f269efe875bc0,1200,800,RGB,230204,train
PHYTO_RAW_2889,Dataset of groundnut plant leaf images for classification and detection/Raw_Data/rust/IMG_8900.JPG,IMG_8900.JPG,rust,54a9ce71e3ca3465503b77e7ea59c8cd5070f93c62cfee4743e34f740e195b37,1200,800,RGB,228609,train
PHYTO_RAW_2890,Dataset of groundnut plant leaf images for classification and detection/Raw_Data/rust/IMG_8901.JPG,IMG_8901.JPG,rust,56e3af099dbbce7f73ca8196600a531307f24b66306a7f67cecc47940123adef,1200,800,RGB,188366,validation
PHYTO_RAW_2891,Dataset of groundnut plant leaf images for classification and detection/Raw_Data/rust/IMG_8902.JPG,IMG_8902.JPG,rust,9bcd27ecc556fecb49bc652ab697c09a4e7d42979aaf7c6f4552470be10e13f4,1200,800,RGB,217517,test
PHYTO_RAW_2892,Dataset of groundnut plant leaf images for classification and detection/Raw_Data/rust/IMG_8903.JPG,IMG_8903.JPG,rust,c61dbffc6029f543077770ce7247480aef3f4a7f1fade198a742ff8b4fe547c4,1200,800,RGB,246437,train
PHYTO_RAW_2893,Dataset of groundnut plant leaf images for classification and detection/Raw_Data/rust/IMG_8904.JPG,IMG_8904.JPG,rust,0897f3080a886c0fda3da49dcc110e1fac4c722e16e0b0bdca681c483d44e5f0,1200,800,RGB,257682,train
PHYTO_RAW_2894,Dataset of groundnut plant leaf images for classification and detection/Raw_Data/rust/IMG_8905.JPG,IMG_8905.JPG,rust,71d72dbf04d82143dcedbe3044d55e0abacaa2f2b00ccf4b900de9aa8a387604,1200,800,RGB,275080,train
PHYTO_RAW_2895,Dataset of groundnut plant leaf images for classification and detection/Raw_Data/rust/IMG_8906.JPG,IMG_8906.JPG,rust,e926d18d0d3690966f37c660d739064cd75cfab44e4f0bf35deb260a9e61a521,1200,800,RGB,258045,test
PHYTO_RAW_2896,Dataset of groundnut plant leaf images for classification and detection/Raw_Data/rust/IMG_8907.JPG,IMG_8907.JPG,rust,d750781003564babad164a457ffcccec28bb5d4a8a43c35fd40e21a29ab92a34,1200,800,RGB,271648,train
PHYTO_RAW_2897,Dataset of groundnut plant leaf images for classification and detection/Raw_Data/rust/IMG_8908.JPG,IMG_8908.JPG,rust,b225c55c62b05f2b7a045c6c2825cdc6b407779f2510ff97d11b614caaadea95,1200,800,RGB,282460,train
PHYTO_RAW_2898,Dataset of groundnut plant leaf images for classification and detection/Raw_Data/rust/IMG_8909.JPG,IMG_8909.JPG,rust,f7dcd4913f26440695510c9796713d5d4f7b40f104548cf57a835562e32af9c8,1200,800,RGB,358832,validation
PHYTO_RAW_2899,Dataset of groundnut plant leaf images for classification and detection/Raw_Data/rust/IMG_8910.JPG,IMG_8910.JPG,rust,da3971fc907b45d0b648c593db462b64793493d314d7af28bdf4a8e0b0a43c0a,1200,800,RGB,192427,train
PHYTO_RAW_2900,Dataset of groundnut plant leaf images for classification and detection/Raw_Data/rust/IMG_8911.JPG,IMG_8911.JPG,rust,09746104d1ab4c784865432a254b3ecf0a860774ab71b92dd5523625154f902f,1200,800,RGB,201466,test
PHYTO_RAW_2901,Dataset of groundnut plant leaf images for classification and detection/Raw_Data/rust/IMG_8912.JPG,IMG_8912.JPG,rust,78eab35d7deee12e60badbb846f76a8d80568288dd4c4aa8a110ff4d1fd9e581,1200,800,RGB,195692,train
PHYTO_RAW_2902,Dataset of groundnut plant leaf images for classification and detection/Raw_Data/rust/IMG_8913.JPG,IMG_8913.JPG,rust,6c8dbe519681a83ccd3668397295bcf89d43bfb37ff9186e2b61aeedfa2342ac,1200,800,RGB,221517,train
PHYTO_RAW_2903,Dataset of groundnut plant leaf images for classification and detection/Raw_Data/rust/IMG_8914.JPG,IMG_8914.JPG,rust,3565fbad07a46a20fa3ecd91af7f59babec011b218d62831fe78ce5d311da6fa,1200,800,RGB,217250,train
PHYTO_RAW_2904,Dataset of groundnut plant leaf images for classification and detection/Raw_Data/rust/IMG_8915.JPG,IMG_8915.JPG,rust,04d3fbf11e1069ee888b83d4d05d535dee53175db0099bb65004e29fb7657497,1200,800,RGB,190904,validation
PHYTO_RAW_2905,Dataset of groundnut plant leaf images for classification and detection/Raw_Data/rust/IMG_8916.JPG,IMG_8916.JPG,rust,e97d2c2efc4ef37f11209747f6c2fb7766a9a592ef6069fc03c53efb10c78348,1200,800,RGB,249481,train
PHYTO_RAW_2906,Dataset of groundnut plant leaf images for classification and detection/Raw_Data/rust/IMG_8917.JPG,IMG_8917.JPG,rust,ea9cc52f4d2e31d6316e56402cada78152f9bc908cdcdcfb73fe9da9cc7381f3,1200,800,RGB,170625,test
PHYTO_RAW_2907,Dataset of groundnut plant leaf images for classification and detection/Raw_Data/rust/IMG_8918.JPG,IMG_8918.JPG,rust,a7851b365d2861716a61c764714d03996110b4bf70f7033b7615bea33ea5729c,1200,800,RGB,208489,train
PHYTO_RAW_2908,Dataset of groundnut plant leaf images for classification and detection/Raw_Data/rust/IMG_8919.JPG,IMG_8919.JPG,rust,15b6cac6cc8a46aa650f50ac38beada91208c2c364ee93b9ec24173b6c753c67,1200,800,RGB,253311,test
PHYTO_RAW_2909,Dataset of groundnut plant leaf images for classification and detection/Raw_Data/rust/IMG_8920.JPG,IMG_8920.JPG,rust,8846cbb9aa7f476ebaf600928050a6bbd52200ad4dbe3234471458004268fad9,1200,800,RGB,275907,train
PHYTO_RAW_2910,Dataset of groundnut plant leaf images for classification and detection/Raw_Data/rust/IMG_8921.JPG,IMG_8921.JPG,rust,eadda6dae80f8429446e0294b8fe6cce47335d5b6e9bd9d92ddeb8907ba3f717,1200,800,RGB,227719,train
PHYTO_RAW_2911,Dataset of groundnut plant leaf images for classification and detection/Raw_Data/rust/IMG_8922.JPG,IMG_8922.JPG,rust,5375f4bd762f19fad4bc73dc0941545152ea845bdd281a21b19664891eb95113,1200,800,RGB,249116,test
PHYTO_RAW_2912,Dataset of groundnut plant leaf images for classification and detection/Raw_Data/rust/IMG_8923.JPG,IMG_8923.JPG,rust,e6cb61cc4d6e114b3305b2dd9954ad7d2c964cce01e29a2ca315ccdcbfa37d28,1200,800,RGB,247856,train
PHYTO_RAW_2913,Dataset of groundnut plant leaf images for classification and detection/Raw_Data/rust/IMG_8924.JPG,IMG_8924.JPG,rust,49f91de4c908bb25cfafe05b7577db36508bc6f2da4a67b956d89233817f40c5,1200,800,RGB,242004,train
PHYTO_RAW_2914,Dataset of groundnut plant leaf images for classification and detection/Raw_Data/rust/IMG_8925.JPG,IMG_8925.JPG,rust,102e08cb580301d17fa152d2d7fa6526a07baf56ee9d03ae01023d596f3b718f,1200,800,RGB,203190,train
PHYTO_RAW_2915,Dataset of groundnut plant leaf images for classification and detection/Raw_Data/rust/IMG_8926.JPG,IMG_8926.JPG,rust,97b12cbe6fa7d9f6b7afb7ed212972ab21fe4ae98ccc19bbad70815ee4518790,1200,800,RGB,229241,train
PHYTO_RAW_2916,Dataset of groundnut plant leaf images for classification and detection/Raw_Data/rust/IMG_8927.JPG,IMG_8927.JPG,rust,1aa1de8cf377847beb39c4725a1b286d36668acd4de57e15b05e6de4b312b0f0,1200,800,RGB,236831,train
PHYTO_RAW_2917,Dataset of groundnut plant leaf images for classification and detection/Raw_Data/rust/IMG_8928.JPG,IMG_8928.JPG,rust,d7b840dc77d6465d3f987b44c42fb541897ee81e8c266ebcf52a1117c7f7123a,1200,800,RGB,303770,validation
PHYTO_RAW_2918,Dataset of groundnut plant leaf images for classification and detection/Raw_Data/rust/IMG_8929.JPG,IMG_8929.JPG,rust,b57124e7280d6b7cbe5120070e6f33a0fe2b496f9dcf604559a2bdf3ce3d7890,1200,800,RGB,377322,test
PHYTO_RAW_2919,Dataset of groundnut plant leaf images for classification and detection/Raw_Data/rust/IMG_8930.JPG,IMG_8930.JPG,rust,e05ac5f9178eb9aebacc05b25637260fa6693a1218cd4290863cbc8b3b206235,1200,800,RGB,366847,train
PHYTO_RAW_2920,Dataset of groundnut plant leaf images for classification and detection/Raw_Data/rust/IMG_8931.JPG,IMG_8931.JPG,rust,b21ff84b2ff2411a23ec8b60f48abf5f939f7e44c0628956791363e8a656aa0d,1200,800,RGB,331009,test
PHYTO_RAW_2921,Dataset of groundnut plant leaf images for classification and detection/Raw_Data/rust/IMG_8932.JPG,IMG_8932.JPG,rust,91a68b8113a03bf3577d1a7d4e9d97dd8f0a0555038b4f6344e61277cb599a0d,1200,800,RGB,297372,validation
PHYTO_RAW_2922,Dataset of groundnut plant leaf images for classification and detection/Raw_Data/rust/IMG_8933.JPG,IMG_8933.JPG,rust,e0354f5d774f6b0f1f02289347237682ae149b7169c50d5742ee1605dbd89baa,1200,800,RGB,196824,train
PHYTO_RAW_2923,Dataset of groundnut plant leaf images for classification and detection/Raw_Data/rust/IMG_8934.JPG,IMG_8934.JPG,rust,4fa46efeeae02a7689640a344a62965c9df5aa99df52412f932e80ee0764eba6,1200,800,RGB,196860,train
PHYTO_RAW_2924,Dataset of groundnut plant leaf images for classification and detection/Raw_Data/rust/IMG_8935.JPG,IMG_8935.JPG,rust,0caa3a3f2be60db2bf5241e94ac0d153d9ae73f9b5b0174b37cce6e942f3a926,1200,800,RGB,203768,test
PHYTO_RAW_2925,Dataset of groundnut plant leaf images for classification and detection/Raw_Data/rust/IMG_8936.JPG,IMG_8936.JPG,rust,6bc4a11cadd80d5fca9f5c7292badd85bf668a3c66b47af8e06279fe70f112f2,1200,800,RGB,313188,train
PHYTO_RAW_2926,Dataset of groundnut plant leaf images for classification and detection/Raw_Data/rust/IMG_8937.JPG,IMG_8937.JPG,rust,7002f5e9183ca57dd0052dc21b0afb26fbf882bf32fa806cd3edd452d8140614,1200,800,RGB,478931,train
PHYTO_RAW_2927,Dataset of groundnut plant leaf images for classification and detection/Raw_Data/rust/IMG_8938.JPG,IMG_8938.JPG,rust,ceb3151edf6a67d822356c7f1a6f79e1a621b9dbde326a0cb53dee4af1349b14,1200,800,RGB,475743,train
PHYTO_RAW_2928,Dataset of groundnut plant leaf images for classification and detection/Raw_Data/rust/IMG_8939.JPG,IMG_8939.JPG,rust,6645a3a1e3eab6a2bed4f00979531950c45553358caf9d686ca704309fd785b8,1200,800,RGB,273581,train
PHYTO_RAW_2929,Dataset of groundnut plant leaf images for classification and detection/Raw_Data/rust/IMG_8940.JPG,IMG_8940.JPG,rust,a4fd832ba0d34b9292d86288cf2af07c238e99bdac560a7de96c9feabed5a2ce,1200,800,RGB,251556,validation
PHYTO_RAW_2930,Dataset of groundnut plant leaf images for classification and detection/Raw_Data/rust/IMG_8941.JPG,IMG_8941.JPG,rust,86b7e6e4808432c506b3cefea7addd4cc4c7d67bb4abf369a0372ef7ff1b9fd9,1200,800,RGB,252635,test
PHYTO_RAW_2931,Dataset of groundnut plant leaf images for classification and detection/Raw_Data/rust/IMG_8942.JPG,IMG_8942.JPG,rust,fb346efca3888976dd14f32f5c3cc1f803c65ba36e45486b49e94520f53bd3eb,1200,800,RGB,253396,test
PHYTO_RAW_2932,Dataset of groundnut plant leaf images for classification and detection/Raw_Data/rust/IMG_8943.JPG,IMG_8943.JPG,rust,fac8adc0468573123663dcfaf0351d1b7e2b0989c5f29c8d6a3d4b5c2b416db6,1200,800,RGB,260459,train
PHYTO_RAW_2933,Dataset of groundnut plant leaf images for classification and detection/Raw_Data/rust/IMG_8944.JPG,IMG_8944.JPG,rust,c31ebd2515d5d773a0d47ce6c8ea870cf5e60afd9392e96fc11f53f22e049af7,1200,800,RGB,259874,train
PHYTO_RAW_2934,Dataset of groundnut plant leaf images for classification and detection/Raw_Data/rust/IMG_8945.JPG,IMG_8945.JPG,rust,6b2a9eaf8da0b7f5f393d2122bdc9108d09970c5e2c07f102721cdd2dcb002b9,1200,800,RGB,253332,train
PHYTO_RAW_2935,Dataset of groundnut plant leaf images for classification and detection/Raw_Data/rust/IMG_8946.JPG,IMG_8946.JPG,rust,c18437a4dc786d54e281e71e2d6b8b245bd40d74891cc0ac947c12402ac50a17,1200,800,RGB,508604,train
PHYTO_RAW_2936,Dataset of groundnut plant leaf images for classification and detection/Raw_Data/rust/IMG_8947.JPG,IMG_8947.JPG,rust,f7a3afa9d50f190c7f7dcd553f53073a3232931bc0528582f545fd51d1083c53,1200,800,RGB,542144,train
PHYTO_RAW_2937,Dataset of groundnut plant leaf images for classification and detection/Raw_Data/rust/IMG_8948.JPG,IMG_8948.JPG,rust,27542cfc7ceec4d2dd39304c1aabf9508c50275680edf010dff4100b213f8ca6,1200,800,RGB,187849,train
PHYTO_RAW_2938,Dataset of groundnut plant leaf images for classification and detection/Raw_Data/rust/IMG_8949.JPG,IMG_8949.JPG,rust,47e1c2b031f598c33e54ae80eb11ec68fceebc022dc3e8c4af3f839669d11306,1200,800,RGB,447400,train
PHYTO_RAW_2939,Dataset of groundnut plant leaf images for classification and detection/Raw_Data/rust/IMG_8950.JPG,IMG_8950.JPG,rust,744e5ae570b5d564c6b82cc1d1c7a709d44f1992d20a585aaecc545a16aae122,1200,800,RGB,480207,train
PHYTO_RAW_2940,Dataset of groundnut plant leaf images for classification and detection/Raw_Data/rust/IMG_8951.JPG,IMG_8951.JPG,rust,72425e47217ab8a816a5789a03eccf59fddf35b9a31389ccab5a5ee5da1687ee,1200,800,RGB,222992,train
PHYTO_RAW_2941,Dataset of groundnut plant leaf images for classification and detection/Raw_Data/rust/IMG_8952.JPG,IMG_8952.JPG,rust,0f267e6edc1e07366e5baab82cc562738b70ad02edf4a4f192042c6ac6666ad2,1200,800,RGB,235595,train
PHYTO_RAW_2942,Dataset of groundnut plant leaf images for classification and detection/Raw_Data/rust/IMG_8953.JPG,IMG_8953.JPG,rust,8faa4d223b9f95cfd1bac38ef38ecfac531559e41bebb35873a104e640ad34a1,1200,800,RGB,208583,test
PHYTO_RAW_2943,Dataset of groundnut plant leaf images for classification and detection/Raw_Data/rust/IMG_8954.JPG,IMG_8954.JPG,rust,00763ff5f8e26f886984483d87d5c9a367a18d5e92e71a8a6eec2221bbe22349,1200,800,RGB,234971,train
PHYTO_RAW_2944,Dataset of groundnut plant leaf images for classification and detection/Raw_Data/rust/IMG_8955.JPG,IMG_8955.JPG,rust,4af1d9bc48085d4fdb24cdb091d11f8408746fff1153cbafacc064a87588f995,1200,800,RGB,246978,test
PHYTO_RAW_2945,Dataset of groundnut plant leaf images for classification and detection/Raw_Data/rust/IMG_8956.JPG,IMG_8956.JPG,rust,20e9d73540138605adf32d576f6824948f86bc9ecbe106071ae656a1290fafab,1200,800,RGB,223436,validation
PHYTO_RAW_2946,Dataset of groundnut plant leaf images for classification and detection/Raw_Data/rust/IMG_8957.JPG,IMG_8957.JPG,rust,d62a4216882fbf805aad002073c355bd7acb6f1f2e22292237819da396f75ea2,1200,800,RGB,286931,train
PHYTO_RAW_2947,Dataset of groundnut plant leaf images for classification and detection/Raw_Data/rust/IMG_8958.JPG,IMG_8958.JPG,rust,2f466e8c71f0eb967fe72db1047dd176bd5a4656599e78752ddad86e8433cf24,1200,800,RGB,243085,train
PHYTO_RAW_2948,Dataset of groundnut plant leaf images for classification and detection/Raw_Data/rust/IMG_8959.JPG,IMG_8959.JPG,rust,bbb9d914741a19bf5a15d6b64bc0aea7f8feeaace6beaf6ebcb47d9f0535ec22,1200,800,RGB,264767,test
PHYTO_RAW_2949,Dataset of groundnut plant leaf images for classification and detection/Raw_Data/rust/IMG_8960.JPG,IMG_8960.JPG,rust,739b00fb589f29250124082b0419a3ce2ee8211707d53f31576e76e67921df58,1200,800,RGB,311754,train
PHYTO_RAW_2950,Dataset of groundnut plant leaf images for classification and detection/Raw_Data/rust/IMG_8961.JPG,IMG_8961.JPG,rust,057faa1eb4484c2d0875b7016d2d582db90825afb606b970a12f1ddadd6001d8,1200,800,RGB,324221,train
PHYTO_RAW_2951,Dataset of groundnut plant leaf images for classification and detection/Raw_Data/rust/IMG_8962.JPG,IMG_8962.JPG,rust,263a247efc6421c80241bb3798ed520c29fdd45e7335066f1e92b19f67ad3d70,1200,800,RGB,281202,train
PHYTO_RAW_2952,Dataset of groundnut plant leaf images for classification and detection/Raw_Data/rust/IMG_8963.JPG,IMG_8963.JPG,rust,1960eb8add0758347b01f4c2d26c6b8feb44a575cc3f3b359fe120fc99667892,1200,800,RGB,299460,test
PHYTO_RAW_2953,Dataset of groundnut plant leaf images for classification and detection/Raw_Data/rust/IMG_8964.JPG,IMG_8964.JPG,rust,465a5c88c263f6b25edac028aa110d1df5b6d0eda488c721af706d3fce35acde,1200,800,RGB,238381,train
PHYTO_RAW_2954,Dataset of groundnut plant leaf images for classification and detection/Raw_Data/rust/IMG_8965.JPG,IMG_8965.JPG,rust,a18f155ef41f94008e9346dbb9d19ed584393d130a1095f9c59886ab6b870601,1200,800,RGB,259215,train
PHYTO_RAW_2955,Dataset of groundnut plant leaf images for classification and detection/Raw_Data/rust/IMG_8966.JPG,IMG_8966.JPG,rust,6e97fd6714a14cfae18499d17cceb055e31894f0d39d13edbbe61586f2443ebd,1200,800,RGB,286724,validation
PHYTO_RAW_2956,Dataset of groundnut plant leaf images for classification and detection/Raw_Data/rust/IMG_8967.JPG,IMG_8967.JPG,rust,3fccbb1d50ac198616e6912adf1344cf18403b173ee0f8c85ad83c1b069dc4fc,1200,800,RGB,312423,train
PHYTO_RAW_2957,Dataset of groundnut plant leaf images for classification and detection/Raw_Data/rust/IMG_8968.JPG,IMG_8968.JPG,rust,46eead2fa7b2cdc0ec653c1f9fa8326f2e5a2cdf6013a2cb0b1eecf39d99d382,1200,800,RGB,275858,test
PHYTO_RAW_2958,Dataset of groundnut plant leaf images for classification and detection/Raw_Data/rust/IMG_8969.JPG,IMG_8969.JPG,rust,06958ebf88bf0d9122cfa4407c26c9f38fa1801efdba988a8f1d0405fc0a3f54,1200,800,RGB,578156,train
PHYTO_RAW_2959,Dataset of groundnut plant leaf images for classification and detection/Raw_Data/rust/IMG_8970.JPG,IMG_8970.JPG,rust,452af9882b92259cbe8b2ecb8cf8d8a96c7e2728872f49986d299754f4cf0ab4,1200,800,RGB,424903,test
PHYTO_RAW_2960,Dataset of groundnut plant leaf images for classification and detection/Raw_Data/rust/IMG_8971.JPG,IMG_8971.JPG,rust,0b12321bc523798ba6cc140ed48ca4985b013243a0bf049e36e4b71cb2e01e88,1200,800,RGB,355345,train
PHYTO_RAW_2961,Dataset of groundnut plant leaf images for classification and detection/Raw_Data/rust/IMG_8972.JPG,IMG_8972.JPG,rust,fa6aaa955ac72c108c3d730611f7017b1c8b8f603ad76d382cd8c5f88051d8f4,1200,800,RGB,520121,train
PHYTO_RAW_2962,Dataset of groundnut plant leaf images for classification and detection/Raw_Data/rust/IMG_8973.JPG,IMG_8973.JPG,rust,fa8a8ccab7c355411350328a89c33b75fb10ed425795e900f3e24879a75cedb1,1200,800,RGB,384289,train
PHYTO_RAW_2963,Dataset of groundnut plant leaf images for classification and detection/Raw_Data/rust/IMG_8974.JPG,IMG_8974.JPG,rust,1733a3c900cd6cd7314b65899906bab500304680be8480c2c056021cad895626,1200,800,RGB,338222,validation
PHYTO_RAW_2964,Dataset of groundnut plant leaf images for classification and detection/Raw_Data/rust/IMG_8975.JPG,IMG_8975.JPG,rust,e95b7b5be2d52dfbca23f3d7f10d64b44e6ef6c322b6cac3874cfe8350a8f4a7,1200,800,RGB,227215,train
PHYTO_RAW_2965,Dataset of groundnut plant leaf images for classification and detection/Raw_Data/rust/IMG_8976.JPG,IMG_8976.JPG,rust,1da919dd4105ecec4be78c740de9b2956c615ad8177920fd80a38976e20b1046,1200,800,RGB,372119,train
PHYTO_RAW_2966,Dataset of groundnut plant leaf images for classification and detection/Raw_Data/rust/IMG_8977.JPG,IMG_8977.JPG,rust,50aa445b6cf4016cf863f98ee84bf7b1d2457282ba08966511490d1e81720129,1200,800,RGB,439187,train
PHYTO_RAW_2967,Dataset of groundnut plant leaf images for classification and detection/Raw_Data/rust/IMG_8978.JPG,IMG_8978.JPG,rust,0593e08337fa177b7d6cb5aebefb18f6fb6e519c4ca2bfe855444f9860c44ab2,1200,800,RGB,351329,test
PHYTO_RAW_2968,Dataset of groundnut plant leaf images for classification and detection/Raw_Data/rust/IMG_8979.JPG,IMG_8979.JPG,rust,0bc46e806e5b8ed3d68a3cfd57c7d9ff8a9cf5cc050cffcc9934a38b44287cb2,1200,800,RGB,346993,train
PHYTO_RAW_2969,Dataset of groundnut plant leaf images for classification and detection/Raw_Data/rust/IMG_8980.JPG,IMG_8980.JPG,rust,9dfeb04dbfd5b281815c413d29d5f4b138e6a77aa2ef91edd223d0be6d7c6361,1200,800,RGB,397241,validation
PHYTO_RAW_2970,Dataset of groundnut plant leaf images for classification and detection/Raw_Data/rust/IMG_8981.JPG,IMG_8981.JPG,rust,2f7d68da22f4b72cadfa5b7d02ddc7de8a5455f3758778f2c889762fa0f52179,1200,800,RGB,248516,test
PHYTO_RAW_2971,Dataset of groundnut plant leaf images for classification and detection/Raw_Data/rust/IMG_8982.JPG,IMG_8982.JPG,rust,be916f56ff727baf8d28e116836d9bc46b5c76fcb0bc3c61b0f79652f9384662,1200,800,RGB,230911,train
PHYTO_RAW_2972,Dataset of groundnut plant leaf images for classification and detection/Raw_Data/rust/IMG_8983.JPG,IMG_8983.JPG,rust,95642b65850b1ed641d0c544efa2dc8a77ffa472207e58c405f7b2814d1bd584,1200,800,RGB,259449,train
PHYTO_RAW_2973,Dataset of groundnut plant leaf images for classification and detection/Raw_Data/rust/IMG_8984.JPG,IMG_8984.JPG,rust,25f8267d11030332e642325d959f43ca1d52fb699f0cb37333bb37a4d2b1fbc9,1200,800,RGB,293856,train
PHYTO_RAW_2974,Dataset of groundnut plant leaf images for classification and detection/Raw_Data/rust/IMG_8985.JPG,IMG_8985.JPG,rust,566393919da5fc3f487559b322a185f4ad8fff3e13e5ebb84c4b3737d2b02c4b,1200,800,RGB,271139,train
PHYTO_RAW_2975,Dataset of groundnut plant leaf images for classification and detection/Raw_Data/rust/IMG_8986.JPG,IMG_8986.JPG,rust,2562aa84293a6a44cd7aa9704577ed2ea39ca7ce856755d42caf62342ca34e22,1200,800,RGB,307882,test
PHYTO_RAW_2976,Dataset of groundnut plant leaf images for classification and detection/Raw_Data/rust/IMG_8987.JPG,IMG_8987.JPG,rust,ba1bd72cc0781c67b1f9822ac816db90c1aa28291fb325a9747cd4ba16e5b65b,1200,800,RGB,240756,test
PHYTO_RAW_2977,Dataset of groundnut plant leaf images for classification and detection/Raw_Data/rust/IMG_8988.JPG,IMG_8988.JPG,rust,dd2f9880febd480fa3a6698f108c7ba68ed6a3bf2ebf2f621997a15a24df7adc,1200,800,RGB,279214,train
PHYTO_RAW_2978,Dataset of groundnut plant leaf images for classification and detection/Raw_Data/rust/IMG_8989.JPG,IMG_8989.JPG,rust,2331d2b8c6a4c04e0ef43ef42f19f7a37984e83203385a41d514e6220a887b62,1200,800,RGB,254510,train
PHYTO_RAW_2979,Dataset of groundnut plant leaf images for classification and detection/Raw_Data/rust/IMG_8990.JPG,IMG_8990.JPG,rust,5094fc2157433655e5e0371379ed2b82bb98a77de6ef5ff265b73926b2fbc58f,1200,800,RGB,296658,validation
PHYTO_RAW_2980,Dataset of groundnut plant leaf images for classification and detection/Raw_Data/rust/IMG_8991.JPG,IMG_8991.JPG,rust,0a0c7243ca8096073991abc9024bcd399a059ab12cd748c278765563b7053863,1200,800,RGB,281780,train
PHYTO_RAW_2981,Dataset of groundnut plant leaf images for classification and detection/Raw_Data/rust/IMG_8992.JPG,IMG_8992.JPG,rust,8972f6c0ce1256c478cb5fa10b6ce069cec3c71e7055c37b5d2827303321b5e5,1200,800,RGB,272422,train
PHYTO_RAW_2982,Dataset of groundnut plant leaf images for classification and detection/Raw_Data/rust/IMG_8993.JPG,IMG_8993.JPG,rust,efb185d202cce04be4709c3b9f796821fe871bc89da63586827e581337a241c6,1200,800,RGB,284188,train
PHYTO_RAW_2983,Dataset of groundnut plant leaf images for classification and detection/Raw_Data/rust/IMG_8994.JPG,IMG_8994.JPG,rust,c40adf8c9982fdb6bd21344612509858bd99726faef78f41f7e40b7b372aacac,1200,800,RGB,232421,train
PHYTO_RAW_2984,Dataset of groundnut plant leaf images for classification and detection/Raw_Data/rust/IMG_8995.JPG,IMG_8995.JPG,rust,a208c9e8e33ef1368243a7fcdf23d8e9b4ada6a85e76df291a891eb0309a31b3,1200,800,RGB,213364,validation
PHYTO_RAW_2985,Dataset of groundnut plant leaf images for classification and detection/Raw_Data/rust/IMG_8996.JPG,IMG_8996.JPG,rust,362a8b1f3dcecf9304a0910a5bec6bde4a8aabce0a5a3a7df9ffc19cb8a3cb29,1200,800,RGB,222859,validation
PHYTO_RAW_2986,Dataset of groundnut plant leaf images for classification and detection/Raw_Data/rust/IMG_8997.JPG,IMG_8997.JPG,rust,4affa8627779ceec710229f48d8f1e034c6f958bf50f73045272fbe8bd29e9ae,1200,800,RGB,242598,test
PHYTO_RAW_2987,Dataset of groundnut plant leaf images for classification and detection/Raw_Data/rust/IMG_8998.JPG,IMG_8998.JPG,rust,6750f369a13e8ca25b55231b870a78a5d67a85e8dffbcf0f0972a8bf199a2e26,1200,800,RGB,285995,validation
PHYTO_RAW_2988,Dataset of groundnut plant leaf images for classification and detection/Raw_Data/rust/IMG_8999.JPG,IMG_8999.JPG,rust,f87a35f81b514347a50cf53eee35eef97b3589da69213fe38ab727200ae745fb,1200,800,RGB,254892,train
PHYTO_RAW_2989,Dataset of groundnut plant leaf images for classification and detection/Raw_Data/rust/IMG_9000.JPG,IMG_9000.JPG,rust,57e9424a95513a9afc06e402df048b747bdbb60cad4539d4c024a592840b80a2,1200,800,RGB,533565,train
PHYTO_RAW_2990,Dataset of groundnut plant leaf images for classification and detection/Raw_Data/rust/IMG_9001.JPG,IMG_9001.JPG,rust,be67157a98419a6f33793f0f7d6822af370980e92dabd768914eeae57a86b930,1200,800,RGB,433077,train
PHYTO_RAW_2991,Dataset of groundnut plant leaf images for classification and detection/Raw_Data/rust/IMG_9002.JPG,IMG_9002.JPG,rust,9c12761548df950c15c18b67b2a55aa6463b3903dc6caa97c26ba1648080233b,1200,800,RGB,496388,train
PHYTO_RAW_2992,Dataset of groundnut plant leaf images for classification and detection/Raw_Data/rust/IMG_9003.JPG,IMG_9003.JPG,rust,07e0704fe625f25bd845f047f33c42ce0809cee3499e01106de9b84f2ffe9957,1200,800,RGB,468594,train
PHYTO_RAW_2993,Dataset of groundnut plant leaf images for classification and detection/Raw_Data/rust/IMG_9004.JPG,IMG_9004.JPG,rust,dc62e34c8401afeb46c893ebb6ce62ab6fc43ca93ee4b493856e57d078a37bcc,1200,800,RGB,496407,train
PHYTO_RAW_2994,Dataset of groundnut plant leaf images for classification and detection/Raw_Data/rust/IMG_9005.JPG,IMG_9005.JPG,rust,7d14a72e18efdc72ce85a257d7b7c15d0760b2a88c2cd071a05fd4455ce168ed,1200,800,RGB,372963,train
PHYTO_RAW_2995,Dataset of groundnut plant leaf images for classification and detection/Raw_Data/rust/IMG_9006.JPG,IMG_9006.JPG,rust,2d8d2274febe864b9194343504b72ec47686ff2fb7627febf229e02f1030fa3f,1200,800,RGB,272363,train
PHYTO_RAW_2996,Dataset of groundnut plant leaf images for classification and detection/Raw_Data/rust/IMG_9007.JPG,IMG_9007.JPG,rust,e5e561f0dbbfdc7db24b216891054b2e398a33078df2cfbf16fa5c6844fb4197,1200,800,RGB,279343,validation
PHYTO_RAW_2997,Dataset of groundnut plant leaf images for classification and detection/Raw_Data/rust/IMG_9008.JPG,IMG_9008.JPG,rust,9003242c47fe76daeaafca623b9af603ecc015015ede0613716fd2c9bc87192f,1200,800,RGB,276089,train
PHYTO_RAW_2998,Dataset of groundnut plant leaf images for classification and detection/Raw_Data/rust/IMG_9009.JPG,IMG_9009.JPG,rust,8c1d1c5656df6c2c80b59ea466e7b9a4f394bb290e4ce097a314d9b7d2c588f1,1200,800,RGB,342947,train
PHYTO_RAW_2999,Dataset of groundnut plant leaf images for classification and detection/Raw_Data/rust/IMG_9010.JPG,IMG_9010.JPG,rust,62cd62de6f35ba171653d738bee025be99b4a996f363b72d2cc793c00f96c797,1200,800,RGB,362856,test
PHYTO_RAW_3000,Dataset of groundnut plant leaf images for classification and detection/Raw_Data/rust/IMG_9011.JPG,IMG_9011.JPG,rust,9acb34c7f7b1df5cf4a798db3681a97e6aec7990d8315ae61a5612a739baa93f,1200,800,RGB,282816,test
PHYTO_RAW_3001,Dataset of groundnut plant leaf images for classification and detection/Raw_Data/rust/IMG_9012.JPG,IMG_9012.JPG,rust,1439193b24a80010ddc83029e82e58752a8333652f86569ddb4acc848c424840,1200,800,RGB,298755,train
PHYTO_RAW_3002,Dataset of groundnut plant leaf images for classification and detection/Raw_Data/rust/IMG_9013.JPG,IMG_9013.JPG,rust,cac3b3899fe071f9c1d971612bde1153c2181a8c40df421991c7398a550fe97b,1200,800,RGB,338726,train
PHYTO_RAW_3003,Dataset of groundnut plant leaf images for classification and detection/Raw_Data/rust/IMG_9014.JPG,IMG_9014.JPG,rust,980c7c811cbf9916005e2508bf3ac901ff44c048bb684eea3b1e862d6d6dbf02,1200,800,RGB,317971,validation
PHYTO_RAW_3004,Dataset of groundnut plant leaf images for classification and detection/Raw_Data/rust/IMG_9015.JPG,IMG_9015.JPG,rust,7ae217d656fa2220f35048c8c91da2f7acc96f561688687d168f4f498b33edd9,1200,800,RGB,322075,train
PHYTO_RAW_3005,Dataset of groundnut plant leaf images for classification and detection/Raw_Data/rust/IMG_9016.JPG,IMG_9016.JPG,rust,ff8364ec74c07f7caba100b328ae206b6009066d8729ed2d0be0b6ec576f5043,1200,800,RGB,311030,train
PHYTO_RAW_3006,Dataset of groundnut plant leaf images for classification and detection/Raw_Data/rust/IMG_9017.JPG,IMG_9017.JPG,rust,5e3b688d0a8527ba82290b8940c841196994b08a8e96cdbd901b5c13d8f2bed9,1200,800,RGB,287690,train
PHYTO_RAW_3007,Dataset of groundnut plant leaf images for classification and detection/Raw_Data/rust/IMG_9018.JPG,IMG_9018.JPG,rust,9a85df01d73365f959fc58ddb50c283a497fcfa32dcde15a36f7bfc24f38cb37,1200,800,RGB,312544,train
PHYTO_RAW_3008,Dataset of groundnut plant leaf images for classification and detection/Raw_Data/rust/IMG_9019.JPG,IMG_9019.JPG,rust,1da967ede2f552c34d99ce8be5a7831aeb5733a4c2806ff424ca90aea9833dbf,1200,800,RGB,319408,train
PHYTO_RAW_3009,Dataset of groundnut plant leaf images for classification and detection/Raw_Data/rust/IMG_9020.JPG,IMG_9020.JPG,rust,3dc9342157a1aaa8194920aea1f672ca0a048cdf2e67076ccec0fc5474fec9aa,1200,800,RGB,277286,train
PHYTO_RAW_3010,Dataset of groundnut plant leaf images for classification and detection/Raw_Data/rust/IMG_9021.JPG,IMG_9021.JPG,rust,756ad5abd9cbe5c655c71f2e4c4c57645f14c13bd62a1573b542bb85ca76bdec,1200,800,RGB,243087,train
PHYTO_RAW_3011,Dataset of groundnut plant leaf images for classification and detection/Raw_Data/rust/IMG_9022.JPG,IMG_9022.JPG,rust,229071839f370dd8f2f2787eda4c6f558d0a8a9813a8de67abdfcede0de97359,1200,800,RGB,274415,test
PHYTO_RAW_3012,Dataset of groundnut plant leaf images for classification and detection/Raw_Data/rust/IMG_9023.JPG,IMG_9023.JPG,rust,87b8347ec49b6b7665144af60fb34229068f8d85d58a937ed42d41325105a9ad,1200,800,RGB,278906,train
PHYTO_RAW_3013,Dataset of groundnut plant leaf images for classification and detection/Raw_Data/rust/IMG_9024.JPG,IMG_9024.JPG,rust,1f7ed041dea5123e1f67ed981d61cabf0725036297dc173a8cf1406fb803465c,1200,800,RGB,282211,train
PHYTO_RAW_3014,Dataset of groundnut plant leaf images for classification and detection/Raw_Data/rust/IMG_9025.JPG,IMG_9025.JPG,rust,169ec5c3b1cd02a96d50f1e5aae0bca6442c82aa6c0af68702df0178375eee04,1200,800,RGB,305471,train
PHYTO_RAW_3015,Dataset of groundnut plant leaf images for classification and detection/Raw_Data/rust/IMG_9026.JPG,IMG_9026.JPG,rust,904014cd4664fb5e039e5aef0f7eeb1734343078272e8f897393390bb885382b,1200,800,RGB,308040,train
PHYTO_RAW_3016,Dataset of groundnut plant leaf images for classification and detection/Raw_Data/rust/IMG_9027.JPG,IMG_9027.JPG,rust,d905ad42b0fcefdd0c15c0b5698dd14988226cd459ea4757ffd31f6749523268,1200,800,RGB,547995,train
PHYTO_RAW_3017,Dataset of groundnut plant leaf images for classification and detection/Raw_Data/rust/IMG_9028.JPG,IMG_9028.JPG,rust,ed5193a21083d0771cd3ea430feb8e926ce35d2880e7c92f8c4fb83d395a599f,1200,800,RGB,335781,train
PHYTO_RAW_3018,Dataset of groundnut plant leaf images for classification and detection/Raw_Data/rust/IMG_9029.JPG,IMG_9029.JPG,rust,f1ed654c649b37d12f82ed2895b90836b6cac53979485436259de7dea747ae0f,1200,800,RGB,260977,train
PHYTO_RAW_3019,Dataset of groundnut plant leaf images for classification and detection/Raw_Data/rust/IMG_9030.JPG,IMG_9030.JPG,rust,ed4e34e46699221b5404774a1d01f95709a89140d95fb78954faf52d80fbcf45,1200,800,RGB,254230,train
PHYTO_RAW_3020,Dataset of groundnut plant leaf images for classification and detection/Raw_Data/rust/IMG_9031.JPG,IMG_9031.JPG,rust,48202e694ce34465bfb4cd73a706bf30333f9c07410a3b9fa3cbd5d46a78bab9,1200,800,RGB,251353,test
PHYTO_RAW_3021,Dataset of groundnut plant leaf images for classification and detection/Raw_Data/rust/IMG_9032.JPG,IMG_9032.JPG,rust,232ae6dd23b34ff0e01c21d18736a71b8f222d15d780bcdff78f8ba2f23e34f5,1200,800,RGB,263014,train
PHYTO_RAW_3022,Dataset of groundnut plant leaf images for classification and detection/Raw_Data/rust/IMG_9033.JPG,IMG_9033.JPG,rust,ec69587e810008ae0addfb6f24f59f96d95451cd352a5b08f745a328be3e3a15,1200,800,RGB,211688,train
PHYTO_RAW_3023,Dataset of groundnut plant leaf images for classification and detection/Raw_Data/rust/IMG_9034.JPG,IMG_9034.JPG,rust,c4862b3ade8e55dfcb0892f3b0e6c40c2990e1608010d23a22ebed027327ff9a,1200,800,RGB,221625,train
PHYTO_RAW_3024,Dataset of groundnut plant leaf images for classification and detection/Raw_Data/rust/IMG_9035.JPG,IMG_9035.JPG,rust,60ca53602c7973e6254d8391f4903f38ea760300b3930c87376dae7d349829c9,1200,800,RGB,383326,test
PHYTO_RAW_3025,Dataset of groundnut plant leaf images for classification and detection/Raw_Data/rust/IMG_9036.JPG,IMG_9036.JPG,rust,4b0d34920704cbc34bcaaf219cb8128088364d0d6984eaa4929809661fb8e84b,1200,800,RGB,332414,train
PHYTO_RAW_3026,Dataset of groundnut plant leaf images for classification and detection/Raw_Data/rust/IMG_9037.JPG,IMG_9037.JPG,rust,0a0d0f2737c5a4665d3429087028e106e7fe9f990317748d971767d662661430,1200,800,RGB,314290,train
PHYTO_RAW_3027,Dataset of groundnut plant leaf images for classification and detection/Raw_Data/rust/IMG_9038.JPG,IMG_9038.JPG,rust,7b716a90cdd2c97a8cad765f2630e843070f679fc7904d0bc57843680910e2d9,1200,800,RGB,317287,train
PHYTO_RAW_3028,Dataset of groundnut plant leaf images for classification and detection/Raw_Data/rust/IMG_9041.JPG,IMG_9041.JPG,rust,9dda72ef77286b8e60c9c806ff0e031e484894ba3cd8b652f28d4340f9519d3e,1200,800,RGB,292318,train
PHYTO_RAW_3029,Dataset of groundnut plant leaf images for classification and detection/Raw_Data/rust/IMG_9042.JPG,IMG_9042.JPG,rust,08ce6af3ce30fb56d68ffcc1a06ab52050e1ce63e08e337cff2648440d61780b,1200,800,RGB,311579,train
PHYTO_RAW_3030,Dataset of groundnut plant leaf images for classification and detection/Raw_Data/rust/IMG_9043.JPG,IMG_9043.JPG,rust,afec0075d38d2aadefce1963c3db310ce6294a77499c6ea5a9f1c14b0dd26b6e,1200,800,RGB,281737,test
PHYTO_RAW_3031,Dataset of groundnut plant leaf images for classification and detection/Raw_Data/rust/IMG_9044.JPG,IMG_9044.JPG,rust,835e60c974b715424c967acc4840c052b472889d529074f108c29e3319d604f6,1200,800,RGB,294396,train
PHYTO_RAW_3032,Dataset of groundnut plant leaf images for classification and detection/Raw_Data/rust/IMG_9045.JPG,IMG_9045.JPG,rust,419af2bb085817f47c46290a08505badbd5608f10a5b7206ad39e410162c676e,1200,800,RGB,255313,train
PHYTO_RAW_3033,Dataset of groundnut plant leaf images for classification and detection/Raw_Data/rust/IMG_9046.JPG,IMG_9046.JPG,rust,fa7632b811b6ccc4ceebeb8ec6fe16e003076b0685441d844a19e804ca307ac4,1200,800,RGB,308905,train
PHYTO_RAW_3034,Dataset of groundnut plant leaf images for classification and detection/Raw_Data/rust/IMG_9047.JPG,IMG_9047.JPG,rust,48b9772f7bc841de47dcdba45806eea4245c2a42318a5a070f1e74a92b7d0cdc,1200,800,RGB,285366,train
PHYTO_RAW_3035,Dataset of groundnut plant leaf images for classification and detection/Raw_Data/rust/IMG_9048.JPG,IMG_9048.JPG,rust,d7266adce40c3b3ab87f370bef846914ed83d8e1060f5157a98aa4baf99a1070,1200,800,RGB,267647,train
PHYTO_RAW_3036,Dataset of groundnut plant leaf images for classification and detection/Raw_Data/rust/IMG_9049.JPG,IMG_9049.JPG,rust,bcfe74837dd3fa96c2abdceed1b7d3fb2c28123338865d99d5f0e7134172e835,1200,800,RGB,317311,train
PHYTO_RAW_3037,Dataset of groundnut plant leaf images for classification and detection/Raw_Data/rust/IMG_9050.JPG,IMG_9050.JPG,rust,7608becab1d76573523b063fdbc28ddcb3d95ada82fa8cde88b935ddf8607d90,1200,800,RGB,361280,train
PHYTO_RAW_3038,Dataset of groundnut plant leaf images for classification and detection/Raw_Data/rust/IMG_9051.JPG,IMG_9051.JPG,rust,4c272a0d0c9c186f2605f555c526e1f489cc949fe3b82ada00d07aa2bb46d841,1200,800,RGB,370039,train
PHYTO_RAW_3039,Dataset of groundnut plant leaf images for classification and detection/Raw_Data/rust/IMG_9052.JPG,IMG_9052.JPG,rust,e389e57041bfa66dcabc573ca4e044a0288a4e57ee4f3cdbac1d20ec751d2eaf,1200,800,RGB,362016,train
PHYTO_RAW_3040,Dataset of groundnut plant leaf images for classification and detection/Raw_Data/rust/IMG_9053.JPG,IMG_9053.JPG,rust,d54d74ff00c754d9f9cb0eead8e2d630549aa643209215489a604470b2d27f5e,1200,800,RGB,336179,train
PHYTO_RAW_3041,Dataset of groundnut plant leaf images for classification and detection/Raw_Data/rust/IMG_9054.JPG,IMG_9054.JPG,rust,e2ed1a2d41a759321c539d5a384af4ef1e12df3d7f93bef30e6cda0b66acc649,1200,800,RGB,288077,train
PHYTO_RAW_3042,Dataset of groundnut plant leaf images for classification and detection/Raw_Data/rust/IMG_9055.JPG,IMG_9055.JPG,rust,9d928ec06657a805f651ceb47db4fda7c7d067d980f37af46e5378b0b05875e6,1200,800,RGB,298324,test
PHYTO_RAW_3043,Dataset of groundnut plant leaf images for classification and detection/Raw_Data/rust/IMG_9056.JPG,IMG_9056.JPG,rust,caa770029b4aed2e7fea0f326e12e33c843f3633845b913c6522f8552d45b5f4,1200,800,RGB,361408,train
PHYTO_RAW_3044,Dataset of groundnut plant leaf images for classification and detection/Raw_Data/rust/IMG_9057.JPG,IMG_9057.JPG,rust,ead3f349d91d42f6a0e8bf158c760675189ec0190bdac2a43661dd74bb90ff74,1200,800,RGB,300656,train
PHYTO_RAW_3045,Dataset of groundnut plant leaf images for classification and detection/Raw_Data/rust/IMG_9058.JPG,IMG_9058.JPG,rust,9b85f40838b802cc49bac33d0c3da61cc33a2e54824e92d3db724259fc344aff,1200,800,RGB,302429,train
PHYTO_RAW_3046,Dataset of groundnut plant leaf images for classification and detection/Raw_Data/rust/IMG_9059.JPG,IMG_9059.JPG,rust,de4090293f89d33d4dce50115a5187c30828d6faa6ed4e6eb9220da2fb6546c2,1200,800,RGB,321451,train
PHYTO_RAW_3047,Dataset of groundnut plant leaf images for classification and detection/Raw_Data/rust/IMG_9060.JPG,IMG_9060.JPG,rust,12f133ba55b27071dbcaf87b006f025defe1ea2431d799319fe17df509cd0fff,1200,800,RGB,301784,train
PHYTO_RAW_3048,Dataset of groundnut plant leaf images for classification and detection/Raw_Data/rust/IMG_9061.JPG,IMG_9061.JPG,rust,9aa5c97886b3e51294b09abd0f4bc4ba9c45958fc1ce86c6fb278ae98c9eaa4d,1200,800,RGB,515299,validation
PHYTO_RAW_3049,Dataset of groundnut plant leaf images for classification and detection/Raw_Data/rust/IMG_9062.JPG,IMG_9062.JPG,rust,e15acf495c5cc4fc3a791ca4a5d25991f6109b4ab7bf4309d05cf29d3dd37257,1200,800,RGB,499552,train
PHYTO_RAW_3050,Dataset of groundnut plant leaf images for classification and detection/Raw_Data/rust/IMG_9063.JPG,IMG_9063.JPG,rust,2027ed90b8bab03a2d80ae563b2fbc817a8a397054e98396c6f3b48bdd31c1cb,1200,800,RGB,510764,train
PHYTO_RAW_3051,Dataset of groundnut plant leaf images for classification and detection/Raw_Data/rust/IMG_9064.JPG,IMG_9064.JPG,rust,e12494dcecb4ea568d7ff5c88a5f1bbe16e9ae9d92f176ebd0ffa11cbd5b3628,1200,800,RGB,515462,train
PHYTO_RAW_3052,Dataset of groundnut plant leaf images for classification and detection/Raw_Data/rust/IMG_9065.JPG,IMG_9065.JPG,rust,93ff5c86b8585eeb46c5955c9d4d7be6b1438a17364b48fbb96c5197690180b3,1200,800,RGB,274756,validation
PHYTO_RAW_3053,Dataset of groundnut plant leaf images for classification and detection/Raw_Data/rust/IMG_9066.JPG,IMG_9066.JPG,rust,e46b362ffead11f8fe4a4bed1a9be2fb93c51db41524c32cf18cee4500c33dfd,1200,800,RGB,296336,validation
PHYTO_RAW_3054,Dataset of groundnut plant leaf images for classification and detection/Raw_Data/rust/IMG_9067.JPG,IMG_9067.JPG,rust,0c0e18a7ae10788f461d77147fdb79365284f442f7459444b49214c4dc6681a0,1200,800,RGB,275889,train
PHYTO_RAW_3055,Dataset of groundnut plant leaf images for classification and detection/Raw_Data/rust/IMG_9068.JPG,IMG_9068.JPG,rust,a6345f3ba0333db7100f91bb9465b2e2974e0f837e7f2acb81c6203c4e797138,1200,800,RGB,369441,train
PHYTO_RAW_3056,Dataset of groundnut plant leaf images for classification and detection/Raw_Data/rust/IMG_9069.JPG,IMG_9069.JPG,rust,36414f3ba0fb05ac93b05a591c2c318c1a4347706e3729eefe1ee02904ae8502,1200,800,RGB,549121,train
PHYTO_RAW_3057,Dataset of groundnut plant leaf images for classification and detection/Raw_Data/rust/lower_surface.JPG,lower_surface.JPG,rust,f932e43be07cfd775a453cbaa1ffc8df2f21026203ffc5bdc6f20ec9c154edaa,1200,800,RGB,208424,train
PHYTO_RAW_3058,Dataset of groundnut plant leaf images for classification and detection/Raw_Data/rust/upper_surface.JPG,upper_surface.JPG,rust,40db2fbcc30c8ce7b212a85992dfe30806e2f4e2e4fb77d1a5e75de761c6a3b9,1200,800,RGB,256928,validation
